ISO-10303-21;
HEADER;
/* Generated by software containing ST-Developer
 * from STEP Tools, Inc. (www.steptools.com) 
 */

FILE_DESCRIPTION(
/* description */ (''),
/* implementation_level */ '2;1');

FILE_NAME(
/* name */ '30b9f80e-c566-4dc1-a81f-fa2a453c1a28.stp',
/* time_stamp */ '2025-07-07T17:41:46Z',
/* author */ (''),
/* organization */ (''),
/* preprocessor_version */ 'ST-DEVELOPER v20.1',
/* originating_system */ 'Autodesk Translation Framework v14.10.0.0',
/* authorisation */ '');

FILE_SCHEMA (('AUTOMOTIVE_DESIGN { 1 0 10303 214 3 1 1 }'));
ENDSEC;

DATA;
#10=MECHANICAL_DESIGN_GEOMETRIC_PRESENTATION_REPRESENTATION('',(#13),#10551);
#11=SHAPE_REPRESENTATION_RELATIONSHIP('SRR','None',#10558,#12);
#12=ADVANCED_BREP_SHAPE_REPRESENTATION('',(#14),#10550);
#13=STYLED_ITEM('',(#10567),#14);
#14=MANIFOLD_SOLID_BREP('Body1',#5443);
#15=CYLINDRICAL_SURFACE('',#5559,2.);
#16=CYLINDRICAL_SURFACE('',#5561,2.);
#17=CYLINDRICAL_SURFACE('',#5564,3.);
#18=CYLINDRICAL_SURFACE('',#5567,3.);
#19=CYLINDRICAL_SURFACE('',#5587,2.);
#20=CYLINDRICAL_SURFACE('',#5589,2.);
#21=CYLINDRICAL_SURFACE('',#5602,3.);
#22=CYLINDRICAL_SURFACE('',#5604,3.);
#23=CIRCLE('',#5508,2.);
#24=CIRCLE('',#5509,2.);
#25=CIRCLE('',#5510,2.);
#26=CIRCLE('',#5511,2.);
#27=CIRCLE('',#5551,3.);
#28=CIRCLE('',#5552,3.);
#29=CIRCLE('',#5553,3.);
#30=CIRCLE('',#5554,3.);
#31=CIRCLE('',#5555,2.);
#32=CIRCLE('',#5556,2.);
#33=CIRCLE('',#5557,2.);
#34=CIRCLE('',#5558,2.);
#35=CIRCLE('',#5565,3.);
#36=CIRCLE('',#5568,3.);
#37=CIRCLE('',#5600,3.);
#38=CIRCLE('',#5601,3.);
#39=B_SPLINE_SURFACE_WITH_KNOTS('',3,1,((#7654,#7655),(#7656,#7657),(#7658,
#7659),(#7660,#7661),(#7662,#7663)),.UNSPECIFIED.,.F.,.F.,.F.,(4,1,4),(2,
2),(-0.0375706536045767,-0.0190959449452346,0.),(-0.3,0.1),
 .UNSPECIFIED.);
#40=B_SPLINE_SURFACE_WITH_KNOTS('',3,1,((#7675,#7676),(#7677,#7678),(#7679,
#7680),(#7681,#7682),(#7683,#7684)),.UNSPECIFIED.,.F.,.F.,.F.,(4,1,4),(2,
2),(-0.0374423416753164,-0.0184663548520697,0.),(-0.3,0.1),
 .UNSPECIFIED.);
#41=B_SPLINE_SURFACE_WITH_KNOTS('',3,1,((#7694,#7695),(#7696,#7697),(#7698,
#7699),(#7700,#7701),(#7702,#7703)),.UNSPECIFIED.,.F.,.F.,.F.,(4,1,4),(2,
2),(-0.0531052518023584,-0.0265842928634939,0.),(-0.3,0.1),
 .UNSPECIFIED.);
#42=B_SPLINE_SURFACE_WITH_KNOTS('',3,1,((#7713,#7714),(#7715,#7716),(#7717,
#7718),(#7719,#7720),(#7721,#7722)),.UNSPECIFIED.,.F.,.F.,.F.,(4,1,4),(2,
2),(-0.0689374901736245,-0.0299136962962408,0.),(-0.3,0.1),
 .UNSPECIFIED.);
#43=B_SPLINE_SURFACE_WITH_KNOTS('',3,1,((#7732,#7733),(#7734,#7735),(#7736,
#7737),(#7738,#7739),(#7740,#7741)),.UNSPECIFIED.,.F.,.F.,.F.,(4,1,4),(2,
2),(-0.0509101703663081,-0.0257896744739677,0.),(-0.3,0.1),
 .UNSPECIFIED.);
#44=B_SPLINE_SURFACE_WITH_KNOTS('',3,1,((#7753,#7754),(#7755,#7756),(#7757,
#7758),(#7759,#7760),(#7761,#7762)),.UNSPECIFIED.,.F.,.F.,.F.,(4,1,4),(2,
2),(-0.0505218587402845,-0.0251627462122679,0.),(-0.3,0.1),
 .UNSPECIFIED.);
#45=B_SPLINE_SURFACE_WITH_KNOTS('',3,1,((#7772,#7773),(#7774,#7775),(#7776,
#7777),(#7778,#7779),(#7780,#7781)),.UNSPECIFIED.,.F.,.F.,.F.,(4,1,4),(2,
2),(-0.0528053818734981,-0.0269560558947564,0.),(-0.3,0.1),
 .UNSPECIFIED.);
#46=B_SPLINE_SURFACE_WITH_KNOTS('',3,1,((#7791,#7792),(#7793,#7794),(#7795,
#7796),(#7797,#7798),(#7799,#7800)),.UNSPECIFIED.,.F.,.F.,.F.,(4,1,4),(2,
2),(-0.0507588205002873,-0.0253412565539259,0.),(-0.3,0.1),
 .UNSPECIFIED.);
#47=B_SPLINE_SURFACE_WITH_KNOTS('',3,1,((#7810,#7811),(#7812,#7813),(#7814,
#7815),(#7816,#7817),(#7818,#7819)),.UNSPECIFIED.,.F.,.F.,.F.,(4,1,4),(2,
2),(-0.0515674194270066,-0.0257598792538158,0.),(-0.3,0.1),
 .UNSPECIFIED.);
#48=B_SPLINE_SURFACE_WITH_KNOTS('',3,1,((#7829,#7830),(#7831,#7832),(#7833,
#7834),(#7835,#7836),(#7837,#7838)),.UNSPECIFIED.,.F.,.F.,.F.,(4,1,4),(2,
2),(-0.0509439531628044,-0.0224521725221467,0.),(-0.3,0.1),
 .UNSPECIFIED.);
#49=B_SPLINE_SURFACE_WITH_KNOTS('',3,1,((#7862,#7863),(#7864,#7865),(#7866,
#7867),(#7868,#7869),(#7870,#7871)),.UNSPECIFIED.,.F.,.F.,.F.,(4,1,4),(2,
2),(-0.0388489804594588,-0.0226619730700775,0.),(-0.3,0.1),
 .UNSPECIFIED.);
#50=B_SPLINE_SURFACE_WITH_KNOTS('',3,1,((#7881,#7882),(#7883,#7884),(#7885,
#7886),(#7887,#7888),(#7889,#7890)),.UNSPECIFIED.,.F.,.F.,.F.,(4,1,4),(2,
2),(-0.0256769408586326,-0.0127600593941019,0.),(-0.3,0.1),
 .UNSPECIFIED.);
#51=B_SPLINE_SURFACE_WITH_KNOTS('',3,1,((#7900,#7901),(#7902,#7903),(#7904,
#7905),(#7906,#7907),(#7908,#7909)),.UNSPECIFIED.,.F.,.F.,.F.,(4,1,4),(2,
2),(-0.0298682024097473,-0.0140396322770962,0.),(-0.3,0.1),
 .UNSPECIFIED.);
#52=B_SPLINE_SURFACE_WITH_KNOTS('',3,1,((#7919,#7920),(#7921,#7922),(#7923,
#7924),(#7925,#7926),(#7927,#7928)),.UNSPECIFIED.,.F.,.F.,.F.,(4,1,4),(2,
2),(-0.0445671370350429,-0.0252179858256399,0.),(-0.3,0.1),
 .UNSPECIFIED.);
#53=B_SPLINE_SURFACE_WITH_KNOTS('',3,1,((#7938,#7939),(#7940,#7941),(#7942,
#7943),(#7944,#7945),(#7946,#7947)),.UNSPECIFIED.,.F.,.F.,.F.,(4,1,4),(2,
2),(-0.0531638928225973,-0.0214631681629251,0.),(-0.3,0.1),
 .UNSPECIFIED.);
#54=B_SPLINE_SURFACE_WITH_KNOTS('',3,1,((#7957,#7958),(#7959,#7960),(#7961,
#7962),(#7963,#7964),(#7965,#7966)),.UNSPECIFIED.,.F.,.F.,.F.,(4,1,4),(2,
2),(-0.0497542041228372,-0.0278647861221751,0.),(-0.3,0.1),
 .UNSPECIFIED.);
#55=B_SPLINE_SURFACE_WITH_KNOTS('',3,1,((#7978,#7979),(#7980,#7981),(#7982,
#7983),(#7984,#7985),(#7986,#7987)),.UNSPECIFIED.,.F.,.F.,.F.,(4,1,4),(2,
2),(-0.0341775802373565,-0.0181132267141105,0.),(-0.3,0.1),
 .UNSPECIFIED.);
#56=B_SPLINE_SURFACE_WITH_KNOTS('',3,1,((#7997,#7998),(#7999,#8000),(#8001,
#8002),(#8003,#8004),(#8005,#8006)),.UNSPECIFIED.,.F.,.F.,.F.,(4,1,4),(2,
2),(-0.0346041302916491,-0.0142170143591339,0.),(-0.3,0.1),
 .UNSPECIFIED.);
#57=B_SPLINE_SURFACE_WITH_KNOTS('',3,1,((#8024,#8025),(#8026,#8027),(#8028,
#8029),(#8030,#8031),(#8032,#8033)),.UNSPECIFIED.,.F.,.F.,.F.,(4,1,4),(2,
2),(-0.0408398986471294,-0.0215281734536584,0.),(-0.3,0.1),
 .UNSPECIFIED.);
#58=B_SPLINE_SURFACE_WITH_KNOTS('',3,1,((#8045,#8046),(#8047,#8048),(#8049,
#8050),(#8051,#8052),(#8053,#8054)),.UNSPECIFIED.,.F.,.F.,.F.,(4,1,4),(2,
2),(-0.0322728194160731,-0.0171890123810856,0.),(-0.3,0.1),
 .UNSPECIFIED.);
#59=B_SPLINE_SURFACE_WITH_KNOTS('',3,1,((#8064,#8065),(#8066,#8067),(#8068,
#8069),(#8070,#8071),(#8072,#8073)),.UNSPECIFIED.,.F.,.F.,.F.,(4,1,4),(2,
2),(-0.0258109058188573,-0.0134918584035409,0.),(-0.3,0.1),
 .UNSPECIFIED.);
#60=B_SPLINE_SURFACE_WITH_KNOTS('',3,1,((#8083,#8084),(#8085,#8086),(#8087,
#8088),(#8089,#8090),(#8091,#8092)),.UNSPECIFIED.,.F.,.F.,.F.,(4,1,4),(2,
2),(-0.025994136405511,-0.0123664080347964,0.),(-0.3,0.1),.UNSPECIFIED.);
#61=B_SPLINE_SURFACE_WITH_KNOTS('',3,1,((#8102,#8103),(#8104,#8105),(#8106,
#8107),(#8108,#8109),(#8110,#8111)),.UNSPECIFIED.,.F.,.F.,.F.,(4,1,4),(2,
2),(-0.0323657803643825,-0.0152401543353864,0.),(-0.3,0.1),
 .UNSPECIFIED.);
#62=B_SPLINE_SURFACE_WITH_KNOTS('',3,1,((#8125,#8126),(#8127,#8128),(#8129,
#8130),(#8131,#8132),(#8133,#8134)),.UNSPECIFIED.,.F.,.F.,.F.,(4,1,4),(2,
2),(-0.0184352677180871,-0.0087326010485897,0.),(-0.3,0.1),
 .UNSPECIFIED.);
#63=B_SPLINE_SURFACE_WITH_KNOTS('',3,1,((#8146,#8147),(#8148,#8149),(#8150,
#8151),(#8152,#8153),(#8154,#8155)),.UNSPECIFIED.,.F.,.F.,.F.,(4,1,4),(2,
2),(-0.0183570288349473,-0.00943800645885243,0.),(-0.3,0.1),
 .UNSPECIFIED.);
#64=B_SPLINE_SURFACE_WITH_KNOTS('',3,1,((#8165,#8166),(#8167,#8168),(#8169,
#8170),(#8171,#8172),(#8173,#8174)),.UNSPECIFIED.,.F.,.F.,.F.,(4,1,4),(2,
2),(-0.0174205958502796,-0.00861940732719979,0.),(-0.3,0.1),
 .UNSPECIFIED.);
#65=B_SPLINE_SURFACE_WITH_KNOTS('',3,1,((#8184,#8185),(#8186,#8187),(#8188,
#8189),(#8190,#8191),(#8192,#8193)),.UNSPECIFIED.,.F.,.F.,.F.,(4,1,4),(2,
2),(-0.0306175716761076,-0.0122208964991399,0.),(-0.3,0.1),
 .UNSPECIFIED.);
#66=B_SPLINE_SURFACE_WITH_KNOTS('',3,1,((#8207,#8208),(#8209,#8210),(#8211,
#8212),(#8213,#8214),(#8215,#8216)),.UNSPECIFIED.,.F.,.F.,.F.,(4,1,4),(2,
2),(-0.0174441769199926,-0.00840286120191198,0.),(-0.3,0.1),
 .UNSPECIFIED.);
#67=B_SPLINE_SURFACE_WITH_KNOTS('',3,1,((#8228,#8229),(#8230,#8231),(#8232,
#8233),(#8234,#8235),(#8236,#8237)),.UNSPECIFIED.,.F.,.F.,.F.,(4,1,4),(2,
2),(-0.0205129882204236,-0.0105512946801049,0.),(-0.3,0.1),
 .UNSPECIFIED.);
#68=B_SPLINE_SURFACE_WITH_KNOTS('',3,1,((#8247,#8248),(#8249,#8250),(#8251,
#8252),(#8253,#8254),(#8255,#8256)),.UNSPECIFIED.,.F.,.F.,.F.,(4,1,4),(2,
2),(-0.0199476242806626,-0.00980440196935119,0.),(-0.3,0.1),
 .UNSPECIFIED.);
#69=B_SPLINE_SURFACE_WITH_KNOTS('',3,1,((#8266,#8267),(#8268,#8269),(#8270,
#8271),(#8272,#8273),(#8274,#8275)),.UNSPECIFIED.,.F.,.F.,.F.,(4,1,4),(2,
2),(-0.0295348483380186,-0.0126486694000439,0.),(-0.3,0.1),
 .UNSPECIFIED.);
#70=B_SPLINE_SURFACE_WITH_KNOTS('',3,1,((#8289,#8290),(#8291,#8292),(#8293,
#8294),(#8295,#8296),(#8297,#8298)),.UNSPECIFIED.,.F.,.F.,.F.,(4,1,4),(2,
2),(-0.0281323735578324,-0.0134509102856662,0.),(-0.3,0.1),
 .UNSPECIFIED.);
#71=B_SPLINE_SURFACE_WITH_KNOTS('',3,1,((#8310,#8311),(#8312,#8313),(#8314,
#8315),(#8316,#8317),(#8318,#8319)),.UNSPECIFIED.,.F.,.F.,.F.,(4,1,4),(2,
2),(-0.0337216400270497,-0.0175868937166586,0.),(-0.3,0.1),
 .UNSPECIFIED.);
#72=B_SPLINE_SURFACE_WITH_KNOTS('',3,1,((#8329,#8330),(#8331,#8332),(#8333,
#8334),(#8335,#8336),(#8337,#8338)),.UNSPECIFIED.,.F.,.F.,.F.,(4,1,4),(2,
2),(-0.0322659880780414,-0.0157817522312668,0.),(-0.3,0.1),
 .UNSPECIFIED.);
#73=B_SPLINE_SURFACE_WITH_KNOTS('',3,1,((#8348,#8349),(#8350,#8351),(#8352,
#8353),(#8354,#8355),(#8356,#8357)),.UNSPECIFIED.,.F.,.F.,.F.,(4,1,4),(2,
2),(-0.0269712624612699,-0.0136382434849087,0.),(-0.3,0.1),
 .UNSPECIFIED.);
#74=B_SPLINE_SURFACE_WITH_KNOTS('',3,1,((#8367,#8368),(#8369,#8370),(#8371,
#8372),(#8373,#8374),(#8375,#8376)),.UNSPECIFIED.,.F.,.F.,.F.,(4,1,4),(2,
2),(-0.0238699394109356,-0.0125829921242232,0.),(-0.3,0.1),
 .UNSPECIFIED.);
#75=B_SPLINE_SURFACE_WITH_KNOTS('',3,1,((#8386,#8387),(#8388,#8389),(#8390,
#8391),(#8392,#8393),(#8394,#8395)),.UNSPECIFIED.,.F.,.F.,.F.,(4,1,4),(2,
2),(-0.0241439723060694,-0.0113949990907615,0.),(-0.3,0.1),
 .UNSPECIFIED.);
#76=B_SPLINE_SURFACE_WITH_KNOTS('',3,1,((#8405,#8406),(#8407,#8408),(#8409,
#8410),(#8411,#8412),(#8413,#8414)),.UNSPECIFIED.,.F.,.F.,.F.,(4,1,4),(2,
2),(-0.0324974666486105,-0.0148616263968498,0.),(-0.3,0.1),
 .UNSPECIFIED.);
#77=B_SPLINE_SURFACE_WITH_KNOTS('',3,1,((#8424,#8425),(#8426,#8427),(#8428,
#8429),(#8430,#8431),(#8432,#8433)),.UNSPECIFIED.,.F.,.F.,.F.,(4,1,4),(2,
2),(-0.0397206208143319,-0.0197130644333818,0.),(-0.3,0.1),
 .UNSPECIFIED.);
#78=B_SPLINE_SURFACE_WITH_KNOTS('',3,1,((#8467,#8468),(#8469,#8470),(#8471,
#8472),(#8473,#8474),(#8475,#8476)),.UNSPECIFIED.,.F.,.F.,.F.,(4,1,4),(2,
2),(-0.0189139259887251,-0.0094914561049162,0.),(-0.3,0.1),
 .UNSPECIFIED.);
#79=B_SPLINE_SURFACE_WITH_KNOTS('',3,1,((#8488,#8489),(#8490,#8491),(#8492,
#8493),(#8494,#8495),(#8496,#8497)),.UNSPECIFIED.,.F.,.F.,.F.,(4,1,4),(2,
2),(-0.0261375450332076,-0.0131802920909774,0.),(-0.3,0.1),
 .UNSPECIFIED.);
#80=B_SPLINE_SURFACE_WITH_KNOTS('',3,1,((#8507,#8508),(#8509,#8510),(#8511,
#8512),(#8513,#8514),(#8515,#8516)),.UNSPECIFIED.,.F.,.F.,.F.,(4,1,4),(2,
2),(-0.0343372787340665,-0.0149490086352967,0.),(-0.3,0.1),
 .UNSPECIFIED.);
#81=B_SPLINE_SURFACE_WITH_KNOTS('',3,1,((#8530,#8531),(#8532,#8533),(#8534,
#8535),(#8536,#8537),(#8538,#8539)),.UNSPECIFIED.,.F.,.F.,.F.,(4,1,4),(2,
2),(-0.0345669394569536,-0.0164547939460784,0.),(-0.3,0.1),
 .UNSPECIFIED.);
#82=B_SPLINE_SURFACE_WITH_KNOTS('',3,1,((#8563,#8564),(#8565,#8566),(#8567,
#8568),(#8569,#8570),(#8571,#8572)),.UNSPECIFIED.,.F.,.F.,.F.,(4,1,4),(2,
2),(-0.0335376674931603,-0.0190891399839237,0.),(-0.3,0.1),
 .UNSPECIFIED.);
#83=B_SPLINE_SURFACE_WITH_KNOTS('',3,1,((#8582,#8583),(#8584,#8585),(#8586,
#8587),(#8588,#8589),(#8590,#8591)),.UNSPECIFIED.,.F.,.F.,.F.,(4,1,4),(2,
2),(-0.0190145614919271,-0.0107916701217912,0.),(-0.3,0.1),
 .UNSPECIFIED.);
#84=B_SPLINE_SURFACE_WITH_KNOTS('',3,1,((#8601,#8602),(#8603,#8604),(#8605,
#8606),(#8607,#8608),(#8609,#8610)),.UNSPECIFIED.,.F.,.F.,.F.,(4,1,4),(2,
2),(-0.0132400086571408,-0.0068063219211146,0.),(-0.3,0.1),
 .UNSPECIFIED.);
#85=B_SPLINE_SURFACE_WITH_KNOTS('',3,1,((#8620,#8621),(#8622,#8623),(#8624,
#8625),(#8626,#8627),(#8628,#8629)),.UNSPECIFIED.,.F.,.F.,.F.,(4,1,4),(2,
2),(-0.0147802144303132,-0.00597754248194552,0.),(-0.3,0.1),
 .UNSPECIFIED.);
#86=B_SPLINE_SURFACE_WITH_KNOTS('',3,1,((#8647,#8648),(#8649,#8650),(#8651,
#8652),(#8653,#8654),(#8655,#8656)),.UNSPECIFIED.,.F.,.F.,.F.,(4,1,4),(2,
2),(-0.0375706853289275,-0.0190959766695854,0.),(-0.3,0.1),
 .UNSPECIFIED.);
#87=B_SPLINE_SURFACE_WITH_KNOTS('',3,1,((#8668,#8669),(#8670,#8671),(#8672,
#8673),(#8674,#8675),(#8676,#8677)),.UNSPECIFIED.,.F.,.F.,.F.,(4,1,4),(2,
2),(-0.037442350964183,-0.0184662459764225,0.),(-0.3,0.1),.UNSPECIFIED.);
#88=B_SPLINE_SURFACE_WITH_KNOTS('',3,1,((#8687,#8688),(#8689,#8690),(#8691,
#8692),(#8693,#8694),(#8695,#8696)),.UNSPECIFIED.,.F.,.F.,.F.,(4,1,4),(2,
2),(-0.0531052062007187,-0.0265843221706205,0.),(-0.3,0.1),
 .UNSPECIFIED.);
#89=B_SPLINE_SURFACE_WITH_KNOTS('',3,1,((#8706,#8707),(#8708,#8709),(#8710,
#8711),(#8712,#8713),(#8714,#8715)),.UNSPECIFIED.,.F.,.F.,.F.,(4,1,4),(2,
2),(-0.0689375429893091,-0.0299137568477954,0.),(-0.3,0.1),
 .UNSPECIFIED.);
#90=B_SPLINE_SURFACE_WITH_KNOTS('',3,1,((#8725,#8726),(#8727,#8728),(#8729,
#8730),(#8731,#8732),(#8733,#8734)),.UNSPECIFIED.,.F.,.F.,.F.,(4,1,4),(2,
2),(-0.0509102177079966,-0.0257896744739677,0.),(-0.3,0.1),
 .UNSPECIFIED.);
#91=B_SPLINE_SURFACE_WITH_KNOTS('',3,1,((#8746,#8747),(#8748,#8749),(#8750,
#8751),(#8752,#8753),(#8754,#8755)),.UNSPECIFIED.,.F.,.F.,.F.,(4,1,4),(2,
2),(-0.0505218587402845,-0.0251627462122679,0.),(-0.3,0.1),
 .UNSPECIFIED.);
#92=B_SPLINE_SURFACE_WITH_KNOTS('',3,1,((#8765,#8766),(#8767,#8768),(#8769,
#8770),(#8771,#8772),(#8773,#8774)),.UNSPECIFIED.,.F.,.F.,.F.,(4,1,4),(2,
2),(-0.0528054136309349,-0.0269561150203783,0.),(-0.3,0.1),
 .UNSPECIFIED.);
#93=B_SPLINE_SURFACE_WITH_KNOTS('',3,1,((#8784,#8785),(#8786,#8787),(#8788,
#8789),(#8790,#8791),(#8792,#8793)),.UNSPECIFIED.,.F.,.F.,.F.,(4,1,4),(2,
2),(-0.0507587975169959,-0.0253412335706345,0.),(-0.3,0.1),
 .UNSPECIFIED.);
#94=B_SPLINE_SURFACE_WITH_KNOTS('',3,1,((#8803,#8804),(#8805,#8806),(#8807,
#8808),(#8809,#8810),(#8811,#8812)),.UNSPECIFIED.,.F.,.F.,.F.,(4,1,4),(2,
2),(-0.0515674293891953,-0.0257598991410298,0.),(-0.3,0.1),
 .UNSPECIFIED.);
#95=B_SPLINE_SURFACE_WITH_KNOTS('',3,1,((#9855,#9856),(#9857,#9858),(#9859,
#9860),(#9861,#9862),(#9863,#9864)),.UNSPECIFIED.,.F.,.F.,.F.,(4,1,4),(2,
2),(-0.0562019219293388,-0.0289829265070487,0.),(-0.3,0.1),
 .UNSPECIFIED.);
#96=B_SPLINE_SURFACE_WITH_KNOTS('',3,1,((#9866,#9867),(#9868,#9869),(#9870,
#9871),(#9872,#9873),(#9874,#9875)),.UNSPECIFIED.,.F.,.F.,.F.,(4,1,4),(2,
2),(-0.0553049029767632,-0.0267280382187062,0.),(-0.3,0.1),
 .UNSPECIFIED.);
#97=B_SPLINE_SURFACE_WITH_KNOTS('',3,1,((#9877,#9878),(#9879,#9880),(#9881,
#9882),(#9883,#9884),(#9885,#9886)),.UNSPECIFIED.,.F.,.F.,.F.,(4,1,4),(2,
2),(-0.0506584938475579,-0.025197496098238,0.),(-0.3,0.1),.UNSPECIFIED.);
#98=B_SPLINE_SURFACE_WITH_KNOTS('',3,1,((#9888,#9889),(#9890,#9891),(#9892,
#9893),(#9894,#9895),(#9896,#9897)),.UNSPECIFIED.,.F.,.F.,.F.,(4,1,4),(2,
2),(-0.0521407107337479,-0.0265371704086009,0.),(-0.3,0.1),
 .UNSPECIFIED.);
#99=B_SPLINE_SURFACE_WITH_KNOTS('',3,1,((#9899,#9900),(#9901,#9902),(#9903,
#9904),(#9905,#9906),(#9907,#9908)),.UNSPECIFIED.,.F.,.F.,.F.,(4,1,4),(2,
2),(-0.0762528763476188,-0.0372085939914093,0.),(-0.3,0.1),
 .UNSPECIFIED.);
#100=B_SPLINE_SURFACE_WITH_KNOTS('',3,1,((#9910,#9911),(#9912,#9913),(#9914,
#9915),(#9916,#9917),(#9918,#9919)),.UNSPECIFIED.,.F.,.F.,.F.,(4,1,4),(2,
2),(-0.0840007959443115,-0.0448900356274538,0.),(-0.3,0.1),
 .UNSPECIFIED.);
#101=B_SPLINE_SURFACE_WITH_KNOTS('',3,1,((#9920,#9921),(#9922,#9923),(#9924,
#9925),(#9926,#9927),(#9928,#9929)),.UNSPECIFIED.,.F.,.F.,.F.,(4,1,4),(2,
2),(-0.0436726520913926,-0.0229612533326995,0.),(-0.3,0.1),
 .UNSPECIFIED.);
#102=B_SPLINE_SURFACE_WITH_KNOTS('',3,1,((#9931,#9932),(#9933,#9934),(#9935,
#9936),(#9937,#9938),(#9939,#9940)),.UNSPECIFIED.,.F.,.F.,.F.,(4,1,4),(2,
2),(-0.0637921054309106,-0.0292446288274306,0.),(-0.3,0.1),
 .UNSPECIFIED.);
#103=B_SPLINE_SURFACE_WITH_KNOTS('',3,1,((#9942,#9943),(#9944,#9945),(#9946,
#9947),(#9948,#9949),(#9950,#9951)),.UNSPECIFIED.,.F.,.F.,.F.,(4,1,4),(2,
2),(-0.0547539971375457,-0.0277358533428891,0.),(-0.3,0.1),
 .UNSPECIFIED.);
#104=B_SPLINE_SURFACE_WITH_KNOTS('',3,1,((#9953,#9954),(#9955,#9956),(#9957,
#9958),(#9959,#9960),(#9961,#9962)),.UNSPECIFIED.,.F.,.F.,.F.,(4,1,4),(2,
2),(-0.0542588869381502,-0.026901132252548,0.),(-0.3,0.1),.UNSPECIFIED.);
#105=B_SPLINE_SURFACE_WITH_KNOTS('',3,1,((#9964,#9965),(#9966,#9967),(#9968,
#9969),(#9970,#9971),(#9972,#9973)),.UNSPECIFIED.,.F.,.F.,.F.,(4,1,4),(2,
2),(-0.061311632981412,-0.0326792655457965,0.),(-0.3,0.1),.UNSPECIFIED.);
#106=B_SPLINE_SURFACE_WITH_KNOTS('',3,1,((#9979,#9980),(#9981,#9982),(#9983,
#9984),(#9985,#9986),(#9987,#9988)),.UNSPECIFIED.,.F.,.F.,.F.,(4,1,4),(2,
2),(-0.0485579100105158,-0.02710008879298,0.),(-0.3,0.1),.UNSPECIFIED.);
#107=B_SPLINE_SURFACE_WITH_KNOTS('',3,1,((#9990,#9991),(#9992,#9993),(#9994,
#9995),(#9996,#9997),(#9998,#9999)),.UNSPECIFIED.,.F.,.F.,.F.,(4,1,4),(2,
2),(-0.0384573203448585,-0.0187117209018686,0.),(-0.3,0.1),
 .UNSPECIFIED.);
#108=B_SPLINE_SURFACE_WITH_KNOTS('',3,1,((#10001,#10002),(#10003,#10004),
(#10005,#10006),(#10007,#10008),(#10009,#10010)),.UNSPECIFIED.,.F.,.F.,
 .F.,(4,1,4),(2,2),(-0.0484981824170798,-0.0222082832908783,0.),(-0.3,0.1),
 .UNSPECIFIED.);
#109=B_SPLINE_SURFACE_WITH_KNOTS('',3,1,((#10012,#10013),(#10014,#10015),
(#10016,#10017),(#10018,#10019),(#10020,#10021)),.UNSPECIFIED.,.F.,.F.,
 .F.,(4,1,4),(2,2),(-0.0473431561699696,-0.0256602331094,0.),(-0.3,0.1),
 .UNSPECIFIED.);
#110=B_SPLINE_SURFACE_WITH_KNOTS('',3,1,((#10023,#10024),(#10025,#10026),
(#10027,#10028),(#10029,#10030),(#10031,#10032)),.UNSPECIFIED.,.F.,.F.,
 .F.,(4,1,4),(2,2),(-0.0384929776416187,-0.0193644063245797,0.),(-0.3,0.1),
 .UNSPECIFIED.);
#111=B_SPLINE_SURFACE_WITH_KNOTS('',3,1,((#10034,#10035),(#10036,#10037),
(#10038,#10039),(#10040,#10041),(#10042,#10043)),.UNSPECIFIED.,.F.,.F.,
 .F.,(4,1,4),(2,2),(-0.048383750810508,-0.0230519165717755,0.),(-0.3,0.1),
 .UNSPECIFIED.);
#112=B_SPLINE_SURFACE_WITH_KNOTS('',3,1,((#10045,#10046),(#10047,#10048),
(#10049,#10050),(#10051,#10052),(#10053,#10054)),.UNSPECIFIED.,.F.,.F.,
 .F.,(4,1,4),(2,2),(-0.0419201837743928,-0.0205713764547444,0.),(-0.3,0.1),
 .UNSPECIFIED.);
#113=B_SPLINE_SURFACE_WITH_KNOTS('',3,1,((#10056,#10057),(#10058,#10059),
(#10060,#10061),(#10062,#10063),(#10064,#10065)),.UNSPECIFIED.,.F.,.F.,
 .F.,(4,1,4),(2,2),(-0.032885599780034,-0.0168701182720157,0.),(-0.3,0.1),
 .UNSPECIFIED.);
#114=B_SPLINE_SURFACE_WITH_KNOTS('',3,1,((#10067,#10068),(#10069,#10070),
(#10071,#10072),(#10073,#10074),(#10075,#10076)),.UNSPECIFIED.,.F.,.F.,
 .F.,(4,1,4),(2,2),(-0.0357725080957147,-0.0205786930138864,0.),(-0.3,0.1),
 .UNSPECIFIED.);
#115=B_SPLINE_SURFACE_WITH_KNOTS('',3,1,((#10081,#10082),(#10083,#10084),
(#10085,#10086),(#10087,#10088),(#10089,#10090)),.UNSPECIFIED.,.F.,.F.,
 .F.,(4,1,4),(2,2),(-0.0390172189525547,-0.0180177239475365,0.),(-0.3,0.1),
 .UNSPECIFIED.);
#116=B_SPLINE_SURFACE_WITH_KNOTS('',3,1,((#10092,#10093),(#10094,#10095),
(#10096,#10097),(#10098,#10099),(#10100,#10101)),.UNSPECIFIED.,.F.,.F.,
 .F.,(4,1,4),(2,2),(-0.0294500743401084,-0.0138509235894686,0.),(-0.3,0.1),
 .UNSPECIFIED.);
#117=B_SPLINE_SURFACE_WITH_KNOTS('',3,1,((#10103,#10104),(#10105,#10106),
(#10107,#10108),(#10109,#10110),(#10111,#10112)),.UNSPECIFIED.,.F.,.F.,
 .F.,(4,1,4),(2,2),(-0.02086427819246,-0.0110416150103208,0.),(-0.3,0.1),
 .UNSPECIFIED.);
#118=B_SPLINE_SURFACE_WITH_KNOTS('',3,1,((#10114,#10115),(#10116,#10117),
(#10118,#10119),(#10120,#10121),(#10122,#10123)),.UNSPECIFIED.,.F.,.F.,
 .F.,(4,1,4),(2,2),(-0.0313429484295229,-0.0176741339763233,0.),(-0.3,0.1),
 .UNSPECIFIED.);
#119=B_SPLINE_SURFACE_WITH_KNOTS('',3,1,((#10129,#10130),(#10131,#10132),
(#10133,#10134),(#10135,#10136),(#10137,#10138)),.UNSPECIFIED.,.F.,.F.,
 .F.,(4,1,4),(2,2),(-0.0253981358958606,-0.0151203020998902,0.),(-0.3,0.1),
 .UNSPECIFIED.);
#120=B_SPLINE_SURFACE_WITH_KNOTS('',3,1,((#10140,#10141),(#10142,#10143),
(#10144,#10145),(#10146,#10147),(#10148,#10149)),.UNSPECIFIED.,.F.,.F.,
 .F.,(4,1,4),(2,2),(-0.0184312654145186,-0.00970856800527713,0.),(-0.3,
0.1),.UNSPECIFIED.);
#121=B_SPLINE_SURFACE_WITH_KNOTS('',3,1,((#10154,#10155),(#10156,#10157),
(#10158,#10159),(#10160,#10161),(#10162,#10163)),.UNSPECIFIED.,.F.,.F.,
 .F.,(4,1,4),(2,2),(-0.0180469079092943,-0.0109166982801683,0.),(-0.3,0.1),
 .UNSPECIFIED.);
#122=B_SPLINE_SURFACE_WITH_KNOTS('',3,1,((#10165,#10166),(#10167,#10168),
(#10169,#10170),(#10171,#10172),(#10173,#10174)),.UNSPECIFIED.,.F.,.F.,
 .F.,(4,1,4),(2,2),(-0.016297392754721,-0.00866936323745024,0.),(-0.3,0.1),
 .UNSPECIFIED.);
#123=B_SPLINE_SURFACE_WITH_KNOTS('',3,1,((#10176,#10177),(#10178,#10179),
(#10180,#10181),(#10182,#10183),(#10184,#10185)),.UNSPECIFIED.,.F.,.F.,
 .F.,(4,1,4),(2,2),(-0.0151478998202147,-0.00729924671188152,0.),(-0.3,
0.1),.UNSPECIFIED.);
#124=B_SPLINE_SURFACE_WITH_KNOTS('',3,1,((#10192,#10193),(#10194,#10195),
(#10196,#10197),(#10198,#10199),(#10200,#10201)),.UNSPECIFIED.,.F.,.F.,
 .F.,(4,1,4),(2,2),(-0.0374532256919451,-0.0207070370797423,0.),(-0.3,0.1),
 .UNSPECIFIED.);
#125=B_SPLINE_SURFACE_WITH_KNOTS('',3,1,((#10203,#10204),(#10205,#10206),
(#10207,#10208),(#10209,#10210),(#10211,#10212)),.UNSPECIFIED.,.F.,.F.,
 .F.,(4,1,4),(2,2),(-0.0289752871694121,-0.0145550765347303,0.),(-0.3,0.1),
 .UNSPECIFIED.);
#126=B_SPLINE_SURFACE_WITH_KNOTS('',3,1,((#10214,#10215),(#10216,#10217),
(#10218,#10219),(#10220,#10221),(#10222,#10223)),.UNSPECIFIED.,.F.,.F.,
 .F.,(4,1,4),(2,2),(-0.0278176182468512,-0.0141867229769387,0.),(-0.3,0.1),
 .UNSPECIFIED.);
#127=B_SPLINE_SURFACE_WITH_KNOTS('',3,1,((#10225,#10226),(#10227,#10228),
(#10229,#10230),(#10231,#10232),(#10233,#10234)),.UNSPECIFIED.,.F.,.F.,
 .F.,(4,1,4),(2,2),(-0.0253793499086778,-0.0125697753072695,0.),(-0.3,0.1),
 .UNSPECIFIED.);
#128=B_SPLINE_SURFACE_WITH_KNOTS('',3,1,((#10243,#10244),(#10245,#10246),
(#10247,#10248),(#10249,#10250),(#10251,#10252)),.UNSPECIFIED.,.F.,.F.,
 .F.,(4,1,4),(2,2),(-0.0438418892358347,-0.0244477291330916,0.),(-0.3,0.1),
 .UNSPECIFIED.);
#129=B_SPLINE_SURFACE_WITH_KNOTS('',3,1,((#10260,#10261),(#10262,#10263),
(#10264,#10265),(#10266,#10267),(#10268,#10269)),.UNSPECIFIED.,.F.,.F.,
 .F.,(4,1,4),(2,2),(-0.0287237843756295,-0.0161936333522976,0.),(-0.3,0.1),
 .UNSPECIFIED.);
#130=B_SPLINE_SURFACE_WITH_KNOTS('',3,1,((#10271,#10272),(#10273,#10274),
(#10275,#10276),(#10277,#10278),(#10279,#10280)),.UNSPECIFIED.,.F.,.F.,
 .F.,(4,1,4),(2,2),(-0.0199197949698493,-0.0102401796904598,0.),(-0.3,0.1),
 .UNSPECIFIED.);
#131=B_SPLINE_SURFACE_WITH_KNOTS('',3,1,((#10287,#10288),(#10289,#10290),
(#10291,#10292),(#10293,#10294),(#10295,#10296)),.UNSPECIFIED.,.F.,.F.,
 .F.,(4,1,4),(2,2),(-0.0411637507297916,-0.0235718742979052,0.),(-0.3,0.1),
 .UNSPECIFIED.);
#132=B_SPLINE_SURFACE_WITH_KNOTS('',3,1,((#10298,#10299),(#10300,#10301),
(#10302,#10303),(#10304,#10305),(#10306,#10307)),.UNSPECIFIED.,.F.,.F.,
 .F.,(4,1,4),(2,2),(-0.0296858885311538,-0.0145676581804785,0.),(-0.3,0.1),
 .UNSPECIFIED.);
#133=B_SPLINE_SURFACE_WITH_KNOTS('',3,1,((#10309,#10310),(#10311,#10312),
(#10313,#10314),(#10315,#10316),(#10317,#10318)),.UNSPECIFIED.,.F.,.F.,
 .F.,(4,1,4),(2,2),(-0.0315844097965107,-0.0156567018459816,0.),(-0.3,0.1),
 .UNSPECIFIED.);
#134=B_SPLINE_SURFACE_WITH_KNOTS('',3,1,((#10320,#10321),(#10322,#10323),
(#10324,#10325),(#10326,#10327),(#10328,#10329)),.UNSPECIFIED.,.F.,.F.,
 .F.,(4,1,4),(2,2),(-0.0391850896738699,-0.0199114218822961,0.),(-0.3,0.1),
 .UNSPECIFIED.);
#135=B_SPLINE_SURFACE_WITH_KNOTS('',3,1,((#10331,#10332),(#10333,#10334),
(#10335,#10336),(#10337,#10338),(#10339,#10340)),.UNSPECIFIED.,.F.,.F.,
 .F.,(4,1,4),(2,2),(-0.047102650860358,-0.0212088154171215,0.),(-0.3,0.1),
 .UNSPECIFIED.);
#136=B_SPLINE_SURFACE_WITH_KNOTS('',3,1,((#10342,#10343),(#10344,#10345),
(#10346,#10347),(#10348,#10349),(#10350,#10351)),.UNSPECIFIED.,.F.,.F.,
 .F.,(4,1,4),(2,2),(-0.0188578009220672,-0.010515012453431,0.),(-0.3,0.1),
 .UNSPECIFIED.);
#137=B_SPLINE_SURFACE_WITH_KNOTS('',3,1,((#10353,#10354),(#10355,#10356),
(#10357,#10358),(#10359,#10360),(#10361,#10362)),.UNSPECIFIED.,.F.,.F.,
 .F.,(4,1,4),(2,2),(-0.0562019357821952,-0.0289829201943858,0.),(-0.3,0.1),
 .UNSPECIFIED.);
#138=B_SPLINE_SURFACE_WITH_KNOTS('',3,1,((#10364,#10365),(#10366,#10367),
(#10368,#10369),(#10370,#10371),(#10372,#10373)),.UNSPECIFIED.,.F.,.F.,
 .F.,(4,1,4),(2,2),(-0.0553049029767632,-0.0267280382187062,0.),(-0.3,0.1),
 .UNSPECIFIED.);
#139=B_SPLINE_SURFACE_WITH_KNOTS('',3,1,((#10375,#10376),(#10377,#10378),
(#10379,#10380),(#10381,#10382),(#10383,#10384)),.UNSPECIFIED.,.F.,.F.,
 .F.,(4,1,4),(2,2),(-0.0506584745644621,-0.0251974265733505,0.),(-0.3,0.1),
 .UNSPECIFIED.);
#140=B_SPLINE_SURFACE_WITH_KNOTS('',3,1,((#10386,#10387),(#10388,#10389),
(#10390,#10391),(#10392,#10393),(#10394,#10395)),.UNSPECIFIED.,.F.,.F.,
 .F.,(4,1,4),(2,2),(-0.0521407086360326,-0.0265371408387788,0.),(-0.3,0.1),
 .UNSPECIFIED.);
#141=B_SPLINE_SURFACE_WITH_KNOTS('',3,1,((#10397,#10398),(#10399,#10400),
(#10401,#10402),(#10403,#10404),(#10405,#10406)),.UNSPECIFIED.,.F.,.F.,
 .F.,(4,1,4),(2,2),(-0.0762528422519606,-0.0372086185226536,0.),(-0.3,0.1),
 .UNSPECIFIED.);
#142=B_SPLINE_SURFACE_WITH_KNOTS('',3,1,((#10408,#10409),(#10410,#10411),
(#10412,#10413),(#10414,#10415),(#10416,#10417)),.UNSPECIFIED.,.F.,.F.,
 .F.,(4,1,4),(2,2),(-0.0840008590380643,-0.0448900223133632,0.),(-0.3,0.1),
 .UNSPECIFIED.);
#143=B_SPLINE_SURFACE_WITH_KNOTS('',3,1,((#10418,#10419),(#10420,#10421),
(#10422,#10423),(#10424,#10425),(#10426,#10427)),.UNSPECIFIED.,.F.,.F.,
 .F.,(4,1,4),(2,2),(-0.0436726405057601,-0.0229612506545196,0.),(-0.3,0.1),
 .UNSPECIFIED.);
#144=B_SPLINE_SURFACE_WITH_KNOTS('',3,1,((#10429,#10430),(#10431,#10432),
(#10433,#10434),(#10435,#10436),(#10437,#10438)),.UNSPECIFIED.,.F.,.F.,
 .F.,(4,1,4),(2,2),(-0.0637920759224674,-0.0292445993189874,0.),(-0.3,0.1),
 .UNSPECIFIED.);
#145=B_SPLINE_SURFACE_WITH_KNOTS('',3,1,((#10440,#10441),(#10442,#10443),
(#10444,#10445),(#10446,#10447),(#10448,#10449)),.UNSPECIFIED.,.F.,.F.,
 .F.,(4,1,4),(2,2),(-0.0547539920836134,-0.0277358240798243,0.),(-0.3,0.1),
 .UNSPECIFIED.);
#146=B_SPLINE_SURFACE_WITH_KNOTS('',3,1,((#10451,#10452),(#10453,#10454),
(#10455,#10456),(#10457,#10458),(#10459,#10460)),.UNSPECIFIED.,.F.,.F.,
 .F.,(4,1,4),(2,2),(-0.0542589404735728,-0.0269011565292119,0.),(-0.3,0.1),
 .UNSPECIFIED.);
#147=B_SPLINE_SURFACE_WITH_KNOTS('',3,1,((#10462,#10463),(#10464,#10465),
(#10466,#10467),(#10468,#10469),(#10470,#10471)),.UNSPECIFIED.,.F.,.F.,
 .F.,(4,1,4),(2,2),(-0.061311632981412,-0.0326792655457965,0.),(-0.3,0.1),
 .UNSPECIFIED.);
#148=B_SPLINE_SURFACE_WITH_KNOTS('',3,1,((#10489,#10490),(#10491,#10492),
(#10493,#10494),(#10495,#10496),(#10497,#10498)),.UNSPECIFIED.,.F.,.F.,
 .F.,(4,1,4),(2,2),(-0.0337805028891622,-0.0141617232497088,0.),(-0.3,0.1),
 .UNSPECIFIED.);
#149=B_SPLINE_SURFACE_WITH_KNOTS('',3,1,((#10500,#10501),(#10502,#10503),
(#10504,#10505),(#10506,#10507),(#10508,#10509)),.UNSPECIFIED.,.F.,.F.,
 .F.,(4,1,4),(2,2),(-0.0311069583818874,-0.0181952033111783,0.),(-0.3,0.1),
 .UNSPECIFIED.);
#150=B_SPLINE_SURFACE_WITH_KNOTS('',3,1,((#10521,#10522),(#10523,#10524),
(#10525,#10526),(#10527,#10528),(#10529,#10530)),.UNSPECIFIED.,.F.,.F.,
 .F.,(4,1,4),(2,2),(-0.0344777326371995,-0.0171215787965882,0.),(-0.3,0.1),
 .UNSPECIFIED.);
#151=B_SPLINE_SURFACE_WITH_KNOTS('',3,1,((#10532,#10533),(#10534,#10535),
(#10536,#10537),(#10538,#10539),(#10540,#10541)),.UNSPECIFIED.,.F.,.F.,
 .F.,(4,1,4),(2,2),(-0.0343920142249779,-0.0178717917834573,0.),(-0.3,0.1),
 .UNSPECIFIED.);
#152=LINE('',#6741,#696);
#153=LINE('',#6783,#697);
#154=LINE('',#6785,#698);
#155=LINE('',#6787,#699);
#156=LINE('',#6837,#700);
#157=LINE('',#6838,#701);
#158=LINE('',#6842,#702);
#159=LINE('',#6916,#703);
#160=LINE('',#6917,#704);
#161=LINE('',#6920,#705);
#162=LINE('',#6922,#706);
#163=LINE('',#6979,#707);
#164=LINE('',#6983,#708);
#165=LINE('',#7073,#709);
#166=LINE('',#7074,#710);
#167=LINE('',#7077,#711);
#168=LINE('',#7079,#712);
#169=LINE('',#7136,#713);
#170=LINE('',#7139,#714);
#171=LINE('',#7141,#715);
#172=LINE('',#7190,#716);
#173=LINE('',#7194,#717);
#174=LINE('',#7196,#718);
#175=LINE('',#7198,#719);
#176=LINE('',#7200,#720);
#177=LINE('',#7202,#721);
#178=LINE('',#7204,#722);
#179=LINE('',#7206,#723);
#180=LINE('',#7207,#724);
#181=LINE('',#7210,#725);
#182=LINE('',#7228,#726);
#183=LINE('',#7229,#727);
#184=LINE('',#7233,#728);
#185=LINE('',#7235,#729);
#186=LINE('',#7237,#730);
#187=LINE('',#7271,#731);
#188=LINE('',#7273,#732);
#189=LINE('',#7275,#733);
#190=LINE('',#7333,#734);
#191=LINE('',#7334,#735);
#192=LINE('',#7337,#736);
#193=LINE('',#7339,#737);
#194=LINE('',#7380,#738);
#195=LINE('',#7545,#739);
#196=LINE('',#7547,#740);
#197=LINE('',#7549,#741);
#198=LINE('',#7551,#742);
#199=LINE('',#7553,#743);
#200=LINE('',#7555,#744);
#201=LINE('',#7557,#745);
#202=LINE('',#7559,#746);
#203=LINE('',#7561,#747);
#204=LINE('',#7563,#748);
#205=LINE('',#7565,#749);
#206=LINE('',#7566,#750);
#207=LINE('',#7570,#751);
#208=LINE('',#7572,#752);
#209=LINE('',#7574,#753);
#210=LINE('',#7576,#754);
#211=LINE('',#7578,#755);
#212=LINE('',#7580,#756);
#213=LINE('',#7582,#757);
#214=LINE('',#7584,#758);
#215=LINE('',#7586,#759);
#216=LINE('',#7588,#760);
#217=LINE('',#7606,#761);
#218=LINE('',#7608,#762);
#219=LINE('',#7609,#763);
#220=LINE('',#7613,#764);
#221=LINE('',#7615,#765);
#222=LINE('',#7617,#766);
#223=LINE('',#7619,#767);
#224=LINE('',#7621,#768);
#225=LINE('',#7622,#769);
#226=LINE('',#7626,#770);
#227=LINE('',#7628,#771);
#228=LINE('',#7630,#772);
#229=LINE('',#7632,#773);
#230=LINE('',#7650,#774);
#231=LINE('',#7652,#775);
#232=LINE('',#7653,#776);
#233=LINE('',#7665,#777);
#234=LINE('',#7674,#778);
#235=LINE('',#7686,#779);
#236=LINE('',#7705,#780);
#237=LINE('',#7724,#781);
#238=LINE('',#7743,#782);
#239=LINE('',#7752,#783);
#240=LINE('',#7764,#784);
#241=LINE('',#7783,#785);
#242=LINE('',#7802,#786);
#243=LINE('',#7821,#787);
#244=LINE('',#7840,#788);
#245=LINE('',#7849,#789);
#246=LINE('',#7852,#790);
#247=LINE('',#7853,#791);
#248=LINE('',#7856,#792);
#249=LINE('',#7857,#793);
#250=LINE('',#7860,#794);
#251=LINE('',#7861,#795);
#252=LINE('',#7873,#796);
#253=LINE('',#7892,#797);
#254=LINE('',#7911,#798);
#255=LINE('',#7930,#799);
#256=LINE('',#7949,#800);
#257=LINE('',#7968,#801);
#258=LINE('',#7977,#802);
#259=LINE('',#7989,#803);
#260=LINE('',#8008,#804);
#261=LINE('',#8018,#805);
#262=LINE('',#8019,#806);
#263=LINE('',#8022,#807);
#264=LINE('',#8023,#808);
#265=LINE('',#8035,#809);
#266=LINE('',#8044,#810);
#267=LINE('',#8056,#811);
#268=LINE('',#8075,#812);
#269=LINE('',#8094,#813);
#270=LINE('',#8113,#814);
#271=LINE('',#8123,#815);
#272=LINE('',#8124,#816);
#273=LINE('',#8136,#817);
#274=LINE('',#8145,#818);
#275=LINE('',#8157,#819);
#276=LINE('',#8176,#820);
#277=LINE('',#8195,#821);
#278=LINE('',#8205,#822);
#279=LINE('',#8206,#823);
#280=LINE('',#8218,#824);
#281=LINE('',#8227,#825);
#282=LINE('',#8239,#826);
#283=LINE('',#8258,#827);
#284=LINE('',#8277,#828);
#285=LINE('',#8287,#829);
#286=LINE('',#8288,#830);
#287=LINE('',#8300,#831);
#288=LINE('',#8309,#832);
#289=LINE('',#8321,#833);
#290=LINE('',#8340,#834);
#291=LINE('',#8359,#835);
#292=LINE('',#8378,#836);
#293=LINE('',#8397,#837);
#294=LINE('',#8416,#838);
#295=LINE('',#8435,#839);
#296=LINE('',#8444,#840);
#297=LINE('',#8447,#841);
#298=LINE('',#8448,#842);
#299=LINE('',#8451,#843);
#300=LINE('',#8453,#844);
#301=LINE('',#8454,#845);
#302=LINE('',#8457,#846);
#303=LINE('',#8458,#847);
#304=LINE('',#8461,#848);
#305=LINE('',#8462,#849);
#306=LINE('',#8465,#850);
#307=LINE('',#8466,#851);
#308=LINE('',#8478,#852);
#309=LINE('',#8487,#853);
#310=LINE('',#8499,#854);
#311=LINE('',#8518,#855);
#312=LINE('',#8528,#856);
#313=LINE('',#8529,#857);
#314=LINE('',#8541,#858);
#315=LINE('',#8550,#859);
#316=LINE('',#8553,#860);
#317=LINE('',#8554,#861);
#318=LINE('',#8557,#862);
#319=LINE('',#8558,#863);
#320=LINE('',#8561,#864);
#321=LINE('',#8562,#865);
#322=LINE('',#8574,#866);
#323=LINE('',#8593,#867);
#324=LINE('',#8612,#868);
#325=LINE('',#8631,#869);
#326=LINE('',#8641,#870);
#327=LINE('',#8642,#871);
#328=LINE('',#8645,#872);
#329=LINE('',#8646,#873);
#330=LINE('',#8658,#874);
#331=LINE('',#8667,#875);
#332=LINE('',#8679,#876);
#333=LINE('',#8698,#877);
#334=LINE('',#8717,#878);
#335=LINE('',#8736,#879);
#336=LINE('',#8745,#880);
#337=LINE('',#8757,#881);
#338=LINE('',#8776,#882);
#339=LINE('',#8795,#883);
#340=LINE('',#8814,#884);
#341=LINE('',#8824,#885);
#342=LINE('',#8826,#886);
#343=LINE('',#8827,#887);
#344=LINE('',#8830,#888);
#345=LINE('',#8831,#889);
#346=LINE('',#8834,#890);
#347=LINE('',#8835,#891);
#348=LINE('',#8838,#892);
#349=LINE('',#8839,#893);
#350=LINE('',#8842,#894);
#351=LINE('',#8843,#895);
#352=LINE('',#8846,#896);
#353=LINE('',#8847,#897);
#354=LINE('',#8850,#898);
#355=LINE('',#8852,#899);
#356=LINE('',#8853,#900);
#357=LINE('',#8856,#901);
#358=LINE('',#8857,#902);
#359=LINE('',#8860,#903);
#360=LINE('',#8861,#904);
#361=LINE('',#8864,#905);
#362=LINE('',#8865,#906);
#363=LINE('',#8868,#907);
#364=LINE('',#8869,#908);
#365=LINE('',#8872,#909);
#366=LINE('',#8873,#910);
#367=LINE('',#8876,#911);
#368=LINE('',#8877,#912);
#369=LINE('',#8880,#913);
#370=LINE('',#8882,#914);
#371=LINE('',#8883,#915);
#372=LINE('',#8886,#916);
#373=LINE('',#8887,#917);
#374=LINE('',#8890,#918);
#375=LINE('',#8891,#919);
#376=LINE('',#8894,#920);
#377=LINE('',#8896,#921);
#378=LINE('',#8897,#922);
#379=LINE('',#8900,#923);
#380=LINE('',#8901,#924);
#381=LINE('',#8904,#925);
#382=LINE('',#8905,#926);
#383=LINE('',#8908,#927);
#384=LINE('',#8909,#928);
#385=LINE('',#8915,#929);
#386=LINE('',#8919,#930);
#387=LINE('',#8923,#931);
#388=LINE('',#8926,#932);
#389=LINE('',#8928,#933);
#390=LINE('',#8930,#934);
#391=LINE('',#8932,#935);
#392=LINE('',#8949,#936);
#393=LINE('',#8951,#937);
#394=LINE('',#8952,#938);
#395=LINE('',#8954,#939);
#396=LINE('',#8956,#940);
#397=LINE('',#8958,#941);
#398=LINE('',#8976,#942);
#399=LINE('',#8978,#943);
#400=LINE('',#8979,#944);
#401=LINE('',#8981,#945);
#402=LINE('',#8983,#946);
#403=LINE('',#8985,#947);
#404=LINE('',#8987,#948);
#405=LINE('',#8989,#949);
#406=LINE('',#8990,#950);
#407=LINE('',#8992,#951);
#408=LINE('',#8994,#952);
#409=LINE('',#8996,#953);
#410=LINE('',#9045,#954);
#411=LINE('',#9047,#955);
#412=LINE('',#9080,#956);
#413=LINE('',#9082,#957);
#414=LINE('',#9084,#958);
#415=LINE('',#9126,#959);
#416=LINE('',#9128,#960);
#417=LINE('',#9130,#961);
#418=LINE('',#9131,#962);
#419=LINE('',#9134,#963);
#420=LINE('',#9136,#964);
#421=LINE('',#9138,#965);
#422=LINE('',#9139,#966);
#423=LINE('',#9142,#967);
#424=LINE('',#9144,#968);
#425=LINE('',#9146,#969);
#426=LINE('',#9147,#970);
#427=LINE('',#9150,#971);
#428=LINE('',#9152,#972);
#429=LINE('',#9154,#973);
#430=LINE('',#9155,#974);
#431=LINE('',#9204,#975);
#432=LINE('',#9206,#976);
#433=LINE('',#9208,#977);
#434=LINE('',#9241,#978);
#435=LINE('',#9243,#979);
#436=LINE('',#9245,#980);
#437=LINE('',#9246,#981);
#438=LINE('',#9336,#982);
#439=LINE('',#9338,#983);
#440=LINE('',#9356,#984);
#441=LINE('',#9358,#985);
#442=LINE('',#9368,#986);
#443=LINE('',#9370,#987);
#444=LINE('',#9396,#988);
#445=LINE('',#9398,#989);
#446=LINE('',#9416,#990);
#447=LINE('',#9451,#991);
#448=LINE('',#9453,#992);
#449=LINE('',#9455,#993);
#450=LINE('',#9456,#994);
#451=LINE('',#9459,#995);
#452=LINE('',#9461,#996);
#453=LINE('',#9462,#997);
#454=LINE('',#9466,#998);
#455=LINE('',#9468,#999);
#456=LINE('',#9470,#1000);
#457=LINE('',#9471,#1001);
#458=LINE('',#9474,#1002);
#459=LINE('',#9476,#1003);
#460=LINE('',#9477,#1004);
#461=LINE('',#9480,#1005);
#462=LINE('',#9482,#1006);
#463=LINE('',#9483,#1007);
#464=LINE('',#9486,#1008);
#465=LINE('',#9488,#1009);
#466=LINE('',#9489,#1010);
#467=LINE('',#9492,#1011);
#468=LINE('',#9494,#1012);
#469=LINE('',#9495,#1013);
#470=LINE('',#9498,#1014);
#471=LINE('',#9500,#1015);
#472=LINE('',#9501,#1016);
#473=LINE('',#9505,#1017);
#474=LINE('',#9507,#1018);
#475=LINE('',#9509,#1019);
#476=LINE('',#9510,#1020);
#477=LINE('',#9513,#1021);
#478=LINE('',#9515,#1022);
#479=LINE('',#9516,#1023);
#480=LINE('',#9519,#1024);
#481=LINE('',#9521,#1025);
#482=LINE('',#9522,#1026);
#483=LINE('',#9525,#1027);
#484=LINE('',#9527,#1028);
#485=LINE('',#9528,#1029);
#486=LINE('',#9531,#1030);
#487=LINE('',#9533,#1031);
#488=LINE('',#9534,#1032);
#489=LINE('',#9537,#1033);
#490=LINE('',#9539,#1034);
#491=LINE('',#9540,#1035);
#492=LINE('',#9544,#1036);
#493=LINE('',#9546,#1037);
#494=LINE('',#9548,#1038);
#495=LINE('',#9549,#1039);
#496=LINE('',#9552,#1040);
#497=LINE('',#9554,#1041);
#498=LINE('',#9555,#1042);
#499=LINE('',#9558,#1043);
#500=LINE('',#9560,#1044);
#501=LINE('',#9561,#1045);
#502=LINE('',#9563,#1046);
#503=LINE('',#9564,#1047);
#504=LINE('',#9567,#1048);
#505=LINE('',#9569,#1049);
#506=LINE('',#9570,#1050);
#507=LINE('',#9573,#1051);
#508=LINE('',#9575,#1052);
#509=LINE('',#9576,#1053);
#510=LINE('',#9579,#1054);
#511=LINE('',#9581,#1055);
#512=LINE('',#9582,#1056);
#513=LINE('',#9585,#1057);
#514=LINE('',#9587,#1058);
#515=LINE('',#9588,#1059);
#516=LINE('',#9591,#1060);
#517=LINE('',#9593,#1061);
#518=LINE('',#9594,#1062);
#519=LINE('',#9596,#1063);
#520=LINE('',#9597,#1064);
#521=LINE('',#9600,#1065);
#522=LINE('',#9602,#1066);
#523=LINE('',#9603,#1067);
#524=LINE('',#9606,#1068);
#525=LINE('',#9608,#1069);
#526=LINE('',#9609,#1070);
#527=LINE('',#9612,#1071);
#528=LINE('',#9614,#1072);
#529=LINE('',#9615,#1073);
#530=LINE('',#9618,#1074);
#531=LINE('',#9620,#1075);
#532=LINE('',#9621,#1076);
#533=LINE('',#9624,#1077);
#534=LINE('',#9626,#1078);
#535=LINE('',#9627,#1079);
#536=LINE('',#9629,#1080);
#537=LINE('',#9630,#1081);
#538=LINE('',#9633,#1082);
#539=LINE('',#9635,#1083);
#540=LINE('',#9636,#1084);
#541=LINE('',#9638,#1085);
#542=LINE('',#9639,#1086);
#543=LINE('',#9645,#1087);
#544=LINE('',#9649,#1088);
#545=LINE('',#9653,#1089);
#546=LINE('',#9656,#1090);
#547=LINE('',#9659,#1091);
#548=LINE('',#9663,#1092);
#549=LINE('',#9667,#1093);
#550=LINE('',#9671,#1094);
#551=LINE('',#9674,#1095);
#552=LINE('',#9675,#1096);
#553=LINE('',#9677,#1097);
#554=LINE('',#9679,#1098);
#555=LINE('',#9681,#1099);
#556=LINE('',#9684,#1100);
#557=LINE('',#9686,#1101);
#558=LINE('',#9687,#1102);
#559=LINE('',#9690,#1103);
#560=LINE('',#9694,#1104);
#561=LINE('',#9695,#1105);
#562=LINE('',#9698,#1106);
#563=LINE('',#9743,#1107);
#564=LINE('',#9744,#1108);
#565=LINE('',#9745,#1109);
#566=LINE('',#9748,#1110);
#567=LINE('',#9749,#1111);
#568=LINE('',#9752,#1112);
#569=LINE('',#9753,#1113);
#570=LINE('',#9755,#1114);
#571=LINE('',#9759,#1115);
#572=LINE('',#9760,#1116);
#573=LINE('',#9761,#1117);
#574=LINE('',#9764,#1118);
#575=LINE('',#9765,#1119);
#576=LINE('',#9768,#1120);
#577=LINE('',#9769,#1121);
#578=LINE('',#9771,#1122);
#579=LINE('',#9775,#1123);
#580=LINE('',#9776,#1124);
#581=LINE('',#9777,#1125);
#582=LINE('',#9780,#1126);
#583=LINE('',#9781,#1127);
#584=LINE('',#9784,#1128);
#585=LINE('',#9785,#1129);
#586=LINE('',#9787,#1130);
#587=LINE('',#9791,#1131);
#588=LINE('',#9792,#1132);
#589=LINE('',#9793,#1133);
#590=LINE('',#9796,#1134);
#591=LINE('',#9797,#1135);
#592=LINE('',#9800,#1136);
#593=LINE('',#9801,#1137);
#594=LINE('',#9803,#1138);
#595=LINE('',#9805,#1139);
#596=LINE('',#9807,#1140);
#597=LINE('',#9809,#1141);
#598=LINE('',#9814,#1142);
#599=LINE('',#9816,#1143);
#600=LINE('',#9818,#1144);
#601=LINE('',#9819,#1145);
#602=LINE('',#9822,#1146);
#603=LINE('',#9824,#1147);
#604=LINE('',#9825,#1148);
#605=LINE('',#9828,#1149);
#606=LINE('',#9830,#1150);
#607=LINE('',#9831,#1151);
#608=LINE('',#9833,#1152);
#609=LINE('',#9835,#1153);
#610=LINE('',#9842,#1154);
#611=LINE('',#9846,#1155);
#612=LINE('',#9849,#1156);
#613=LINE('',#9851,#1157);
#614=LINE('',#9853,#1158);
#615=LINE('',#9865,#1159);
#616=LINE('',#9876,#1160);
#617=LINE('',#9887,#1161);
#618=LINE('',#9898,#1162);
#619=LINE('',#9909,#1163);
#620=LINE('',#9930,#1164);
#621=LINE('',#9941,#1165);
#622=LINE('',#9952,#1166);
#623=LINE('',#9963,#1167);
#624=LINE('',#9975,#1168);
#625=LINE('',#9976,#1169);
#626=LINE('',#9978,#1170);
#627=LINE('',#9989,#1171);
#628=LINE('',#10000,#1172);
#629=LINE('',#10011,#1173);
#630=LINE('',#10022,#1174);
#631=LINE('',#10044,#1175);
#632=LINE('',#10055,#1176);
#633=LINE('',#10066,#1177);
#634=LINE('',#10077,#1178);
#635=LINE('',#10079,#1179);
#636=LINE('',#10091,#1180);
#637=LINE('',#10102,#1181);
#638=LINE('',#10113,#1182);
#639=LINE('',#10124,#1183);
#640=LINE('',#10127,#1184);
#641=LINE('',#10128,#1185);
#642=LINE('',#10139,#1186);
#643=LINE('',#10152,#1187);
#644=LINE('',#10153,#1188);
#645=LINE('',#10164,#1189);
#646=LINE('',#10175,#1190);
#647=LINE('',#10188,#1191);
#648=LINE('',#10189,#1192);
#649=LINE('',#10191,#1193);
#650=LINE('',#10202,#1194);
#651=LINE('',#10213,#1195);
#652=LINE('',#10224,#1196);
#653=LINE('',#10237,#1197);
#654=LINE('',#10239,#1198);
#655=LINE('',#10241,#1199);
#656=LINE('',#10253,#1200);
#657=LINE('',#10255,#1201);
#658=LINE('',#10258,#1202);
#659=LINE('',#10259,#1203);
#660=LINE('',#10270,#1204);
#661=LINE('',#10283,#1205);
#662=LINE('',#10284,#1206);
#663=LINE('',#10286,#1207);
#664=LINE('',#10297,#1208);
#665=LINE('',#10308,#1209);
#666=LINE('',#10319,#1210);
#667=LINE('',#10330,#1211);
#668=LINE('',#10341,#1212);
#669=LINE('',#10363,#1213);
#670=LINE('',#10374,#1214);
#671=LINE('',#10385,#1215);
#672=LINE('',#10396,#1216);
#673=LINE('',#10407,#1217);
#674=LINE('',#10428,#1218);
#675=LINE('',#10439,#1219);
#676=LINE('',#10450,#1220);
#677=LINE('',#10461,#1221);
#678=LINE('',#10473,#1222);
#679=LINE('',#10474,#1223);
#680=LINE('',#10476,#1224);
#681=LINE('',#10478,#1225);
#682=LINE('',#10480,#1226);
#683=LINE('',#10484,#1227);
#684=LINE('',#10486,#1228);
#685=LINE('',#10488,#1229);
#686=LINE('',#10499,#1230);
#687=LINE('',#10510,#1231);
#688=LINE('',#10512,#1232);
#689=LINE('',#10514,#1233);
#690=LINE('',#10517,#1234);
#691=LINE('',#10518,#1235);
#692=LINE('',#10531,#1236);
#693=LINE('',#10542,#1237);
#694=LINE('',#10544,#1238);
#695=LINE('',#10546,#1239);
#696=VECTOR('',#5654,10.);
#697=VECTOR('',#5655,10.);
#698=VECTOR('',#5656,10.);
#699=VECTOR('',#5657,10.);
#700=VECTOR('',#5658,10.);
#701=VECTOR('',#5659,10.);
#702=VECTOR('',#5662,10.);
#703=VECTOR('',#5663,10.);
#704=VECTOR('',#5664,10.);
#705=VECTOR('',#5665,10.);
#706=VECTOR('',#5666,10.);
#707=VECTOR('',#5667,10.);
#708=VECTOR('',#5670,10.);
#709=VECTOR('',#5671,10.);
#710=VECTOR('',#5672,10.);
#711=VECTOR('',#5673,10.);
#712=VECTOR('',#5674,10.);
#713=VECTOR('',#5675,10.);
#714=VECTOR('',#5676,10.);
#715=VECTOR('',#5677,10.);
#716=VECTOR('',#5678,10.);
#717=VECTOR('',#5681,10.);
#718=VECTOR('',#5682,10.);
#719=VECTOR('',#5683,10.);
#720=VECTOR('',#5684,10.);
#721=VECTOR('',#5685,10.);
#722=VECTOR('',#5686,10.);
#723=VECTOR('',#5687,10.);
#724=VECTOR('',#5688,10.);
#725=VECTOR('',#5689,10.);
#726=VECTOR('',#5690,10.);
#727=VECTOR('',#5691,10.);
#728=VECTOR('',#5694,10.);
#729=VECTOR('',#5695,10.);
#730=VECTOR('',#5696,10.);
#731=VECTOR('',#5697,10.);
#732=VECTOR('',#5698,10.);
#733=VECTOR('',#5699,10.);
#734=VECTOR('',#5700,10.);
#735=VECTOR('',#5701,10.);
#736=VECTOR('',#5702,10.);
#737=VECTOR('',#5703,10.);
#738=VECTOR('',#5704,10.);
#739=VECTOR('',#5709,10.);
#740=VECTOR('',#5710,10.);
#741=VECTOR('',#5711,10.);
#742=VECTOR('',#5712,10.);
#743=VECTOR('',#5713,10.);
#744=VECTOR('',#5714,10.);
#745=VECTOR('',#5715,10.);
#746=VECTOR('',#5716,10.);
#747=VECTOR('',#5717,10.);
#748=VECTOR('',#5718,10.);
#749=VECTOR('',#5719,10.);
#750=VECTOR('',#5720,10.);
#751=VECTOR('',#5723,10.);
#752=VECTOR('',#5724,10.);
#753=VECTOR('',#5725,10.);
#754=VECTOR('',#5726,10.);
#755=VECTOR('',#5727,10.);
#756=VECTOR('',#5728,10.);
#757=VECTOR('',#5729,10.);
#758=VECTOR('',#5730,10.);
#759=VECTOR('',#5731,10.);
#760=VECTOR('',#5732,10.);
#761=VECTOR('',#5733,10.);
#762=VECTOR('',#5734,10.);
#763=VECTOR('',#5735,10.);
#764=VECTOR('',#5738,10.);
#765=VECTOR('',#5739,10.);
#766=VECTOR('',#5740,10.);
#767=VECTOR('',#5741,10.);
#768=VECTOR('',#5742,10.);
#769=VECTOR('',#5743,10.);
#770=VECTOR('',#5746,10.);
#771=VECTOR('',#5747,10.);
#772=VECTOR('',#5748,10.);
#773=VECTOR('',#5749,10.);
#774=VECTOR('',#5750,10.);
#775=VECTOR('',#5751,10.);
#776=VECTOR('',#5752,10.);
#777=VECTOR('',#5753,10.);
#778=VECTOR('',#5754,10.);
#779=VECTOR('',#5755,10.);
#780=VECTOR('',#5756,10.);
#781=VECTOR('',#5757,10.);
#782=VECTOR('',#5758,10.);
#783=VECTOR('',#5759,10.);
#784=VECTOR('',#5760,10.);
#785=VECTOR('',#5761,10.);
#786=VECTOR('',#5762,10.);
#787=VECTOR('',#5763,10.);
#788=VECTOR('',#5764,10.);
#789=VECTOR('',#5765,10.);
#790=VECTOR('',#5768,10.);
#791=VECTOR('',#5769,10.);
#792=VECTOR('',#5772,10.);
#793=VECTOR('',#5773,10.);
#794=VECTOR('',#5776,10.);
#795=VECTOR('',#5777,10.);
#796=VECTOR('',#5778,10.);
#797=VECTOR('',#5779,10.);
#798=VECTOR('',#5780,10.);
#799=VECTOR('',#5781,10.);
#800=VECTOR('',#5782,10.);
#801=VECTOR('',#5783,10.);
#802=VECTOR('',#5784,10.);
#803=VECTOR('',#5785,10.);
#804=VECTOR('',#5786,10.);
#805=VECTOR('',#5789,10.);
#806=VECTOR('',#5790,10.);
#807=VECTOR('',#5793,10.);
#808=VECTOR('',#5794,10.);
#809=VECTOR('',#5795,10.);
#810=VECTOR('',#5796,10.);
#811=VECTOR('',#5797,10.);
#812=VECTOR('',#5798,10.);
#813=VECTOR('',#5799,10.);
#814=VECTOR('',#5800,10.);
#815=VECTOR('',#5803,10.);
#816=VECTOR('',#5804,10.);
#817=VECTOR('',#5805,10.);
#818=VECTOR('',#5806,10.);
#819=VECTOR('',#5807,10.);
#820=VECTOR('',#5808,10.);
#821=VECTOR('',#5809,10.);
#822=VECTOR('',#5812,10.);
#823=VECTOR('',#5813,10.);
#824=VECTOR('',#5814,10.);
#825=VECTOR('',#5815,10.);
#826=VECTOR('',#5816,10.);
#827=VECTOR('',#5817,10.);
#828=VECTOR('',#5818,10.);
#829=VECTOR('',#5821,10.);
#830=VECTOR('',#5822,10.);
#831=VECTOR('',#5823,10.);
#832=VECTOR('',#5824,10.);
#833=VECTOR('',#5825,10.);
#834=VECTOR('',#5826,10.);
#835=VECTOR('',#5827,10.);
#836=VECTOR('',#5828,10.);
#837=VECTOR('',#5829,10.);
#838=VECTOR('',#5830,10.);
#839=VECTOR('',#5831,10.);
#840=VECTOR('',#5832,10.);
#841=VECTOR('',#5835,10.);
#842=VECTOR('',#5836,10.);
#843=VECTOR('',#5839,10.);
#844=VECTOR('',#5840,10.);
#845=VECTOR('',#5841,10.);
#846=VECTOR('',#5844,10.);
#847=VECTOR('',#5845,10.);
#848=VECTOR('',#5848,10.);
#849=VECTOR('',#5849,10.);
#850=VECTOR('',#5852,10.);
#851=VECTOR('',#5853,10.);
#852=VECTOR('',#5854,10.);
#853=VECTOR('',#5855,10.);
#854=VECTOR('',#5856,10.);
#855=VECTOR('',#5857,10.);
#856=VECTOR('',#5860,10.);
#857=VECTOR('',#5861,10.);
#858=VECTOR('',#5862,10.);
#859=VECTOR('',#5863,10.);
#860=VECTOR('',#5866,10.);
#861=VECTOR('',#5867,10.);
#862=VECTOR('',#5870,10.);
#863=VECTOR('',#5871,10.);
#864=VECTOR('',#5874,10.);
#865=VECTOR('',#5875,10.);
#866=VECTOR('',#5876,10.);
#867=VECTOR('',#5877,10.);
#868=VECTOR('',#5878,10.);
#869=VECTOR('',#5879,10.);
#870=VECTOR('',#5882,10.);
#871=VECTOR('',#5883,10.);
#872=VECTOR('',#5886,10.);
#873=VECTOR('',#5887,10.);
#874=VECTOR('',#5888,10.);
#875=VECTOR('',#5889,10.);
#876=VECTOR('',#5890,10.);
#877=VECTOR('',#5891,10.);
#878=VECTOR('',#5892,10.);
#879=VECTOR('',#5893,10.);
#880=VECTOR('',#5894,10.);
#881=VECTOR('',#5895,10.);
#882=VECTOR('',#5896,10.);
#883=VECTOR('',#5897,10.);
#884=VECTOR('',#5898,10.);
#885=VECTOR('',#5901,10.);
#886=VECTOR('',#5902,10.);
#887=VECTOR('',#5903,10.);
#888=VECTOR('',#5906,10.);
#889=VECTOR('',#5907,10.);
#890=VECTOR('',#5910,10.);
#891=VECTOR('',#5911,10.);
#892=VECTOR('',#5914,10.);
#893=VECTOR('',#5915,10.);
#894=VECTOR('',#5918,10.);
#895=VECTOR('',#5919,10.);
#896=VECTOR('',#5922,10.);
#897=VECTOR('',#5923,10.);
#898=VECTOR('',#5926,10.);
#899=VECTOR('',#5927,10.);
#900=VECTOR('',#5928,10.);
#901=VECTOR('',#5931,10.);
#902=VECTOR('',#5932,10.);
#903=VECTOR('',#5935,10.);
#904=VECTOR('',#5936,10.);
#905=VECTOR('',#5939,10.);
#906=VECTOR('',#5940,10.);
#907=VECTOR('',#5943,10.);
#908=VECTOR('',#5944,10.);
#909=VECTOR('',#5947,10.);
#910=VECTOR('',#5948,10.);
#911=VECTOR('',#5951,10.);
#912=VECTOR('',#5952,10.);
#913=VECTOR('',#5955,10.);
#914=VECTOR('',#5956,10.);
#915=VECTOR('',#5957,10.);
#916=VECTOR('',#5960,10.);
#917=VECTOR('',#5961,10.);
#918=VECTOR('',#5964,10.);
#919=VECTOR('',#5965,10.);
#920=VECTOR('',#5968,10.);
#921=VECTOR('',#5969,10.);
#922=VECTOR('',#5970,10.);
#923=VECTOR('',#5973,10.);
#924=VECTOR('',#5974,10.);
#925=VECTOR('',#5977,10.);
#926=VECTOR('',#5978,10.);
#927=VECTOR('',#5981,10.);
#928=VECTOR('',#5982,10.);
#929=VECTOR('',#5987,10.);
#930=VECTOR('',#5990,10.);
#931=VECTOR('',#5993,10.);
#932=VECTOR('',#5996,10.);
#933=VECTOR('',#5997,10.);
#934=VECTOR('',#5998,10.);
#935=VECTOR('',#5999,10.);
#936=VECTOR('',#6000,10.);
#937=VECTOR('',#6001,10.);
#938=VECTOR('',#6002,10.);
#939=VECTOR('',#6003,10.);
#940=VECTOR('',#6004,10.);
#941=VECTOR('',#6005,10.);
#942=VECTOR('',#6006,10.);
#943=VECTOR('',#6007,10.);
#944=VECTOR('',#6008,10.);
#945=VECTOR('',#6009,10.);
#946=VECTOR('',#6010,10.);
#947=VECTOR('',#6011,10.);
#948=VECTOR('',#6012,10.);
#949=VECTOR('',#6013,10.);
#950=VECTOR('',#6014,10.);
#951=VECTOR('',#6015,10.);
#952=VECTOR('',#6016,10.);
#953=VECTOR('',#6017,10.);
#954=VECTOR('',#6018,10.);
#955=VECTOR('',#6019,10.);
#956=VECTOR('',#6020,10.);
#957=VECTOR('',#6021,10.);
#958=VECTOR('',#6022,10.);
#959=VECTOR('',#6023,10.);
#960=VECTOR('',#6024,10.);
#961=VECTOR('',#6025,10.);
#962=VECTOR('',#6026,10.);
#963=VECTOR('',#6027,10.);
#964=VECTOR('',#6028,10.);
#965=VECTOR('',#6029,10.);
#966=VECTOR('',#6030,10.);
#967=VECTOR('',#6031,10.);
#968=VECTOR('',#6032,10.);
#969=VECTOR('',#6033,10.);
#970=VECTOR('',#6034,10.);
#971=VECTOR('',#6035,10.);
#972=VECTOR('',#6036,10.);
#973=VECTOR('',#6037,10.);
#974=VECTOR('',#6038,10.);
#975=VECTOR('',#6039,10.);
#976=VECTOR('',#6040,10.);
#977=VECTOR('',#6041,10.);
#978=VECTOR('',#6042,10.);
#979=VECTOR('',#6043,10.);
#980=VECTOR('',#6044,10.);
#981=VECTOR('',#6045,10.);
#982=VECTOR('',#6050,10.);
#983=VECTOR('',#6051,10.);
#984=VECTOR('',#6054,10.);
#985=VECTOR('',#6055,10.);
#986=VECTOR('',#6058,10.);
#987=VECTOR('',#6059,10.);
#988=VECTOR('',#6062,10.);
#989=VECTOR('',#6063,10.);
#990=VECTOR('',#6066,10.);
#991=VECTOR('',#6069,10.);
#992=VECTOR('',#6070,10.);
#993=VECTOR('',#6071,10.);
#994=VECTOR('',#6072,10.);
#995=VECTOR('',#6075,10.);
#996=VECTOR('',#6076,10.);
#997=VECTOR('',#6077,10.);
#998=VECTOR('',#6080,10.);
#999=VECTOR('',#6081,10.);
#1000=VECTOR('',#6082,10.);
#1001=VECTOR('',#6083,10.);
#1002=VECTOR('',#6086,10.);
#1003=VECTOR('',#6087,10.);
#1004=VECTOR('',#6088,10.);
#1005=VECTOR('',#6091,10.);
#1006=VECTOR('',#6092,10.);
#1007=VECTOR('',#6093,10.);
#1008=VECTOR('',#6096,10.);
#1009=VECTOR('',#6097,10.);
#1010=VECTOR('',#6098,10.);
#1011=VECTOR('',#6101,10.);
#1012=VECTOR('',#6102,10.);
#1013=VECTOR('',#6103,10.);
#1014=VECTOR('',#6106,10.);
#1015=VECTOR('',#6107,10.);
#1016=VECTOR('',#6108,10.);
#1017=VECTOR('',#6111,10.);
#1018=VECTOR('',#6112,10.);
#1019=VECTOR('',#6113,10.);
#1020=VECTOR('',#6114,10.);
#1021=VECTOR('',#6117,10.);
#1022=VECTOR('',#6118,10.);
#1023=VECTOR('',#6119,10.);
#1024=VECTOR('',#6122,10.);
#1025=VECTOR('',#6123,10.);
#1026=VECTOR('',#6124,10.);
#1027=VECTOR('',#6127,10.);
#1028=VECTOR('',#6128,10.);
#1029=VECTOR('',#6129,10.);
#1030=VECTOR('',#6132,10.);
#1031=VECTOR('',#6133,10.);
#1032=VECTOR('',#6134,10.);
#1033=VECTOR('',#6137,10.);
#1034=VECTOR('',#6138,10.);
#1035=VECTOR('',#6139,10.);
#1036=VECTOR('',#6142,10.);
#1037=VECTOR('',#6143,10.);
#1038=VECTOR('',#6144,10.);
#1039=VECTOR('',#6145,10.);
#1040=VECTOR('',#6148,10.);
#1041=VECTOR('',#6149,10.);
#1042=VECTOR('',#6150,10.);
#1043=VECTOR('',#6153,10.);
#1044=VECTOR('',#6154,10.);
#1045=VECTOR('',#6155,10.);
#1046=VECTOR('',#6158,10.);
#1047=VECTOR('',#6159,10.);
#1048=VECTOR('',#6162,10.);
#1049=VECTOR('',#6163,10.);
#1050=VECTOR('',#6164,10.);
#1051=VECTOR('',#6167,10.);
#1052=VECTOR('',#6168,10.);
#1053=VECTOR('',#6169,10.);
#1054=VECTOR('',#6172,10.);
#1055=VECTOR('',#6173,10.);
#1056=VECTOR('',#6174,10.);
#1057=VECTOR('',#6177,10.);
#1058=VECTOR('',#6178,10.);
#1059=VECTOR('',#6179,10.);
#1060=VECTOR('',#6182,10.);
#1061=VECTOR('',#6183,10.);
#1062=VECTOR('',#6184,10.);
#1063=VECTOR('',#6187,10.);
#1064=VECTOR('',#6188,10.);
#1065=VECTOR('',#6191,10.);
#1066=VECTOR('',#6192,10.);
#1067=VECTOR('',#6193,10.);
#1068=VECTOR('',#6196,10.);
#1069=VECTOR('',#6197,10.);
#1070=VECTOR('',#6198,10.);
#1071=VECTOR('',#6201,10.);
#1072=VECTOR('',#6202,10.);
#1073=VECTOR('',#6203,10.);
#1074=VECTOR('',#6206,10.);
#1075=VECTOR('',#6207,10.);
#1076=VECTOR('',#6208,10.);
#1077=VECTOR('',#6211,10.);
#1078=VECTOR('',#6212,10.);
#1079=VECTOR('',#6213,10.);
#1080=VECTOR('',#6216,10.);
#1081=VECTOR('',#6217,10.);
#1082=VECTOR('',#6220,10.);
#1083=VECTOR('',#6221,10.);
#1084=VECTOR('',#6222,10.);
#1085=VECTOR('',#6225,10.);
#1086=VECTOR('',#6226,10.);
#1087=VECTOR('',#6231,10.);
#1088=VECTOR('',#6234,10.);
#1089=VECTOR('',#6237,10.);
#1090=VECTOR('',#6240,10.);
#1091=VECTOR('',#6241,10.);
#1092=VECTOR('',#6244,10.);
#1093=VECTOR('',#6247,10.);
#1094=VECTOR('',#6250,10.);
#1095=VECTOR('',#6255,10.);
#1096=VECTOR('',#6256,10.);
#1097=VECTOR('',#6259,10.);
#1098=VECTOR('',#6262,10.);
#1099=VECTOR('',#6265,10.);
#1100=VECTOR('',#6268,10.);
#1101=VECTOR('',#6269,10.);
#1102=VECTOR('',#6270,10.);
#1103=VECTOR('',#6273,10.);
#1104=VECTOR('',#6278,10.);
#1105=VECTOR('',#6279,10.);
#1106=VECTOR('',#6282,10.);
#1107=VECTOR('',#6289,10.);
#1108=VECTOR('',#6290,10.);
#1109=VECTOR('',#6291,10.);
#1110=VECTOR('',#6294,10.);
#1111=VECTOR('',#6295,10.);
#1112=VECTOR('',#6298,10.);
#1113=VECTOR('',#6299,10.);
#1114=VECTOR('',#6302,10.);
#1115=VECTOR('',#6305,10.);
#1116=VECTOR('',#6306,10.);
#1117=VECTOR('',#6307,10.);
#1118=VECTOR('',#6310,10.);
#1119=VECTOR('',#6311,10.);
#1120=VECTOR('',#6314,10.);
#1121=VECTOR('',#6315,10.);
#1122=VECTOR('',#6318,10.);
#1123=VECTOR('',#6321,10.);
#1124=VECTOR('',#6322,10.);
#1125=VECTOR('',#6323,10.);
#1126=VECTOR('',#6326,10.);
#1127=VECTOR('',#6327,10.);
#1128=VECTOR('',#6330,10.);
#1129=VECTOR('',#6331,10.);
#1130=VECTOR('',#6334,10.);
#1131=VECTOR('',#6337,10.);
#1132=VECTOR('',#6338,10.);
#1133=VECTOR('',#6339,10.);
#1134=VECTOR('',#6342,10.);
#1135=VECTOR('',#6343,10.);
#1136=VECTOR('',#6346,10.);
#1137=VECTOR('',#6347,10.);
#1138=VECTOR('',#6350,10.);
#1139=VECTOR('',#6353,10.);
#1140=VECTOR('',#6356,10.);
#1141=VECTOR('',#6359,10.);
#1142=VECTOR('',#6364,10.);
#1143=VECTOR('',#6365,10.);
#1144=VECTOR('',#6366,10.);
#1145=VECTOR('',#6367,10.);
#1146=VECTOR('',#6370,10.);
#1147=VECTOR('',#6371,10.);
#1148=VECTOR('',#6372,10.);
#1149=VECTOR('',#6375,10.);
#1150=VECTOR('',#6376,10.);
#1151=VECTOR('',#6377,10.);
#1152=VECTOR('',#6380,10.);
#1153=VECTOR('',#6383,10.);
#1154=VECTOR('',#6394,10.);
#1155=VECTOR('',#6397,10.);
#1156=VECTOR('',#6402,10.);
#1157=VECTOR('',#6405,10.);
#1158=VECTOR('',#6408,10.);
#1159=VECTOR('',#6411,10.);
#1160=VECTOR('',#6412,10.);
#1161=VECTOR('',#6413,10.);
#1162=VECTOR('',#6414,10.);
#1163=VECTOR('',#6415,10.);
#1164=VECTOR('',#6416,10.);
#1165=VECTOR('',#6417,10.);
#1166=VECTOR('',#6418,10.);
#1167=VECTOR('',#6419,10.);
#1168=VECTOR('',#6422,10.);
#1169=VECTOR('',#6423,10.);
#1170=VECTOR('',#6426,10.);
#1171=VECTOR('',#6427,10.);
#1172=VECTOR('',#6428,10.);
#1173=VECTOR('',#6429,10.);
#1174=VECTOR('',#6430,10.);
#1175=VECTOR('',#6433,10.);
#1176=VECTOR('',#6434,10.);
#1177=VECTOR('',#6435,10.);
#1178=VECTOR('',#6436,10.);
#1179=VECTOR('',#6439,10.);
#1180=VECTOR('',#6442,10.);
#1181=VECTOR('',#6443,10.);
#1182=VECTOR('',#6444,10.);
#1183=VECTOR('',#6445,10.);
#1184=VECTOR('',#6450,10.);
#1185=VECTOR('',#6451,10.);
#1186=VECTOR('',#6452,10.);
#1187=VECTOR('',#6457,10.);
#1188=VECTOR('',#6458,10.);
#1189=VECTOR('',#6459,10.);
#1190=VECTOR('',#6460,10.);
#1191=VECTOR('',#6465,10.);
#1192=VECTOR('',#6466,10.);
#1193=VECTOR('',#6469,10.);
#1194=VECTOR('',#6470,10.);
#1195=VECTOR('',#6471,10.);
#1196=VECTOR('',#6472,10.);
#1197=VECTOR('',#6477,10.);
#1198=VECTOR('',#6480,10.);
#1199=VECTOR('',#6483,10.);
#1200=VECTOR('',#6486,10.);
#1201=VECTOR('',#6489,10.);
#1202=VECTOR('',#6494,10.);
#1203=VECTOR('',#6495,10.);
#1204=VECTOR('',#6496,10.);
#1205=VECTOR('',#6501,10.);
#1206=VECTOR('',#6502,10.);
#1207=VECTOR('',#6505,10.);
#1208=VECTOR('',#6506,10.);
#1209=VECTOR('',#6507,10.);
#1210=VECTOR('',#6508,10.);
#1211=VECTOR('',#6509,10.);
#1212=VECTOR('',#6510,10.);
#1213=VECTOR('',#6513,10.);
#1214=VECTOR('',#6514,10.);
#1215=VECTOR('',#6515,10.);
#1216=VECTOR('',#6516,10.);
#1217=VECTOR('',#6517,10.);
#1218=VECTOR('',#6518,10.);
#1219=VECTOR('',#6519,10.);
#1220=VECTOR('',#6520,10.);
#1221=VECTOR('',#6521,10.);
#1222=VECTOR('',#6524,10.);
#1223=VECTOR('',#6525,10.);
#1224=VECTOR('',#6528,10.);
#1225=VECTOR('',#6531,10.);
#1226=VECTOR('',#6534,10.);
#1227=VECTOR('',#6541,10.);
#1228=VECTOR('',#6544,10.);
#1229=VECTOR('',#6547,10.);
#1230=VECTOR('',#6548,10.);
#1231=VECTOR('',#6549,10.);
#1232=VECTOR('',#6552,10.);
#1233=VECTOR('',#6555,10.);
#1234=VECTOR('',#6560,10.);
#1235=VECTOR('',#6561,10.);
#1236=VECTOR('',#6566,10.);
#1237=VECTOR('',#6567,10.);
#1238=VECTOR('',#6570,10.);
#1239=VECTOR('',#6573,10.);
#1240=FACE_BOUND('',#1561,.T.);
#1241=FACE_BOUND('',#1564,.T.);
#1242=FACE_BOUND('',#1566,.T.);
#1243=FACE_BOUND('',#1567,.T.);
#1244=FACE_BOUND('',#1569,.T.);
#1245=FACE_BOUND('',#1571,.T.);
#1246=FACE_BOUND('',#1573,.T.);
#1247=FACE_BOUND('',#1674,.T.);
#1248=FACE_BOUND('',#1675,.T.);
#1249=FACE_BOUND('',#1676,.T.);
#1250=FACE_BOUND('',#1677,.T.);
#1251=FACE_BOUND('',#1678,.T.);
#1252=FACE_BOUND('',#1679,.T.);
#1253=FACE_BOUND('',#1680,.T.);
#1254=FACE_BOUND('',#1681,.T.);
#1255=FACE_BOUND('',#1682,.T.);
#1256=FACE_BOUND('',#1683,.T.);
#1257=FACE_BOUND('',#1684,.T.);
#1258=FACE_BOUND('',#1685,.T.);
#1259=FACE_BOUND('',#1686,.T.);
#1260=FACE_BOUND('',#1687,.T.);
#1261=FACE_BOUND('',#1688,.T.);
#1262=FACE_BOUND('',#1728,.T.);
#1263=FACE_BOUND('',#1729,.T.);
#1264=FACE_BOUND('',#1730,.T.);
#1265=FACE_BOUND('',#1731,.T.);
#1266=FACE_BOUND('',#1732,.T.);
#1267=FACE_BOUND('',#1766,.T.);
#1268=FACE_BOUND('',#1767,.T.);
#1269=FACE_BOUND('',#1768,.T.);
#1270=FACE_BOUND('',#1769,.T.);
#1271=FACE_BOUND('',#1776,.T.);
#1272=FACE_OUTER_BOUND('',#1560,.T.);
#1273=FACE_OUTER_BOUND('',#1562,.T.);
#1274=FACE_OUTER_BOUND('',#1563,.T.);
#1275=FACE_OUTER_BOUND('',#1565,.T.);
#1276=FACE_OUTER_BOUND('',#1568,.T.);
#1277=FACE_OUTER_BOUND('',#1570,.T.);
#1278=FACE_OUTER_BOUND('',#1572,.T.);
#1279=FACE_OUTER_BOUND('',#1574,.T.);
#1280=FACE_OUTER_BOUND('',#1575,.T.);
#1281=FACE_OUTER_BOUND('',#1576,.T.);
#1282=FACE_OUTER_BOUND('',#1577,.T.);
#1283=FACE_OUTER_BOUND('',#1578,.T.);
#1284=FACE_OUTER_BOUND('',#1579,.T.);
#1285=FACE_OUTER_BOUND('',#1580,.T.);
#1286=FACE_OUTER_BOUND('',#1581,.T.);
#1287=FACE_OUTER_BOUND('',#1582,.T.);
#1288=FACE_OUTER_BOUND('',#1583,.T.);
#1289=FACE_OUTER_BOUND('',#1584,.T.);
#1290=FACE_OUTER_BOUND('',#1585,.T.);
#1291=FACE_OUTER_BOUND('',#1586,.T.);
#1292=FACE_OUTER_BOUND('',#1587,.T.);
#1293=FACE_OUTER_BOUND('',#1588,.T.);
#1294=FACE_OUTER_BOUND('',#1589,.T.);
#1295=FACE_OUTER_BOUND('',#1590,.T.);
#1296=FACE_OUTER_BOUND('',#1591,.T.);
#1297=FACE_OUTER_BOUND('',#1592,.T.);
#1298=FACE_OUTER_BOUND('',#1593,.T.);
#1299=FACE_OUTER_BOUND('',#1594,.T.);
#1300=FACE_OUTER_BOUND('',#1595,.T.);
#1301=FACE_OUTER_BOUND('',#1596,.T.);
#1302=FACE_OUTER_BOUND('',#1597,.T.);
#1303=FACE_OUTER_BOUND('',#1598,.T.);
#1304=FACE_OUTER_BOUND('',#1599,.T.);
#1305=FACE_OUTER_BOUND('',#1600,.T.);
#1306=FACE_OUTER_BOUND('',#1601,.T.);
#1307=FACE_OUTER_BOUND('',#1602,.T.);
#1308=FACE_OUTER_BOUND('',#1603,.T.);
#1309=FACE_OUTER_BOUND('',#1604,.T.);
#1310=FACE_OUTER_BOUND('',#1605,.T.);
#1311=FACE_OUTER_BOUND('',#1606,.T.);
#1312=FACE_OUTER_BOUND('',#1607,.T.);
#1313=FACE_OUTER_BOUND('',#1608,.T.);
#1314=FACE_OUTER_BOUND('',#1609,.T.);
#1315=FACE_OUTER_BOUND('',#1610,.T.);
#1316=FACE_OUTER_BOUND('',#1611,.T.);
#1317=FACE_OUTER_BOUND('',#1612,.T.);
#1318=FACE_OUTER_BOUND('',#1613,.T.);
#1319=FACE_OUTER_BOUND('',#1614,.T.);
#1320=FACE_OUTER_BOUND('',#1615,.T.);
#1321=FACE_OUTER_BOUND('',#1616,.T.);
#1322=FACE_OUTER_BOUND('',#1617,.T.);
#1323=FACE_OUTER_BOUND('',#1618,.T.);
#1324=FACE_OUTER_BOUND('',#1619,.T.);
#1325=FACE_OUTER_BOUND('',#1620,.T.);
#1326=FACE_OUTER_BOUND('',#1621,.T.);
#1327=FACE_OUTER_BOUND('',#1622,.T.);
#1328=FACE_OUTER_BOUND('',#1623,.T.);
#1329=FACE_OUTER_BOUND('',#1624,.T.);
#1330=FACE_OUTER_BOUND('',#1625,.T.);
#1331=FACE_OUTER_BOUND('',#1626,.T.);
#1332=FACE_OUTER_BOUND('',#1627,.T.);
#1333=FACE_OUTER_BOUND('',#1628,.T.);
#1334=FACE_OUTER_BOUND('',#1629,.T.);
#1335=FACE_OUTER_BOUND('',#1630,.T.);
#1336=FACE_OUTER_BOUND('',#1631,.T.);
#1337=FACE_OUTER_BOUND('',#1632,.T.);
#1338=FACE_OUTER_BOUND('',#1633,.T.);
#1339=FACE_OUTER_BOUND('',#1634,.T.);
#1340=FACE_OUTER_BOUND('',#1635,.T.);
#1341=FACE_OUTER_BOUND('',#1636,.T.);
#1342=FACE_OUTER_BOUND('',#1637,.T.);
#1343=FACE_OUTER_BOUND('',#1638,.T.);
#1344=FACE_OUTER_BOUND('',#1639,.T.);
#1345=FACE_OUTER_BOUND('',#1640,.T.);
#1346=FACE_OUTER_BOUND('',#1641,.T.);
#1347=FACE_OUTER_BOUND('',#1642,.T.);
#1348=FACE_OUTER_BOUND('',#1643,.T.);
#1349=FACE_OUTER_BOUND('',#1644,.T.);
#1350=FACE_OUTER_BOUND('',#1645,.T.);
#1351=FACE_OUTER_BOUND('',#1646,.T.);
#1352=FACE_OUTER_BOUND('',#1647,.T.);
#1353=FACE_OUTER_BOUND('',#1648,.T.);
#1354=FACE_OUTER_BOUND('',#1649,.T.);
#1355=FACE_OUTER_BOUND('',#1650,.T.);
#1356=FACE_OUTER_BOUND('',#1651,.T.);
#1357=FACE_OUTER_BOUND('',#1652,.T.);
#1358=FACE_OUTER_BOUND('',#1653,.T.);
#1359=FACE_OUTER_BOUND('',#1654,.T.);
#1360=FACE_OUTER_BOUND('',#1655,.T.);
#1361=FACE_OUTER_BOUND('',#1656,.T.);
#1362=FACE_OUTER_BOUND('',#1657,.T.);
#1363=FACE_OUTER_BOUND('',#1658,.T.);
#1364=FACE_OUTER_BOUND('',#1659,.T.);
#1365=FACE_OUTER_BOUND('',#1660,.T.);
#1366=FACE_OUTER_BOUND('',#1661,.T.);
#1367=FACE_OUTER_BOUND('',#1662,.T.);
#1368=FACE_OUTER_BOUND('',#1663,.T.);
#1369=FACE_OUTER_BOUND('',#1664,.T.);
#1370=FACE_OUTER_BOUND('',#1665,.T.);
#1371=FACE_OUTER_BOUND('',#1666,.T.);
#1372=FACE_OUTER_BOUND('',#1667,.T.);
#1373=FACE_OUTER_BOUND('',#1668,.T.);
#1374=FACE_OUTER_BOUND('',#1669,.T.);
#1375=FACE_OUTER_BOUND('',#1670,.T.);
#1376=FACE_OUTER_BOUND('',#1671,.T.);
#1377=FACE_OUTER_BOUND('',#1672,.T.);
#1378=FACE_OUTER_BOUND('',#1673,.T.);
#1379=FACE_OUTER_BOUND('',#1689,.T.);
#1380=FACE_OUTER_BOUND('',#1690,.T.);
#1381=FACE_OUTER_BOUND('',#1691,.T.);
#1382=FACE_OUTER_BOUND('',#1692,.T.);
#1383=FACE_OUTER_BOUND('',#1693,.T.);
#1384=FACE_OUTER_BOUND('',#1694,.T.);
#1385=FACE_OUTER_BOUND('',#1695,.T.);
#1386=FACE_OUTER_BOUND('',#1696,.T.);
#1387=FACE_OUTER_BOUND('',#1697,.T.);
#1388=FACE_OUTER_BOUND('',#1698,.T.);
#1389=FACE_OUTER_BOUND('',#1699,.T.);
#1390=FACE_OUTER_BOUND('',#1700,.T.);
#1391=FACE_OUTER_BOUND('',#1701,.T.);
#1392=FACE_OUTER_BOUND('',#1702,.T.);
#1393=FACE_OUTER_BOUND('',#1703,.T.);
#1394=FACE_OUTER_BOUND('',#1704,.T.);
#1395=FACE_OUTER_BOUND('',#1705,.T.);
#1396=FACE_OUTER_BOUND('',#1706,.T.);
#1397=FACE_OUTER_BOUND('',#1707,.T.);
#1398=FACE_OUTER_BOUND('',#1708,.T.);
#1399=FACE_OUTER_BOUND('',#1709,.T.);
#1400=FACE_OUTER_BOUND('',#1710,.T.);
#1401=FACE_OUTER_BOUND('',#1711,.T.);
#1402=FACE_OUTER_BOUND('',#1712,.T.);
#1403=FACE_OUTER_BOUND('',#1713,.T.);
#1404=FACE_OUTER_BOUND('',#1714,.T.);
#1405=FACE_OUTER_BOUND('',#1715,.T.);
#1406=FACE_OUTER_BOUND('',#1716,.T.);
#1407=FACE_OUTER_BOUND('',#1717,.T.);
#1408=FACE_OUTER_BOUND('',#1718,.T.);
#1409=FACE_OUTER_BOUND('',#1719,.T.);
#1410=FACE_OUTER_BOUND('',#1720,.T.);
#1411=FACE_OUTER_BOUND('',#1721,.T.);
#1412=FACE_OUTER_BOUND('',#1722,.T.);
#1413=FACE_OUTER_BOUND('',#1723,.T.);
#1414=FACE_OUTER_BOUND('',#1724,.T.);
#1415=FACE_OUTER_BOUND('',#1725,.T.);
#1416=FACE_OUTER_BOUND('',#1726,.T.);
#1417=FACE_OUTER_BOUND('',#1727,.T.);
#1418=FACE_OUTER_BOUND('',#1733,.T.);
#1419=FACE_OUTER_BOUND('',#1734,.T.);
#1420=FACE_OUTER_BOUND('',#1735,.T.);
#1421=FACE_OUTER_BOUND('',#1736,.T.);
#1422=FACE_OUTER_BOUND('',#1737,.T.);
#1423=FACE_OUTER_BOUND('',#1738,.T.);
#1424=FACE_OUTER_BOUND('',#1739,.T.);
#1425=FACE_OUTER_BOUND('',#1740,.T.);
#1426=FACE_OUTER_BOUND('',#1741,.T.);
#1427=FACE_OUTER_BOUND('',#1742,.T.);
#1428=FACE_OUTER_BOUND('',#1743,.T.);
#1429=FACE_OUTER_BOUND('',#1744,.T.);
#1430=FACE_OUTER_BOUND('',#1745,.T.);
#1431=FACE_OUTER_BOUND('',#1746,.T.);
#1432=FACE_OUTER_BOUND('',#1747,.T.);
#1433=FACE_OUTER_BOUND('',#1748,.T.);
#1434=FACE_OUTER_BOUND('',#1749,.T.);
#1435=FACE_OUTER_BOUND('',#1750,.T.);
#1436=FACE_OUTER_BOUND('',#1751,.T.);
#1437=FACE_OUTER_BOUND('',#1752,.T.);
#1438=FACE_OUTER_BOUND('',#1753,.T.);
#1439=FACE_OUTER_BOUND('',#1754,.T.);
#1440=FACE_OUTER_BOUND('',#1755,.T.);
#1441=FACE_OUTER_BOUND('',#1756,.T.);
#1442=FACE_OUTER_BOUND('',#1757,.T.);
#1443=FACE_OUTER_BOUND('',#1758,.T.);
#1444=FACE_OUTER_BOUND('',#1759,.T.);
#1445=FACE_OUTER_BOUND('',#1760,.T.);
#1446=FACE_OUTER_BOUND('',#1761,.T.);
#1447=FACE_OUTER_BOUND('',#1762,.T.);
#1448=FACE_OUTER_BOUND('',#1763,.T.);
#1449=FACE_OUTER_BOUND('',#1764,.T.);
#1450=FACE_OUTER_BOUND('',#1765,.T.);
#1451=FACE_OUTER_BOUND('',#1770,.T.);
#1452=FACE_OUTER_BOUND('',#1771,.T.);
#1453=FACE_OUTER_BOUND('',#1772,.T.);
#1454=FACE_OUTER_BOUND('',#1773,.T.);
#1455=FACE_OUTER_BOUND('',#1774,.T.);
#1456=FACE_OUTER_BOUND('',#1775,.T.);
#1457=FACE_OUTER_BOUND('',#1777,.T.);
#1458=FACE_OUTER_BOUND('',#1778,.T.);
#1459=FACE_OUTER_BOUND('',#1779,.T.);
#1460=FACE_OUTER_BOUND('',#1780,.T.);
#1461=FACE_OUTER_BOUND('',#1781,.T.);
#1462=FACE_OUTER_BOUND('',#1782,.T.);
#1463=FACE_OUTER_BOUND('',#1783,.T.);
#1464=FACE_OUTER_BOUND('',#1784,.T.);
#1465=FACE_OUTER_BOUND('',#1785,.T.);
#1466=FACE_OUTER_BOUND('',#1786,.T.);
#1467=FACE_OUTER_BOUND('',#1787,.T.);
#1468=FACE_OUTER_BOUND('',#1788,.T.);
#1469=FACE_OUTER_BOUND('',#1789,.T.);
#1470=FACE_OUTER_BOUND('',#1790,.T.);
#1471=FACE_OUTER_BOUND('',#1791,.T.);
#1472=FACE_OUTER_BOUND('',#1792,.T.);
#1473=FACE_OUTER_BOUND('',#1793,.T.);
#1474=FACE_OUTER_BOUND('',#1794,.T.);
#1475=FACE_OUTER_BOUND('',#1795,.T.);
#1476=FACE_OUTER_BOUND('',#1796,.T.);
#1477=FACE_OUTER_BOUND('',#1797,.T.);
#1478=FACE_OUTER_BOUND('',#1798,.T.);
#1479=FACE_OUTER_BOUND('',#1799,.T.);
#1480=FACE_OUTER_BOUND('',#1800,.T.);
#1481=FACE_OUTER_BOUND('',#1801,.T.);
#1482=FACE_OUTER_BOUND('',#1802,.T.);
#1483=FACE_OUTER_BOUND('',#1803,.T.);
#1484=FACE_OUTER_BOUND('',#1804,.T.);
#1485=FACE_OUTER_BOUND('',#1805,.T.);
#1486=FACE_OUTER_BOUND('',#1806,.T.);
#1487=FACE_OUTER_BOUND('',#1807,.T.);
#1488=FACE_OUTER_BOUND('',#1808,.T.);
#1489=FACE_OUTER_BOUND('',#1809,.T.);
#1490=FACE_OUTER_BOUND('',#1810,.T.);
#1491=FACE_OUTER_BOUND('',#1811,.T.);
#1492=FACE_OUTER_BOUND('',#1812,.T.);
#1493=FACE_OUTER_BOUND('',#1813,.T.);
#1494=FACE_OUTER_BOUND('',#1814,.T.);
#1495=FACE_OUTER_BOUND('',#1815,.T.);
#1496=FACE_OUTER_BOUND('',#1816,.T.);
#1497=FACE_OUTER_BOUND('',#1817,.T.);
#1498=FACE_OUTER_BOUND('',#1818,.T.);
#1499=FACE_OUTER_BOUND('',#1819,.T.);
#1500=FACE_OUTER_BOUND('',#1820,.T.);
#1501=FACE_OUTER_BOUND('',#1821,.T.);
#1502=FACE_OUTER_BOUND('',#1822,.T.);
#1503=FACE_OUTER_BOUND('',#1823,.T.);
#1504=FACE_OUTER_BOUND('',#1824,.T.);
#1505=FACE_OUTER_BOUND('',#1825,.T.);
#1506=FACE_OUTER_BOUND('',#1826,.T.);
#1507=FACE_OUTER_BOUND('',#1827,.T.);
#1508=FACE_OUTER_BOUND('',#1828,.T.);
#1509=FACE_OUTER_BOUND('',#1829,.T.);
#1510=FACE_OUTER_BOUND('',#1830,.T.);
#1511=FACE_OUTER_BOUND('',#1831,.T.);
#1512=FACE_OUTER_BOUND('',#1832,.T.);
#1513=FACE_OUTER_BOUND('',#1833,.T.);
#1514=FACE_OUTER_BOUND('',#1834,.T.);
#1515=FACE_OUTER_BOUND('',#1835,.T.);
#1516=FACE_OUTER_BOUND('',#1836,.T.);
#1517=FACE_OUTER_BOUND('',#1837,.T.);
#1518=FACE_OUTER_BOUND('',#1838,.T.);
#1519=FACE_OUTER_BOUND('',#1839,.T.);
#1520=FACE_OUTER_BOUND('',#1840,.T.);
#1521=FACE_OUTER_BOUND('',#1841,.T.);
#1522=FACE_OUTER_BOUND('',#1842,.T.);
#1523=FACE_OUTER_BOUND('',#1843,.T.);
#1524=FACE_OUTER_BOUND('',#1844,.T.);
#1525=FACE_OUTER_BOUND('',#1845,.T.);
#1526=FACE_OUTER_BOUND('',#1846,.T.);
#1527=FACE_OUTER_BOUND('',#1847,.T.);
#1528=FACE_OUTER_BOUND('',#1848,.T.);
#1529=FACE_OUTER_BOUND('',#1849,.T.);
#1530=FACE_OUTER_BOUND('',#1850,.T.);
#1531=FACE_OUTER_BOUND('',#1851,.T.);
#1532=FACE_OUTER_BOUND('',#1852,.T.);
#1533=FACE_OUTER_BOUND('',#1853,.T.);
#1534=FACE_OUTER_BOUND('',#1854,.T.);
#1535=FACE_OUTER_BOUND('',#1855,.T.);
#1536=FACE_OUTER_BOUND('',#1856,.T.);
#1537=FACE_OUTER_BOUND('',#1857,.T.);
#1538=FACE_OUTER_BOUND('',#1858,.T.);
#1539=FACE_OUTER_BOUND('',#1859,.T.);
#1540=FACE_OUTER_BOUND('',#1860,.T.);
#1541=FACE_OUTER_BOUND('',#1861,.T.);
#1542=FACE_OUTER_BOUND('',#1862,.T.);
#1543=FACE_OUTER_BOUND('',#1863,.T.);
#1544=FACE_OUTER_BOUND('',#1864,.T.);
#1545=FACE_OUTER_BOUND('',#1865,.T.);
#1546=FACE_OUTER_BOUND('',#1866,.T.);
#1547=FACE_OUTER_BOUND('',#1867,.T.);
#1548=FACE_OUTER_BOUND('',#1868,.T.);
#1549=FACE_OUTER_BOUND('',#1869,.T.);
#1550=FACE_OUTER_BOUND('',#1870,.T.);
#1551=FACE_OUTER_BOUND('',#1871,.T.);
#1552=FACE_OUTER_BOUND('',#1872,.T.);
#1553=FACE_OUTER_BOUND('',#1873,.T.);
#1554=FACE_OUTER_BOUND('',#1874,.T.);
#1555=FACE_OUTER_BOUND('',#1875,.T.);
#1556=FACE_OUTER_BOUND('',#1876,.T.);
#1557=FACE_OUTER_BOUND('',#1877,.T.);
#1558=FACE_OUTER_BOUND('',#1878,.T.);
#1559=FACE_OUTER_BOUND('',#1879,.T.);
#1560=EDGE_LOOP('',(#3416,#3417,#3418,#3419,#3420,#3421,#3422,#3423,#3424,
#3425,#3426));
#1561=EDGE_LOOP('',(#3427,#3428,#3429,#3430,#3431,#3432,#3433,#3434,#3435));
#1562=EDGE_LOOP('',(#3436,#3437,#3438,#3439,#3440,#3441,#3442,#3443,#3444,
#3445,#3446,#3447,#3448,#3449,#3450,#3451,#3452));
#1563=EDGE_LOOP('',(#3453,#3454,#3455,#3456,#3457,#3458,#3459,#3460,#3461,
#3462,#3463,#3464));
#1564=EDGE_LOOP('',(#3465,#3466,#3467,#3468,#3469,#3470,#3471,#3472,#3473,
#3474));
#1565=EDGE_LOOP('',(#3475,#3476,#3477,#3478,#3479,#3480,#3481,#3482,#3483,
#3484,#3485,#3486,#3487,#3488));
#1566=EDGE_LOOP('',(#3489,#3490,#3491,#3492,#3493,#3494,#3495,#3496,#3497,
#3498));
#1567=EDGE_LOOP('',(#3499,#3500,#3501,#3502,#3503,#3504,#3505,#3506,#3507));
#1568=EDGE_LOOP('',(#3508,#3509,#3510,#3511,#3512,#3513,#3514,#3515));
#1569=EDGE_LOOP('',(#3516,#3517,#3518,#3519,#3520));
#1570=EDGE_LOOP('',(#3521,#3522,#3523,#3524,#3525,#3526,#3527,#3528,#3529,
#3530,#3531,#3532,#3533,#3534,#3535,#3536,#3537,#3538,#3539));
#1571=EDGE_LOOP('',(#3540,#3541,#3542,#3543,#3544,#3545,#3546,#3547));
#1572=EDGE_LOOP('',(#3548,#3549,#3550,#3551,#3552,#3553,#3554,#3555,#3556,
#3557,#3558));
#1573=EDGE_LOOP('',(#3559,#3560,#3561,#3562,#3563,#3564,#3565,#3566,#3567));
#1574=EDGE_LOOP('',(#3568,#3569,#3570,#3571,#3572,#3573,#3574,#3575,#3576,
#3577,#3578,#3579));
#1575=EDGE_LOOP('',(#3580,#3581,#3582,#3583,#3584,#3585,#3586,#3587,#3588,
#3589,#3590,#3591,#3592,#3593,#3594));
#1576=EDGE_LOOP('',(#3595,#3596,#3597,#3598,#3599,#3600));
#1577=EDGE_LOOP('',(#3601,#3602,#3603,#3604,#3605,#3606,#3607,#3608,#3609));
#1578=EDGE_LOOP('',(#3610,#3611,#3612,#3613));
#1579=EDGE_LOOP('',(#3614,#3615,#3616,#3617));
#1580=EDGE_LOOP('',(#3618,#3619,#3620,#3621));
#1581=EDGE_LOOP('',(#3622,#3623,#3624,#3625));
#1582=EDGE_LOOP('',(#3626,#3627,#3628,#3629));
#1583=EDGE_LOOP('',(#3630,#3631,#3632,#3633));
#1584=EDGE_LOOP('',(#3634,#3635,#3636,#3637));
#1585=EDGE_LOOP('',(#3638,#3639,#3640,#3641));
#1586=EDGE_LOOP('',(#3642,#3643,#3644,#3645));
#1587=EDGE_LOOP('',(#3646,#3647,#3648,#3649));
#1588=EDGE_LOOP('',(#3650,#3651,#3652,#3653));
#1589=EDGE_LOOP('',(#3654,#3655,#3656,#3657));
#1590=EDGE_LOOP('',(#3658,#3659,#3660,#3661));
#1591=EDGE_LOOP('',(#3662,#3663,#3664,#3665));
#1592=EDGE_LOOP('',(#3666,#3667,#3668,#3669));
#1593=EDGE_LOOP('',(#3670,#3671,#3672,#3673));
#1594=EDGE_LOOP('',(#3674,#3675,#3676,#3677));
#1595=EDGE_LOOP('',(#3678,#3679,#3680,#3681));
#1596=EDGE_LOOP('',(#3682,#3683,#3684,#3685));
#1597=EDGE_LOOP('',(#3686,#3687,#3688,#3689));
#1598=EDGE_LOOP('',(#3690,#3691,#3692,#3693));
#1599=EDGE_LOOP('',(#3694,#3695,#3696,#3697));
#1600=EDGE_LOOP('',(#3698,#3699,#3700,#3701));
#1601=EDGE_LOOP('',(#3702,#3703,#3704,#3705));
#1602=EDGE_LOOP('',(#3706,#3707,#3708,#3709));
#1603=EDGE_LOOP('',(#3710,#3711,#3712,#3713));
#1604=EDGE_LOOP('',(#3714,#3715,#3716,#3717));
#1605=EDGE_LOOP('',(#3718,#3719,#3720,#3721));
#1606=EDGE_LOOP('',(#3722,#3723,#3724,#3725));
#1607=EDGE_LOOP('',(#3726,#3727,#3728,#3729));
#1608=EDGE_LOOP('',(#3730,#3731,#3732,#3733));
#1609=EDGE_LOOP('',(#3734,#3735,#3736,#3737));
#1610=EDGE_LOOP('',(#3738,#3739,#3740,#3741));
#1611=EDGE_LOOP('',(#3742,#3743,#3744,#3745));
#1612=EDGE_LOOP('',(#3746,#3747,#3748,#3749));
#1613=EDGE_LOOP('',(#3750,#3751,#3752,#3753));
#1614=EDGE_LOOP('',(#3754,#3755,#3756,#3757));
#1615=EDGE_LOOP('',(#3758,#3759,#3760,#3761));
#1616=EDGE_LOOP('',(#3762,#3763,#3764,#3765));
#1617=EDGE_LOOP('',(#3766,#3767,#3768,#3769));
#1618=EDGE_LOOP('',(#3770,#3771,#3772,#3773));
#1619=EDGE_LOOP('',(#3774,#3775,#3776,#3777));
#1620=EDGE_LOOP('',(#3778,#3779,#3780,#3781));
#1621=EDGE_LOOP('',(#3782,#3783,#3784,#3785));
#1622=EDGE_LOOP('',(#3786,#3787,#3788,#3789));
#1623=EDGE_LOOP('',(#3790,#3791,#3792,#3793));
#1624=EDGE_LOOP('',(#3794,#3795,#3796,#3797));
#1625=EDGE_LOOP('',(#3798,#3799,#3800,#3801));
#1626=EDGE_LOOP('',(#3802,#3803,#3804,#3805));
#1627=EDGE_LOOP('',(#3806,#3807,#3808,#3809));
#1628=EDGE_LOOP('',(#3810,#3811,#3812,#3813));
#1629=EDGE_LOOP('',(#3814,#3815,#3816,#3817));
#1630=EDGE_LOOP('',(#3818,#3819,#3820,#3821));
#1631=EDGE_LOOP('',(#3822,#3823,#3824,#3825));
#1632=EDGE_LOOP('',(#3826,#3827,#3828,#3829));
#1633=EDGE_LOOP('',(#3830,#3831,#3832,#3833));
#1634=EDGE_LOOP('',(#3834,#3835,#3836,#3837));
#1635=EDGE_LOOP('',(#3838,#3839,#3840,#3841));
#1636=EDGE_LOOP('',(#3842,#3843,#3844,#3845));
#1637=EDGE_LOOP('',(#3846,#3847,#3848,#3849));
#1638=EDGE_LOOP('',(#3850,#3851,#3852,#3853));
#1639=EDGE_LOOP('',(#3854,#3855,#3856,#3857));
#1640=EDGE_LOOP('',(#3858,#3859,#3860,#3861));
#1641=EDGE_LOOP('',(#3862,#3863,#3864,#3865));
#1642=EDGE_LOOP('',(#3866,#3867,#3868,#3869));
#1643=EDGE_LOOP('',(#3870,#3871,#3872,#3873));
#1644=EDGE_LOOP('',(#3874,#3875,#3876,#3877));
#1645=EDGE_LOOP('',(#3878,#3879,#3880,#3881));
#1646=EDGE_LOOP('',(#3882,#3883,#3884,#3885));
#1647=EDGE_LOOP('',(#3886,#3887,#3888,#3889));
#1648=EDGE_LOOP('',(#3890,#3891,#3892,#3893));
#1649=EDGE_LOOP('',(#3894,#3895,#3896,#3897));
#1650=EDGE_LOOP('',(#3898,#3899,#3900,#3901));
#1651=EDGE_LOOP('',(#3902,#3903,#3904,#3905));
#1652=EDGE_LOOP('',(#3906,#3907,#3908,#3909));
#1653=EDGE_LOOP('',(#3910,#3911,#3912,#3913));
#1654=EDGE_LOOP('',(#3914,#3915,#3916,#3917));
#1655=EDGE_LOOP('',(#3918,#3919,#3920,#3921));
#1656=EDGE_LOOP('',(#3922,#3923,#3924,#3925));
#1657=EDGE_LOOP('',(#3926,#3927,#3928,#3929));
#1658=EDGE_LOOP('',(#3930,#3931,#3932,#3933));
#1659=EDGE_LOOP('',(#3934,#3935,#3936,#3937));
#1660=EDGE_LOOP('',(#3938,#3939,#3940,#3941));
#1661=EDGE_LOOP('',(#3942,#3943,#3944,#3945));
#1662=EDGE_LOOP('',(#3946,#3947,#3948,#3949));
#1663=EDGE_LOOP('',(#3950,#3951,#3952,#3953));
#1664=EDGE_LOOP('',(#3954,#3955,#3956,#3957));
#1665=EDGE_LOOP('',(#3958,#3959,#3960,#3961));
#1666=EDGE_LOOP('',(#3962,#3963,#3964,#3965));
#1667=EDGE_LOOP('',(#3966,#3967,#3968,#3969));
#1668=EDGE_LOOP('',(#3970,#3971,#3972,#3973));
#1669=EDGE_LOOP('',(#3974,#3975,#3976,#3977));
#1670=EDGE_LOOP('',(#3978,#3979,#3980,#3981));
#1671=EDGE_LOOP('',(#3982,#3983,#3984,#3985));
#1672=EDGE_LOOP('',(#3986,#3987,#3988,#3989));
#1673=EDGE_LOOP('',(#3990,#3991,#3992,#3993,#3994,#3995,#3996,#3997));
#1674=EDGE_LOOP('',(#3998,#3999,#4000,#4001,#4002,#4003,#4004,#4005,#4006));
#1675=EDGE_LOOP('',(#4007,#4008,#4009,#4010,#4011,#4012));
#1676=EDGE_LOOP('',(#4013,#4014,#4015,#4016,#4017,#4018,#4019,#4020,#4021,
#4022,#4023,#4024,#4025,#4026,#4027));
#1677=EDGE_LOOP('',(#4028,#4029,#4030,#4031,#4032,#4033,#4034,#4035,#4036,
#4037,#4038,#4039));
#1678=EDGE_LOOP('',(#4040,#4041,#4042,#4043,#4044,#4045,#4046,#4047,#4048,
#4049,#4050,#4051,#4052,#4053,#4054,#4055,#4056,#4057,#4058));
#1679=EDGE_LOOP('',(#4059,#4060,#4061,#4062,#4063,#4064,#4065,#4066,#4067,
#4068,#4069,#4070));
#1680=EDGE_LOOP('',(#4071,#4072,#4073,#4074,#4075,#4076,#4077,#4078,#4079,
#4080,#4081,#4082,#4083,#4084,#4085,#4086,#4087));
#1681=EDGE_LOOP('',(#4088,#4089,#4090,#4091));
#1682=EDGE_LOOP('',(#4092,#4093,#4094,#4095));
#1683=EDGE_LOOP('',(#4096,#4097,#4098,#4099));
#1684=EDGE_LOOP('',(#4100,#4101,#4102,#4103));
#1685=EDGE_LOOP('',(#4104,#4105,#4106,#4107,#4108,#4109,#4110,#4111,#4112,
#4113,#4114));
#1686=EDGE_LOOP('',(#4115,#4116,#4117,#4118,#4119,#4120,#4121,#4122,#4123,
#4124,#4125,#4126,#4127,#4128));
#1687=EDGE_LOOP('',(#4129,#4130,#4131,#4132,#4133,#4134,#4135,#4136));
#1688=EDGE_LOOP('',(#4137,#4138,#4139,#4140,#4141,#4142,#4143,#4144,#4145,
#4146,#4147));
#1689=EDGE_LOOP('',(#4148,#4149,#4150,#4151,#4152,#4153,#4154,#4155,#4156));
#1690=EDGE_LOOP('',(#4157,#4158,#4159,#4160,#4161,#4162,#4163,#4164));
#1691=EDGE_LOOP('',(#4165,#4166,#4167,#4168,#4169));
#1692=EDGE_LOOP('',(#4170,#4171,#4172,#4173,#4174,#4175,#4176,#4177,#4178,
#4179));
#1693=EDGE_LOOP('',(#4180,#4181,#4182,#4183,#4184,#4185,#4186,#4187,#4188));
#1694=EDGE_LOOP('',(#4189,#4190,#4191,#4192,#4193,#4194,#4195,#4196,#4197,
#4198));
#1695=EDGE_LOOP('',(#4199,#4200,#4201,#4202));
#1696=EDGE_LOOP('',(#4203,#4204,#4205,#4206));
#1697=EDGE_LOOP('',(#4207,#4208,#4209,#4210));
#1698=EDGE_LOOP('',(#4211,#4212,#4213,#4214));
#1699=EDGE_LOOP('',(#4215,#4216,#4217,#4218));
#1700=EDGE_LOOP('',(#4219,#4220,#4221,#4222));
#1701=EDGE_LOOP('',(#4223,#4224,#4225,#4226));
#1702=EDGE_LOOP('',(#4227,#4228,#4229,#4230));
#1703=EDGE_LOOP('',(#4231,#4232,#4233,#4234));
#1704=EDGE_LOOP('',(#4235,#4236,#4237,#4238));
#1705=EDGE_LOOP('',(#4239,#4240,#4241,#4242));
#1706=EDGE_LOOP('',(#4243,#4244,#4245,#4246));
#1707=EDGE_LOOP('',(#4247,#4248,#4249,#4250));
#1708=EDGE_LOOP('',(#4251,#4252,#4253,#4254));
#1709=EDGE_LOOP('',(#4255,#4256,#4257,#4258));
#1710=EDGE_LOOP('',(#4259,#4260,#4261,#4262));
#1711=EDGE_LOOP('',(#4263,#4264,#4265,#4266));
#1712=EDGE_LOOP('',(#4267,#4268,#4269,#4270));
#1713=EDGE_LOOP('',(#4271,#4272,#4273,#4274));
#1714=EDGE_LOOP('',(#4275,#4276,#4277,#4278));
#1715=EDGE_LOOP('',(#4279,#4280,#4281,#4282));
#1716=EDGE_LOOP('',(#4283,#4284,#4285,#4286));
#1717=EDGE_LOOP('',(#4287,#4288,#4289,#4290));
#1718=EDGE_LOOP('',(#4291,#4292,#4293,#4294));
#1719=EDGE_LOOP('',(#4295,#4296,#4297,#4298));
#1720=EDGE_LOOP('',(#4299,#4300,#4301,#4302));
#1721=EDGE_LOOP('',(#4303,#4304,#4305,#4306));
#1722=EDGE_LOOP('',(#4307,#4308,#4309,#4310));
#1723=EDGE_LOOP('',(#4311,#4312,#4313,#4314));
#1724=EDGE_LOOP('',(#4315,#4316,#4317,#4318));
#1725=EDGE_LOOP('',(#4319,#4320,#4321,#4322));
#1726=EDGE_LOOP('',(#4323,#4324,#4325,#4326));
#1727=EDGE_LOOP('',(#4327,#4328,#4329,#4330,#4331,#4332,#4333,#4334));
#1728=EDGE_LOOP('',(#4335,#4336,#4337,#4338));
#1729=EDGE_LOOP('',(#4339,#4340,#4341,#4342,#4343,#4344,#4345,#4346,#4347,
#4348,#4349,#4350));
#1730=EDGE_LOOP('',(#4351,#4352,#4353,#4354,#4355,#4356,#4357,#4358,#4359,
#4360,#4361,#4362));
#1731=EDGE_LOOP('',(#4363,#4364,#4365,#4366));
#1732=EDGE_LOOP('',(#4367,#4368,#4369,#4370,#4371,#4372,#4373,#4374));
#1733=EDGE_LOOP('',(#4375,#4376,#4377,#4378));
#1734=EDGE_LOOP('',(#4379,#4380,#4381,#4382));
#1735=EDGE_LOOP('',(#4383,#4384,#4385,#4386));
#1736=EDGE_LOOP('',(#4387,#4388,#4389,#4390));
#1737=EDGE_LOOP('',(#4391,#4392,#4393,#4394));
#1738=EDGE_LOOP('',(#4395,#4396,#4397,#4398));
#1739=EDGE_LOOP('',(#4399,#4400,#4401,#4402));
#1740=EDGE_LOOP('',(#4403,#4404,#4405,#4406));
#1741=EDGE_LOOP('',(#4407,#4408,#4409,#4410,#4411,#4412,#4413,#4414,#4415));
#1742=EDGE_LOOP('',(#4416,#4417,#4418,#4419));
#1743=EDGE_LOOP('',(#4420,#4421,#4422,#4423));
#1744=EDGE_LOOP('',(#4424,#4425,#4426,#4427));
#1745=EDGE_LOOP('',(#4428,#4429,#4430,#4431));
#1746=EDGE_LOOP('',(#4432,#4433,#4434,#4435));
#1747=EDGE_LOOP('',(#4436,#4437,#4438,#4439));
#1748=EDGE_LOOP('',(#4440,#4441,#4442,#4443));
#1749=EDGE_LOOP('',(#4444,#4445,#4446,#4447));
#1750=EDGE_LOOP('',(#4448,#4449,#4450,#4451));
#1751=EDGE_LOOP('',(#4452,#4453,#4454,#4455));
#1752=EDGE_LOOP('',(#4456,#4457,#4458,#4459));
#1753=EDGE_LOOP('',(#4460,#4461,#4462,#4463));
#1754=EDGE_LOOP('',(#4464,#4465,#4466,#4467));
#1755=EDGE_LOOP('',(#4468,#4469,#4470,#4471));
#1756=EDGE_LOOP('',(#4472,#4473,#4474,#4475));
#1757=EDGE_LOOP('',(#4476,#4477,#4478,#4479));
#1758=EDGE_LOOP('',(#4480,#4481,#4482,#4483));
#1759=EDGE_LOOP('',(#4484,#4485,#4486,#4487));
#1760=EDGE_LOOP('',(#4488,#4489,#4490,#4491));
#1761=EDGE_LOOP('',(#4492,#4493,#4494,#4495));
#1762=EDGE_LOOP('',(#4496,#4497,#4498,#4499));
#1763=EDGE_LOOP('',(#4500,#4501,#4502,#4503));
#1764=EDGE_LOOP('',(#4504,#4505,#4506,#4507));
#1765=EDGE_LOOP('',(#4508,#4509,#4510,#4511));
#1766=EDGE_LOOP('',(#4512,#4513,#4514,#4515));
#1767=EDGE_LOOP('',(#4516,#4517,#4518,#4519));
#1768=EDGE_LOOP('',(#4520,#4521,#4522,#4523));
#1769=EDGE_LOOP('',(#4524,#4525,#4526,#4527));
#1770=EDGE_LOOP('',(#4528,#4529,#4530,#4531));
#1771=EDGE_LOOP('',(#4532,#4533,#4534,#4535));
#1772=EDGE_LOOP('',(#4536,#4537,#4538,#4539,#4540,#4541,#4542,#4543,#4544,
#4545,#4546,#4547));
#1773=EDGE_LOOP('',(#4548,#4549,#4550,#4551,#4552,#4553,#4554,#4555,#4556,
#4557,#4558,#4559));
#1774=EDGE_LOOP('',(#4560,#4561,#4562,#4563));
#1775=EDGE_LOOP('',(#4564,#4565,#4566,#4567,#4568,#4569,#4570,#4571));
#1776=EDGE_LOOP('',(#4572,#4573,#4574,#4575));
#1777=EDGE_LOOP('',(#4576,#4577,#4578,#4579));
#1778=EDGE_LOOP('',(#4580,#4581,#4582,#4583));
#1779=EDGE_LOOP('',(#4584,#4585,#4586,#4587));
#1780=EDGE_LOOP('',(#4588,#4589,#4590,#4591));
#1781=EDGE_LOOP('',(#4592,#4593,#4594,#4595));
#1782=EDGE_LOOP('',(#4596,#4597,#4598,#4599));
#1783=EDGE_LOOP('',(#4600,#4601,#4602,#4603));
#1784=EDGE_LOOP('',(#4604,#4605,#4606,#4607));
#1785=EDGE_LOOP('',(#4608,#4609,#4610,#4611));
#1786=EDGE_LOOP('',(#4612,#4613,#4614,#4615));
#1787=EDGE_LOOP('',(#4616,#4617,#4618,#4619));
#1788=EDGE_LOOP('',(#4620,#4621,#4622,#4623));
#1789=EDGE_LOOP('',(#4624,#4625,#4626,#4627));
#1790=EDGE_LOOP('',(#4628,#4629,#4630,#4631));
#1791=EDGE_LOOP('',(#4632,#4633,#4634,#4635));
#1792=EDGE_LOOP('',(#4636,#4637,#4638,#4639));
#1793=EDGE_LOOP('',(#4640,#4641,#4642,#4643));
#1794=EDGE_LOOP('',(#4644,#4645,#4646,#4647));
#1795=EDGE_LOOP('',(#4648,#4649,#4650,#4651));
#1796=EDGE_LOOP('',(#4652,#4653,#4654,#4655));
#1797=EDGE_LOOP('',(#4656,#4657,#4658,#4659));
#1798=EDGE_LOOP('',(#4660,#4661,#4662,#4663));
#1799=EDGE_LOOP('',(#4664,#4665,#4666,#4667));
#1800=EDGE_LOOP('',(#4668,#4669,#4670,#4671));
#1801=EDGE_LOOP('',(#4672,#4673,#4674,#4675));
#1802=EDGE_LOOP('',(#4676,#4677,#4678,#4679));
#1803=EDGE_LOOP('',(#4680,#4681,#4682,#4683));
#1804=EDGE_LOOP('',(#4684,#4685,#4686,#4687));
#1805=EDGE_LOOP('',(#4688,#4689,#4690,#4691));
#1806=EDGE_LOOP('',(#4692,#4693,#4694,#4695));
#1807=EDGE_LOOP('',(#4696,#4697,#4698,#4699));
#1808=EDGE_LOOP('',(#4700,#4701,#4702,#4703));
#1809=EDGE_LOOP('',(#4704,#4705,#4706,#4707));
#1810=EDGE_LOOP('',(#4708,#4709,#4710,#4711));
#1811=EDGE_LOOP('',(#4712,#4713,#4714,#4715));
#1812=EDGE_LOOP('',(#4716,#4717,#4718,#4719));
#1813=EDGE_LOOP('',(#4720,#4721,#4722,#4723));
#1814=EDGE_LOOP('',(#4724,#4725,#4726,#4727));
#1815=EDGE_LOOP('',(#4728,#4729,#4730,#4731));
#1816=EDGE_LOOP('',(#4732,#4733,#4734,#4735));
#1817=EDGE_LOOP('',(#4736,#4737,#4738,#4739));
#1818=EDGE_LOOP('',(#4740,#4741,#4742,#4743));
#1819=EDGE_LOOP('',(#4744,#4745,#4746,#4747));
#1820=EDGE_LOOP('',(#4748,#4749,#4750,#4751));
#1821=EDGE_LOOP('',(#4752,#4753,#4754,#4755));
#1822=EDGE_LOOP('',(#4756,#4757,#4758,#4759));
#1823=EDGE_LOOP('',(#4760,#4761,#4762,#4763));
#1824=EDGE_LOOP('',(#4764,#4765,#4766,#4767));
#1825=EDGE_LOOP('',(#4768,#4769,#4770,#4771));
#1826=EDGE_LOOP('',(#4772,#4773,#4774,#4775));
#1827=EDGE_LOOP('',(#4776,#4777,#4778,#4779));
#1828=EDGE_LOOP('',(#4780,#4781,#4782,#4783));
#1829=EDGE_LOOP('',(#4784,#4785,#4786,#4787));
#1830=EDGE_LOOP('',(#4788,#4789,#4790,#4791));
#1831=EDGE_LOOP('',(#4792,#4793,#4794,#4795));
#1832=EDGE_LOOP('',(#4796,#4797,#4798,#4799));
#1833=EDGE_LOOP('',(#4800,#4801,#4802,#4803));
#1834=EDGE_LOOP('',(#4804,#4805,#4806,#4807));
#1835=EDGE_LOOP('',(#4808,#4809,#4810,#4811));
#1836=EDGE_LOOP('',(#4812,#4813,#4814,#4815));
#1837=EDGE_LOOP('',(#4816,#4817,#4818,#4819));
#1838=EDGE_LOOP('',(#4820,#4821,#4822,#4823));
#1839=EDGE_LOOP('',(#4824,#4825,#4826,#4827));
#1840=EDGE_LOOP('',(#4828,#4829,#4830,#4831));
#1841=EDGE_LOOP('',(#4832,#4833,#4834,#4835));
#1842=EDGE_LOOP('',(#4836,#4837,#4838,#4839));
#1843=EDGE_LOOP('',(#4840,#4841,#4842,#4843));
#1844=EDGE_LOOP('',(#4844,#4845,#4846,#4847));
#1845=EDGE_LOOP('',(#4848,#4849,#4850,#4851));
#1846=EDGE_LOOP('',(#4852,#4853,#4854,#4855));
#1847=EDGE_LOOP('',(#4856,#4857,#4858,#4859));
#1848=EDGE_LOOP('',(#4860,#4861,#4862,#4863));
#1849=EDGE_LOOP('',(#4864,#4865,#4866,#4867));
#1850=EDGE_LOOP('',(#4868,#4869,#4870,#4871));
#1851=EDGE_LOOP('',(#4872,#4873,#4874,#4875));
#1852=EDGE_LOOP('',(#4876,#4877,#4878,#4879));
#1853=EDGE_LOOP('',(#4880,#4881,#4882,#4883));
#1854=EDGE_LOOP('',(#4884,#4885,#4886,#4887));
#1855=EDGE_LOOP('',(#4888,#4889,#4890,#4891));
#1856=EDGE_LOOP('',(#4892,#4893,#4894,#4895));
#1857=EDGE_LOOP('',(#4896,#4897,#4898,#4899));
#1858=EDGE_LOOP('',(#4900,#4901,#4902,#4903));
#1859=EDGE_LOOP('',(#4904,#4905,#4906,#4907));
#1860=EDGE_LOOP('',(#4908,#4909,#4910,#4911));
#1861=EDGE_LOOP('',(#4912,#4913,#4914,#4915));
#1862=EDGE_LOOP('',(#4916,#4917,#4918,#4919));
#1863=EDGE_LOOP('',(#4920,#4921,#4922,#4923));
#1864=EDGE_LOOP('',(#4924,#4925,#4926,#4927));
#1865=EDGE_LOOP('',(#4928,#4929,#4930,#4931));
#1866=EDGE_LOOP('',(#4932,#4933,#4934,#4935));
#1867=EDGE_LOOP('',(#4936,#4937,#4938,#4939));
#1868=EDGE_LOOP('',(#4940,#4941,#4942,#4943));
#1869=EDGE_LOOP('',(#4944,#4945,#4946,#4947));
#1870=EDGE_LOOP('',(#4948,#4949,#4950,#4951));
#1871=EDGE_LOOP('',(#4952,#4953,#4954,#4955));
#1872=EDGE_LOOP('',(#4956,#4957,#4958,#4959));
#1873=EDGE_LOOP('',(#4960,#4961,#4962,#4963));
#1874=EDGE_LOOP('',(#4964,#4965,#4966,#4967));
#1875=EDGE_LOOP('',(#4968,#4969,#4970,#4971));
#1876=EDGE_LOOP('',(#4972,#4973,#4974,#4975));
#1877=EDGE_LOOP('',(#4976,#4977,#4978,#4979));
#1878=EDGE_LOOP('',(#4980,#4981,#4982,#4983));
#1879=EDGE_LOOP('',(#4984,#4985,#4986,#4987));
#1880=B_SPLINE_CURVE_WITH_KNOTS('',3,(#6580,#6581,#6582,#6583,#6584,#6585,
#6586),.UNSPECIFIED.,.F.,.F.,(4,3,4),(-0.0519866778766115,-0.0260173631467147,
-6.93889390390723E-18),.UNSPECIFIED.);
#1881=B_SPLINE_CURVE_WITH_KNOTS('',3,(#6588,#6589,#6590,#6591,#6592,#6593,
#6594),.UNSPECIFIED.,.F.,.F.,(4,3,4),(-0.0514186491023009,-0.0257479742183106,
0.),.UNSPECIFIED.);
#1882=B_SPLINE_CURVE_WITH_KNOTS('',3,(#6596,#6597,#6598,#6599,#6600,#6601,
#6602),.UNSPECIFIED.,.F.,.F.,(4,3,4),(-0.05542328321228,-0.0271308427992899,
0.),.UNSPECIFIED.);
#1883=B_SPLINE_CURVE_WITH_KNOTS('',3,(#6604,#6605,#6606,#6607,#6608,#6609,
#6610),.UNSPECIFIED.,.F.,.F.,(4,3,4),(-0.0510323223233025,-0.0256153363441227,
0.),.UNSPECIFIED.);
#1884=B_SPLINE_CURVE_WITH_KNOTS('',3,(#6612,#6613,#6614,#6615,#6616,#6617,
#6618),.UNSPECIFIED.,.F.,.F.,(4,3,4),(-0.052889370904958,-0.0260970885582761,
-6.93889390390723E-18),.UNSPECIFIED.);
#1885=B_SPLINE_CURVE_WITH_KNOTS('',3,(#6620,#6621,#6622,#6623,#6624,#6625,
#6626),.UNSPECIFIED.,.F.,.F.,(4,3,4),(-0.0596700167620813,-0.0288986187187171,
0.),.UNSPECIFIED.);
#1886=B_SPLINE_CURVE_WITH_KNOTS('',3,(#6628,#6629,#6630,#6631,#6632,#6633,
#6634),.UNSPECIFIED.,.F.,.F.,(4,3,4),(-0.0558398180840828,-0.0288532633385832,
-6.93889390390723E-18),.UNSPECIFIED.);
#1887=B_SPLINE_CURVE_WITH_KNOTS('',3,(#6636,#6637,#6638,#6639,#6640,#6641,
#6642),.UNSPECIFIED.,.F.,.F.,(4,3,4),(-0.0513394751966167,-0.0258032594961435,
0.),.UNSPECIFIED.);
#1888=B_SPLINE_CURVE_WITH_KNOTS('',3,(#6644,#6645,#6646,#6647,#6648,#6649,
#6650),.UNSPECIFIED.,.F.,.F.,(4,3,4),(-0.0544387096223192,-0.0267319658180622,
6.93889390390723E-18),.UNSPECIFIED.);
#1889=B_SPLINE_CURVE_WITH_KNOTS('',3,(#6652,#6653,#6654,#6655,#6656,#6657,
#6658),.UNSPECIFIED.,.F.,.F.,(4,3,4),(-0.0784228482157224,-0.0401553879089631,
0.),.UNSPECIFIED.);
#1890=B_SPLINE_CURVE_WITH_KNOTS('',3,(#6659,#6660,#6661,#6662,#6663,#6664,
#6665),.UNSPECIFIED.,.F.,.F.,(4,3,4),(-0.0937955344462282,-0.0436711893652767,
0.),.UNSPECIFIED.);
#1891=B_SPLINE_CURVE_WITH_KNOTS('',3,(#6668,#6669,#6670,#6671,#6672,#6673,
#6674),.UNSPECIFIED.,.F.,.F.,(4,3,4),(-0.0718907347015459,-0.0406955519503402,
0.),.UNSPECIFIED.);
#1892=B_SPLINE_CURVE_WITH_KNOTS('',3,(#6676,#6677,#6678,#6679,#6680,#6681,
#6682),.UNSPECIFIED.,.F.,.F.,(4,3,4),(-0.0544947440510948,-0.0272148765011379,
-6.93889390390723E-18),.UNSPECIFIED.);
#1893=B_SPLINE_CURVE_WITH_KNOTS('',3,(#6684,#6685,#6686,#6687,#6688,#6689,
#6690),.UNSPECIFIED.,.F.,.F.,(4,3,4),(-0.0379323256134553,-0.0192243134058722,
0.),.UNSPECIFIED.);
#1894=B_SPLINE_CURVE_WITH_KNOTS('',3,(#6692,#6693,#6694,#6695,#6696,#6697,
#6698),.UNSPECIFIED.,.F.,.F.,(4,3,4),(-0.0392214226202275,-0.0192864453128748,
0.),.UNSPECIFIED.);
#1895=B_SPLINE_CURVE_WITH_KNOTS('',3,(#6700,#6701,#6702,#6703,#6704,#6705,
#6706),.UNSPECIFIED.,.F.,.F.,(4,3,4),(-0.0473594239113569,-0.0224598201995481,
0.),.UNSPECIFIED.);
#1896=B_SPLINE_CURVE_WITH_KNOTS('',3,(#6708,#6709,#6710,#6711,#6712,#6713,
#6714),.UNSPECIFIED.,.F.,.F.,(4,3,4),(-0.0657085393005957,-0.0355853472589135,
0.),.UNSPECIFIED.);
#1897=B_SPLINE_CURVE_WITH_KNOTS('',3,(#6716,#6717,#6718,#6719,#6720,#6721,
#6722),.UNSPECIFIED.,.F.,.F.,(4,3,4),(-0.0576535612768801,-0.0284489222757521,
-6.93889390390723E-18),.UNSPECIFIED.);
#1898=B_SPLINE_CURVE_WITH_KNOTS('',3,(#6724,#6725,#6726,#6727,#6728,#6729,
#6730),.UNSPECIFIED.,.F.,.F.,(4,3,4),(-0.0557827979920507,-0.0281261225443607,
0.),.UNSPECIFIED.);
#1899=B_SPLINE_CURVE_WITH_KNOTS('',3,(#6731,#6732,#6733,#6734,#6735,#6736,
#6737),.UNSPECIFIED.,.F.,.F.,(4,3,4),(-0.0682920930245192,-0.0318922234711655,
0.),.UNSPECIFIED.);
#1900=B_SPLINE_CURVE_WITH_KNOTS('',3,(#6743,#6744,#6745,#6746,#6747,#6748,
#6749),.UNSPECIFIED.,.F.,.F.,(4,3,4),(-0.055858024427121,-0.0333071894924285,
6.93889390390723E-18),.UNSPECIFIED.);
#1901=B_SPLINE_CURVE_WITH_KNOTS('',3,(#6751,#6752,#6753,#6754,#6755,#6756,
#6757),.UNSPECIFIED.,.F.,.F.,(4,3,4),(-0.0510618804175673,-0.0221688919451816,
0.),.UNSPECIFIED.);
#1902=B_SPLINE_CURVE_WITH_KNOTS('',3,(#6759,#6760,#6761,#6762,#6763,#6764,
#6765),.UNSPECIFIED.,.F.,.F.,(4,3,4),(-0.0302980046818646,-0.016056342641825,
-3.46944695195361E-18),.UNSPECIFIED.);
#1903=B_SPLINE_CURVE_WITH_KNOTS('',3,(#6767,#6768,#6769,#6770,#6771,#6772,
#6773),.UNSPECIFIED.,.F.,.F.,(4,3,4),(-0.026165912972332,-0.0131628607214402,
0.),.UNSPECIFIED.);
#1904=B_SPLINE_CURVE_WITH_KNOTS('',3,(#6775,#6776,#6777,#6778,#6779,#6780,
#6781),.UNSPECIFIED.,.F.,.F.,(4,3,4),(-0.0437377642329781,-0.0182239920960875,
0.),.UNSPECIFIED.);
#1905=B_SPLINE_CURVE_WITH_KNOTS('',3,(#6789,#6790,#6791,#6792,#6793,#6794,
#6795),.UNSPECIFIED.,.F.,.F.,(4,3,4),(-0.0518568274357958,-0.0290023302137434,
0.),.UNSPECIFIED.);
#1906=B_SPLINE_CURVE_WITH_KNOTS('',3,(#6797,#6798,#6799,#6800,#6801,#6802,
#6803),.UNSPECIFIED.,.F.,.F.,(4,3,4),(-0.0396741720933762,-0.0197155501296446,
0.),.UNSPECIFIED.);
#1907=B_SPLINE_CURVE_WITH_KNOTS('',3,(#6805,#6806,#6807,#6808,#6809,#6810,
#6811),.UNSPECIFIED.,.F.,.F.,(4,3,4),(-0.052726922392275,-0.0241486604177336,
0.),.UNSPECIFIED.);
#1908=B_SPLINE_CURVE_WITH_KNOTS('',3,(#6813,#6814,#6815,#6816,#6817,#6818,
#6819),.UNSPECIFIED.,.F.,.F.,(4,3,4),(-0.0494379027571879,-0.0267993028134535,
0.),.UNSPECIFIED.);
#1909=B_SPLINE_CURVE_WITH_KNOTS('',3,(#6821,#6822,#6823,#6824,#6825,#6826,
#6827),.UNSPECIFIED.,.F.,.F.,(4,3,4),(-0.0391504838347624,-0.0201014986189443,
0.),.UNSPECIFIED.);
#1910=B_SPLINE_CURVE_WITH_KNOTS('',3,(#6829,#6830,#6831,#6832,#6833,#6834,
#6835),.UNSPECIFIED.,.F.,.F.,(4,3,4),(-0.0545467785588811,-0.0241043121925039,
-6.93889390390723E-18),.UNSPECIFIED.);
#1911=B_SPLINE_CURVE_WITH_KNOTS('',3,(#6844,#6845,#6846,#6847,#6848,#6849,
#6850),.UNSPECIFIED.,.F.,.F.,(4,3,4),(-0.0325406664542976,-0.0172181630770709,
0.),.UNSPECIFIED.);
#1912=B_SPLINE_CURVE_WITH_KNOTS('',3,(#6852,#6853,#6854,#6855,#6856,#6857,
#6858),.UNSPECIFIED.,.F.,.F.,(4,3,4),(-0.0261817182672417,-0.0137260703436527,
-3.46944695195361E-18),.UNSPECIFIED.);
#1913=B_SPLINE_CURVE_WITH_KNOTS('',3,(#6860,#6861,#6862,#6863,#6864,#6865,
#6866),.UNSPECIFIED.,.F.,.F.,(4,3,4),(-0.0277609445162185,-0.0132497632663247,
0.),.UNSPECIFIED.);
#1914=B_SPLINE_CURVE_WITH_KNOTS('',3,(#6868,#6869,#6870,#6871,#6872,#6873,
#6874),.UNSPECIFIED.,.F.,.F.,(4,3,4),(-0.0353283040707758,-0.0165118923948599,
0.),.UNSPECIFIED.);
#1915=B_SPLINE_CURVE_WITH_KNOTS('',3,(#6876,#6877,#6878,#6879,#6880,#6881,
#6882),.UNSPECIFIED.,.F.,.F.,(4,3,4),(-0.044249793505404,-0.0209241423302177,
0.),.UNSPECIFIED.);
#1916=B_SPLINE_CURVE_WITH_KNOTS('',3,(#6884,#6885,#6886,#6887,#6888,#6889,
#6890),.UNSPECIFIED.,.F.,.F.,(4,3,4),(-0.0487416056792945,-0.0255191930124069,
0.),.UNSPECIFIED.);
#1917=B_SPLINE_CURVE_WITH_KNOTS('',3,(#6892,#6893,#6894,#6895,#6896,#6897,
#6898),.UNSPECIFIED.,.F.,.F.,(4,3,4),(-0.0423762324137519,-0.0215810604648747,
0.),.UNSPECIFIED.);
#1918=B_SPLINE_CURVE_WITH_KNOTS('',3,(#6900,#6901,#6902,#6903,#6904,#6905,
#6906),.UNSPECIFIED.,.F.,.F.,(4,3,4),(-0.034670994874694,-0.0168849794741278,
0.),.UNSPECIFIED.);
#1919=B_SPLINE_CURVE_WITH_KNOTS('',3,(#6908,#6909,#6910,#6911,#6912,#6913,
#6914),.UNSPECIFIED.,.F.,.F.,(4,3,4),(-0.0402269341180551,-0.0170857630855309,
0.),.UNSPECIFIED.);
#1920=B_SPLINE_CURVE_WITH_KNOTS('',3,(#6924,#6925,#6926,#6927,#6928,#6929,
#6930),.UNSPECIFIED.,.F.,.F.,(4,3,4),(-0.0356034147217023,-0.0209758470277153,
0.),.UNSPECIFIED.);
#1921=B_SPLINE_CURVE_WITH_KNOTS('',3,(#6932,#6933,#6934,#6935,#6936,#6937,
#6938),.UNSPECIFIED.,.F.,.F.,(4,3,4),(-0.0376862538662563,-0.0177135215796414,
-6.93889390390723E-18),.UNSPECIFIED.);
#1922=B_SPLINE_CURVE_WITH_KNOTS('',3,(#6940,#6941,#6942,#6943,#6944,#6945,
#6946),.UNSPECIFIED.,.F.,.F.,(4,3,4),(-0.0562364118545857,-0.024741272574741,
0.),.UNSPECIFIED.);
#1923=B_SPLINE_CURVE_WITH_KNOTS('',3,(#6948,#6949,#6950,#6951,#6952,#6953,
#6954),.UNSPECIFIED.,.F.,.F.,(4,3,4),(-0.0393809930071199,-0.0211952821894171,
0.),.UNSPECIFIED.);
#1924=B_SPLINE_CURVE_WITH_KNOTS('',3,(#6956,#6957,#6958,#6959,#6960,#6961,
#6962),.UNSPECIFIED.,.F.,.F.,(4,3,4),(-0.0298111765686705,-0.0157904198128051,
0.),.UNSPECIFIED.);
#1925=B_SPLINE_CURVE_WITH_KNOTS('',3,(#6964,#6965,#6966,#6967,#6968,#6969,
#6970),.UNSPECIFIED.,.F.,.F.,(4,3,4),(-0.02280246103364,-0.0107351374627588,
0.),.UNSPECIFIED.);
#1926=B_SPLINE_CURVE_WITH_KNOTS('',3,(#6972,#6973,#6974,#6975,#6976,#6977,
#6978),.UNSPECIFIED.,.F.,.F.,(4,3,4),(-0.0352474952540634,-0.0153716065880391,
0.),.UNSPECIFIED.);
#1927=B_SPLINE_CURVE_WITH_KNOTS('',3,(#6985,#6986,#6987,#6988,#6989,#6990,
#6991),.UNSPECIFIED.,.F.,.F.,(4,3,4),(-0.0327836166912543,-0.0177911291699607,
0.),.UNSPECIFIED.);
#1928=B_SPLINE_CURVE_WITH_KNOTS('',3,(#6993,#6994,#6995,#6996,#6997,#6998,
#6999),.UNSPECIFIED.,.F.,.F.,(4,3,4),(-0.0243689138852476,-0.0128677512743446,
0.),.UNSPECIFIED.);
#1929=B_SPLINE_CURVE_WITH_KNOTS('',3,(#7001,#7002,#7003,#7004,#7005,#7006,
#7007),.UNSPECIFIED.,.F.,.F.,(4,3,4),(-0.0259921235742496,-0.0122904261968033,
0.),.UNSPECIFIED.);
#1930=B_SPLINE_CURVE_WITH_KNOTS('',3,(#7009,#7010,#7011,#7012,#7013,#7014,
#7015),.UNSPECIFIED.,.F.,.F.,(4,3,4),(-0.0277700769849248,-0.0137279062834637,
0.),.UNSPECIFIED.);
#1931=B_SPLINE_CURVE_WITH_KNOTS('',3,(#7017,#7018,#7019,#7020,#7021,#7022,
#7023),.UNSPECIFIED.,.F.,.F.,(4,3,4),(-0.0328462003051491,-0.0167806580474428,
0.),.UNSPECIFIED.);
#1932=B_SPLINE_CURVE_WITH_KNOTS('',3,(#7025,#7026,#7027,#7028,#7029,#7030,
#7031),.UNSPECIFIED.,.F.,.F.,(4,3,4),(-0.036558618992529,-0.0174921516993107,
0.),.UNSPECIFIED.);
#1933=B_SPLINE_CURVE_WITH_KNOTS('',3,(#7033,#7034,#7035,#7036,#7037,#7038,
#7039),.UNSPECIFIED.,.F.,.F.,(4,3,4),(-0.0285511429880355,-0.0149000067945033,
-3.46944695195361E-18),.UNSPECIFIED.);
#1934=B_SPLINE_CURVE_WITH_KNOTS('',3,(#7041,#7042,#7043,#7044,#7045,#7046,
#7047),.UNSPECIFIED.,.F.,.F.,(4,3,4),(-0.0256937282175571,-0.012968248973098,
-3.46944695195361E-18),.UNSPECIFIED.);
#1935=B_SPLINE_CURVE_WITH_KNOTS('',3,(#7049,#7050,#7051,#7052,#7053,#7054,
#7055),.UNSPECIFIED.,.F.,.F.,(4,3,4),(-0.0291611582510691,-0.0142892425419873,
0.),.UNSPECIFIED.);
#1936=B_SPLINE_CURVE_WITH_KNOTS('',3,(#7057,#7058,#7059,#7060,#7061,#7062,
#7063),.UNSPECIFIED.,.F.,.F.,(4,3,4),(-0.0296617527960844,-0.014761845865843,
0.),.UNSPECIFIED.);
#1937=B_SPLINE_CURVE_WITH_KNOTS('',3,(#7065,#7066,#7067,#7068,#7069,#7070,
#7071),.UNSPECIFIED.,.F.,.F.,(4,3,4),(-0.0419979625633755,-0.0187782437806358,
-6.93889390390723E-18),.UNSPECIFIED.);
#1938=B_SPLINE_CURVE_WITH_KNOTS('',3,(#7081,#7082,#7083,#7084,#7085,#7086,
#7087),.UNSPECIFIED.,.F.,.F.,(4,3,4),(-0.0301308798094006,-0.017226952452815,
-3.46944695195361E-18),.UNSPECIFIED.);
#1939=B_SPLINE_CURVE_WITH_KNOTS('',3,(#7089,#7090,#7091,#7092,#7093,#7094,
#7095),.UNSPECIFIED.,.F.,.F.,(4,3,4),(-0.020296701563344,-0.0103207255784799,
3.46944695195361E-18),.UNSPECIFIED.);
#1940=B_SPLINE_CURVE_WITH_KNOTS('',3,(#7097,#7098,#7099,#7100,#7101,#7102,
#7103),.UNSPECIFIED.,.F.,.F.,(4,3,4),(-0.0218256546677279,-0.010599161895889,
0.),.UNSPECIFIED.);
#1941=B_SPLINE_CURVE_WITH_KNOTS('',3,(#7105,#7106,#7107,#7108,#7109,#7110,
#7111),.UNSPECIFIED.,.F.,.F.,(4,3,4),(-0.0176440266686511,-0.00914489782929674,
0.),.UNSPECIFIED.);
#1942=B_SPLINE_CURVE_WITH_KNOTS('',3,(#7113,#7114,#7115,#7116,#7117,#7118,
#7119),.UNSPECIFIED.,.F.,.F.,(4,3,4),(-0.0153345742829654,-0.00794537563222788,
0.),.UNSPECIFIED.);
#1943=B_SPLINE_CURVE_WITH_KNOTS('',3,(#7121,#7122,#7123,#7124,#7125,#7126,
#7127),.UNSPECIFIED.,.F.,.F.,(4,3,4),(-0.0178432153170559,-0.00835155507202784,
-3.46944695195361E-18),.UNSPECIFIED.);
#1944=B_SPLINE_CURVE_WITH_KNOTS('',3,(#7129,#7130,#7131,#7132,#7133,#7134,
#7135),.UNSPECIFIED.,.F.,.F.,(4,3,4),(-0.0200485570614613,-0.00792104749069465,
0.),.UNSPECIFIED.);
#1945=B_SPLINE_CURVE_WITH_KNOTS('',3,(#7143,#7144,#7145,#7146,#7147,#7148,
#7149),.UNSPECIFIED.,.F.,.F.,(4,3,4),(-0.0316161203086981,-0.0189966566201893,
0.),.UNSPECIFIED.);
#1946=B_SPLINE_CURVE_WITH_KNOTS('',3,(#7151,#7152,#7153,#7154,#7155,#7156,
#7157),.UNSPECIFIED.,.F.,.F.,(4,3,4),(-0.0177769421547821,-0.00898122088433681,
0.),.UNSPECIFIED.);
#1947=B_SPLINE_CURVE_WITH_KNOTS('',3,(#7159,#7160,#7161,#7162,#7163,#7164,
#7165),.UNSPECIFIED.,.F.,.F.,(4,3,4),(-0.0194796854737724,-0.00946448099973066,
0.),.UNSPECIFIED.);
#1948=B_SPLINE_CURVE_WITH_KNOTS('',3,(#7167,#7168,#7169,#7170,#7171,#7172,
#7173),.UNSPECIFIED.,.F.,.F.,(4,3,4),(-0.0187959035683714,-0.00989247294179509,
0.),.UNSPECIFIED.);
#1949=B_SPLINE_CURVE_WITH_KNOTS('',3,(#7175,#7176,#7177,#7178,#7179,#7180,
#7181),.UNSPECIFIED.,.F.,.F.,(4,3,4),(-0.0202050129394759,-0.00956213315023007,
0.),.UNSPECIFIED.);
#1950=B_SPLINE_CURVE_WITH_KNOTS('',3,(#7183,#7184,#7185,#7186,#7187,#7188,
#7189),.UNSPECIFIED.,.F.,.F.,(4,3,4),(-0.0284187120382513,-0.0115001667926462,
0.),.UNSPECIFIED.);
#1951=B_SPLINE_CURVE_WITH_KNOTS('',3,(#7212,#7213,#7214,#7215,#7216,#7217,
#7218),.UNSPECIFIED.,.F.,.F.,(4,3,4),(-0.03976075332649,-0.0200277714099011,
0.),.UNSPECIFIED.);
#1952=B_SPLINE_CURVE_WITH_KNOTS('',3,(#7220,#7221,#7222,#7223,#7224,#7225,
#7226),.UNSPECIFIED.,.F.,.F.,(4,3,4),(-0.0490402037736368,-0.0216937175845896,
0.),.UNSPECIFIED.);
#1953=B_SPLINE_CURVE_WITH_KNOTS('',3,(#7239,#7240,#7241,#7242,#7243,#7244,
#7245),.UNSPECIFIED.,.F.,.F.,(4,3,4),(-0.0151961806341081,-0.00905040949310211,
1.73472347597681E-18),.UNSPECIFIED.);
#1954=B_SPLINE_CURVE_WITH_KNOTS('',3,(#7247,#7248,#7249,#7250,#7251,#7252,
#7253),.UNSPECIFIED.,.F.,.F.,(4,3,4),(-0.0139357943814293,-0.00677178828122853,
0.),.UNSPECIFIED.);
#1955=B_SPLINE_CURVE_WITH_KNOTS('',3,(#7255,#7256,#7257,#7258,#7259,#7260,
#7261),.UNSPECIFIED.,.F.,.F.,(4,3,4),(-0.0214080819020974,-0.00925797484199981,
0.),.UNSPECIFIED.);
#1956=B_SPLINE_CURVE_WITH_KNOTS('',3,(#7263,#7264,#7265,#7266,#7267,#7268,
#7269),.UNSPECIFIED.,.F.,.F.,(4,3,4),(-0.0376553595418519,-0.0162224906762403,
0.),.UNSPECIFIED.);
#1957=B_SPLINE_CURVE_WITH_KNOTS('',3,(#7277,#7278,#7279,#7280,#7281,#7282,
#7283),.UNSPECIFIED.,.F.,.F.,(4,3,4),(-0.0347297729543302,-0.0181974658789744,
0.),.UNSPECIFIED.);
#1958=B_SPLINE_CURVE_WITH_KNOTS('',3,(#7285,#7286,#7287,#7288,#7289,#7290,
#7291),.UNSPECIFIED.,.F.,.F.,(4,3,4),(-0.0211424586534429,-0.00935353284200575,
0.),.UNSPECIFIED.);
#1959=B_SPLINE_CURVE_WITH_KNOTS('',3,(#7293,#7294,#7295,#7296,#7297,#7298,
#7299),.UNSPECIFIED.,.F.,.F.,(4,3,4),(-0.0484314953924706,-0.0266243438332246,
0.),.UNSPECIFIED.);
#1960=B_SPLINE_CURVE_WITH_KNOTS('',3,(#7301,#7302,#7303,#7304,#7305,#7306,
#7307),.UNSPECIFIED.,.F.,.F.,(4,3,4),(-0.0412784193577251,-0.0203032977156255,
0.),.UNSPECIFIED.);
#1961=B_SPLINE_CURVE_WITH_KNOTS('',3,(#7309,#7310,#7311,#7312,#7313,#7314,
#7315),.UNSPECIFIED.,.F.,.F.,(4,3,4),(-0.0319701435103747,-0.0161222296775673,
0.),.UNSPECIFIED.);
#1962=B_SPLINE_CURVE_WITH_KNOTS('',3,(#7317,#7318,#7319,#7320,#7321,#7322,
#7323),.UNSPECIFIED.,.F.,.F.,(4,3,4),(-0.0302198871540621,-0.0153901815903897,
0.),.UNSPECIFIED.);
#1963=B_SPLINE_CURVE_WITH_KNOTS('',3,(#7325,#7326,#7327,#7328,#7329,#7330,
#7331),.UNSPECIFIED.,.F.,.F.,(4,3,4),(-0.0464025695615196,-0.0198307553460495,
0.),.UNSPECIFIED.);
#1964=B_SPLINE_CURVE_WITH_KNOTS('',3,(#7341,#7342,#7343,#7344,#7345,#7346,
#7347),.UNSPECIFIED.,.F.,.F.,(4,3,4),(-0.0355840799470506,-0.0200922664423364,
0.),.UNSPECIFIED.);
#1965=B_SPLINE_CURVE_WITH_KNOTS('',3,(#7349,#7350,#7351,#7352,#7353,#7354,
#7355),.UNSPECIFIED.,.F.,.F.,(4,3,4),(-0.0273418155247416,-0.0135542499956966,
3.46944695195361E-18),.UNSPECIFIED.);
#1966=B_SPLINE_CURVE_WITH_KNOTS('',3,(#7357,#7358,#7359,#7360,#7361,#7362,
#7363),.UNSPECIFIED.,.F.,.F.,(4,3,4),(-0.0192988626256459,-0.00961423619772609,
0.),.UNSPECIFIED.);
#1967=B_SPLINE_CURVE_WITH_KNOTS('',3,(#7365,#7366,#7367,#7368,#7369,#7370,
#7371),.UNSPECIFIED.,.F.,.F.,(4,3,4),(-0.0212192732138268,-0.0103110700450976,
0.),.UNSPECIFIED.);
#1968=B_SPLINE_CURVE_WITH_KNOTS('',3,(#7373,#7374,#7375,#7376,#7377,#7378,
#7379),.UNSPECIFIED.,.F.,.F.,(4,3,4),(-0.0323241552538035,-0.0141007376233971,
0.),.UNSPECIFIED.);
#1969=B_SPLINE_CURVE_WITH_KNOTS('',3,(#7384,#7385,#7386,#7387,#7388,#7389,
#7390),.UNSPECIFIED.,.F.,.F.,(4,3,4),(-0.0519867080000985,-0.026017363190421,
0.),.UNSPECIFIED.);
#1970=B_SPLINE_CURVE_WITH_KNOTS('',3,(#7392,#7393,#7394,#7395,#7396,#7397,
#7398),.UNSPECIFIED.,.F.,.F.,(4,3,4),(-0.0514186228867703,-0.0257479727493685,
0.),.UNSPECIFIED.);
#1971=B_SPLINE_CURVE_WITH_KNOTS('',3,(#7400,#7401,#7402,#7403,#7404,#7405,
#7406),.UNSPECIFIED.,.F.,.F.,(4,3,4),(-0.0554234552746876,-0.027130881985648,
0.),.UNSPECIFIED.);
#1972=B_SPLINE_CURVE_WITH_KNOTS('',3,(#7408,#7409,#7410,#7411,#7412,#7413,
#7414),.UNSPECIFIED.,.F.,.F.,(4,3,4),(-0.0510323223233091,-0.025615336344126,
0.),.UNSPECIFIED.);
#1973=B_SPLINE_CURVE_WITH_KNOTS('',3,(#7416,#7417,#7418,#7419,#7420,#7421,
#7422),.UNSPECIFIED.,.F.,.F.,(4,3,4),(-0.0528893438732552,-0.0260971001343575,
6.93889390390723E-18),.UNSPECIFIED.);
#1974=B_SPLINE_CURVE_WITH_KNOTS('',3,(#7424,#7425,#7426,#7427,#7428,#7429,
#7430),.UNSPECIFIED.,.F.,.F.,(4,3,4),(-0.0596700113271067,-0.0288986303733655,
6.93889390390723E-18),.UNSPECIFIED.);
#1975=B_SPLINE_CURVE_WITH_KNOTS('',3,(#7432,#7433,#7434,#7435,#7436,#7437,
#7438),.UNSPECIFIED.,.F.,.F.,(4,3,4),(-0.0558398180841916,-0.0288532633386394,
0.),.UNSPECIFIED.);
#1976=B_SPLINE_CURVE_WITH_KNOTS('',3,(#7440,#7441,#7442,#7443,#7444,#7445,
#7446),.UNSPECIFIED.,.F.,.F.,(4,3,4),(-0.051339435403065,-0.0258033002350017,
6.93889390390723E-18),.UNSPECIFIED.);
#1977=B_SPLINE_CURVE_WITH_KNOTS('',3,(#7448,#7449,#7450,#7451,#7452,#7453,
#7454),.UNSPECIFIED.,.F.,.F.,(4,3,4),(-0.0544386115832051,-0.0267319474345567,
-6.93889390390723E-18),.UNSPECIFIED.);
#1978=B_SPLINE_CURVE_WITH_KNOTS('',3,(#7456,#7457,#7458,#7459,#7460,#7461,
#7462),.UNSPECIFIED.,.F.,.F.,(4,3,4),(-0.0784227995405611,-0.0401553206452646,
0.),.UNSPECIFIED.);
#1979=B_SPLINE_CURVE_WITH_KNOTS('',3,(#7463,#7464,#7465,#7466,#7467,#7468,
#7469),.UNSPECIFIED.,.F.,.F.,(4,3,4),(-0.09379558071014,-0.0436712634211335,
0.),.UNSPECIFIED.);
#1980=B_SPLINE_CURVE_WITH_KNOTS('',3,(#7472,#7473,#7474,#7475,#7476,#7477,
#7478),.UNSPECIFIED.,.F.,.F.,(4,3,4),(-0.0718908207958308,-0.0406955614404397,
0.),.UNSPECIFIED.);
#1981=B_SPLINE_CURVE_WITH_KNOTS('',3,(#7480,#7481,#7482,#7483,#7484,#7485,
#7486),.UNSPECIFIED.,.F.,.F.,(4,3,4),(-0.0544949177708034,-0.0272149097579373,
6.93889390390723E-18),.UNSPECIFIED.);
#1982=B_SPLINE_CURVE_WITH_KNOTS('',3,(#7488,#7489,#7490,#7491,#7492,#7493,
#7494),.UNSPECIFIED.,.F.,.F.,(4,3,4),(-0.0379323559828731,-0.0192244437389273,
0.),.UNSPECIFIED.);
#1983=B_SPLINE_CURVE_WITH_KNOTS('',3,(#7496,#7497,#7498,#7499,#7500,#7501,
#7502),.UNSPECIFIED.,.F.,.F.,(4,3,4),(-0.0392214985848316,-0.0192864663818004,
0.),.UNSPECIFIED.);
#1984=B_SPLINE_CURVE_WITH_KNOTS('',3,(#7504,#7505,#7506,#7507,#7508,#7509,
#7510),.UNSPECIFIED.,.F.,.F.,(4,3,4),(-0.0473594183301689,-0.022459813851529,
0.),.UNSPECIFIED.);
#1985=B_SPLINE_CURVE_WITH_KNOTS('',3,(#7512,#7513,#7514,#7515,#7516,#7517,
#7518),.UNSPECIFIED.,.F.,.F.,(4,3,4),(-0.0657085000068618,-0.0355853424396449,
0.),.UNSPECIFIED.);
#1986=B_SPLINE_CURVE_WITH_KNOTS('',3,(#7520,#7521,#7522,#7523,#7524,#7525,
#7526),.UNSPECIFIED.,.F.,.F.,(4,3,4),(-0.057653457106779,-0.0284488989904425,
6.93889390390723E-18),.UNSPECIFIED.);
#1987=B_SPLINE_CURVE_WITH_KNOTS('',3,(#7528,#7529,#7530,#7531,#7532,#7533,
#7534),.UNSPECIFIED.,.F.,.F.,(4,3,4),(-0.0557828502484794,-0.0281261512218771,
0.),.UNSPECIFIED.);
#1988=B_SPLINE_CURVE_WITH_KNOTS('',3,(#7535,#7536,#7537,#7538,#7539,#7540,
#7541),.UNSPECIFIED.,.F.,.F.,(4,3,4),(-0.0682920930244721,-0.0318922234711434,
0.),.UNSPECIFIED.);
#1989=B_SPLINE_CURVE_WITH_KNOTS('',3,(#7590,#7591,#7592,#7593,#7594,#7595,
#7596),.UNSPECIFIED.,.F.,.F.,(4,3,4),(-0.0344477551329583,-0.020006301245568,
0.),.UNSPECIFIED.);
#1990=B_SPLINE_CURVE_WITH_KNOTS('',3,(#7598,#7599,#7600,#7601,#7602,#7603,
#7604),.UNSPECIFIED.,.F.,.F.,(4,3,4),(-0.0348770723753076,-0.0144766392960996,
0.),.UNSPECIFIED.);
#1991=B_SPLINE_CURVE_WITH_KNOTS('',3,(#7634,#7635,#7636,#7637,#7638,#7639,
#7640),.UNSPECIFIED.,.F.,.F.,(4,3,4),(-0.0344885912456002,-0.0173616200839945,
0.),.UNSPECIFIED.);
#1992=B_SPLINE_CURVE_WITH_KNOTS('',3,(#7642,#7643,#7644,#7645,#7646,#7647,
#7648),.UNSPECIFIED.,.F.,.F.,(4,3,4),(-0.036572103224937,-0.017567429359558,
0.),.UNSPECIFIED.);
#1993=B_SPLINE_CURVE_WITH_KNOTS('',3,(#7667,#7668,#7669,#7670,#7671,#7672,
#7673),.UNSPECIFIED.,.F.,.F.,(4,3,4),(0.,0.0193662503642329,0.0381024707675268),
 .UNSPECIFIED.);
#1994=B_SPLINE_CURVE_WITH_KNOTS('',3,(#7687,#7688,#7689,#7690,#7691,#7692,
#7693),.UNSPECIFIED.,.F.,.F.,(4,3,4),(0.,0.0191691800467038,0.0388673885395362),
 .UNSPECIFIED.);
#1995=B_SPLINE_CURVE_WITH_KNOTS('',3,(#7706,#7707,#7708,#7709,#7710,#7711,
#7712),.UNSPECIFIED.,.F.,.F.,(4,3,4),(0.,0.027217203834079,0.0543695659082099),
 .UNSPECIFIED.);
#1996=B_SPLINE_CURVE_WITH_KNOTS('',3,(#7725,#7726,#7727,#7728,#7729,#7730,
#7731),.UNSPECIFIED.,.F.,.F.,(4,3,4),(0.,0.0342594289533979,0.0789524311352225),
 .UNSPECIFIED.);
#1997=B_SPLINE_CURVE_WITH_KNOTS('',3,(#7745,#7746,#7747,#7748,#7749,#7750,
#7751),.UNSPECIFIED.,.F.,.F.,(4,3,4),(0.,0.0261688108434145,0.0516586054495071),
 .UNSPECIFIED.);
#1998=B_SPLINE_CURVE_WITH_KNOTS('',3,(#7765,#7766,#7767,#7768,#7769,#7770,
#7771),.UNSPECIFIED.,.F.,.F.,(4,3,4),(0.,0.0256076359960278,0.0514151101612743),
 .UNSPECIFIED.);
#1999=B_SPLINE_CURVE_WITH_KNOTS('',3,(#7784,#7785,#7786,#7787,#7788,#7789,
#7790),.UNSPECIFIED.,.F.,.F.,(4,3,4),(0.,0.0273020763599108,0.0534832163040938),
 .UNSPECIFIED.);
#2000=B_SPLINE_CURVE_WITH_KNOTS('',3,(#7803,#7804,#7805,#7806,#7807,#7808,
#7809),.UNSPECIFIED.,.F.,.F.,(4,3,4),(0.,0.0257459821318704,0.0515694903626535),
 .UNSPECIFIED.);
#2001=B_SPLINE_CURVE_WITH_KNOTS('',3,(#7822,#7823,#7824,#7825,#7826,#7827,
#7828),.UNSPECIFIED.,.F.,.F.,(4,3,4),(0.,0.0260165901200451,0.0520813161258181),
 .UNSPECIFIED.);
#2002=B_SPLINE_CURVE_WITH_KNOTS('',3,(#7842,#7843,#7844,#7845,#7846,#7847,
#7848),.UNSPECIFIED.,.F.,.F.,(4,3,4),(0.,0.0252513787296186,0.0572953487698804),
 .UNSPECIFIED.);
#2003=B_SPLINE_CURVE_WITH_KNOTS('',3,(#7874,#7875,#7876,#7877,#7878,#7879,
#7880),.UNSPECIFIED.,.F.,.F.,(4,3,4),(0.,0.0232636537925155,0.0398804300405057),
 .UNSPECIFIED.);
#2004=B_SPLINE_CURVE_WITH_KNOTS('',3,(#7893,#7894,#7895,#7896,#7897,#7898,
#7899),.UNSPECIFIED.,.F.,.F.,(4,3,4),(0.,0.0131526085480552,0.0264668636245752),
 .UNSPECIFIED.);
#2005=B_SPLINE_CURVE_WITH_KNOTS('',3,(#7912,#7913,#7914,#7915,#7916,#7917,
#7918),.UNSPECIFIED.,.F.,.F.,(4,3,4),(0.,0.0153889969138963,0.0327388684856851),
 .UNSPECIFIED.);
#2006=B_SPLINE_CURVE_WITH_KNOTS('',3,(#7931,#7932,#7933,#7934,#7935,#7936,
#7937),.UNSPECIFIED.,.F.,.F.,(4,3,4),(0.,0.0263113159383286,0.046499352926258),
 .UNSPECIFIED.);
#2007=B_SPLINE_CURVE_WITH_KNOTS('',3,(#7950,#7951,#7952,#7953,#7954,#7955,
#7956),.UNSPECIFIED.,.F.,.F.,(4,3,4),(0.,0.0243045304610016,0.0602018976287117),
 .UNSPECIFIED.);
#2008=B_SPLINE_CURVE_WITH_KNOTS('',3,(#7970,#7971,#7972,#7973,#7974,#7975,
#7976),.UNSPECIFIED.,.F.,.F.,(4,3,4),(0.,0.028547662465102,0.0509735197424756),
 .UNSPECIFIED.);
#2009=B_SPLINE_CURVE_WITH_KNOTS('',3,(#7990,#7991,#7992,#7993,#7994,#7995,
#7996),.UNSPECIFIED.,.F.,.F.,(4,3,4),(0.,0.0184993754467144,0.0349061985835203),
 .UNSPECIFIED.);
#2010=B_SPLINE_CURVE_WITH_KNOTS('',3,(#8009,#8010,#8011,#8012,#8013,#8014,
#8015),.UNSPECIFIED.,.F.,.F.,(4,3,4),(0.,0.0159729518639899,0.0388780719693548),
 .UNSPECIFIED.);
#2011=B_SPLINE_CURVE_WITH_KNOTS('',3,(#8037,#8038,#8039,#8040,#8041,#8042,
#8043),.UNSPECIFIED.,.F.,.F.,(4,3,4),(0.,0.0216620391397325,0.0410938477832866),
 .UNSPECIFIED.);
#2012=B_SPLINE_CURVE_WITH_KNOTS('',3,(#8057,#8058,#8059,#8060,#8061,#8062,
#8063),.UNSPECIFIED.,.F.,.F.,(4,3,4),(0.,0.0173324579537383,0.0325421422229698),
 .UNSPECIFIED.);
#2013=B_SPLINE_CURVE_WITH_KNOTS('',3,(#8076,#8077,#8078,#8079,#8080,#8081,
#8082),.UNSPECIFIED.,.F.,.F.,(4,3,4),(0.,0.0135878608810382,0.0259945655365128),
 .UNSPECIFIED.);
#2014=B_SPLINE_CURVE_WITH_KNOTS('',3,(#8095,#8096,#8097,#8098,#8099,#8100,
#8101),.UNSPECIFIED.,.F.,.F.,(4,3,4),(0.,0.0133416742794808,0.0280441418496699),
 .UNSPECIFIED.);
#2015=B_SPLINE_CURVE_WITH_KNOTS('',3,(#8114,#8115,#8116,#8117,#8118,#8119,
#8120),.UNSPECIFIED.,.F.,.F.,(4,3,4),(0.,0.0165551831202485,0.0351585298265624),
 .UNSPECIFIED.);
#2016=B_SPLINE_CURVE_WITH_KNOTS('',3,(#8138,#8139,#8140,#8141,#8142,#8143,
#8144),.UNSPECIFIED.,.F.,.F.,(4,3,4),(0.,0.00955880008146353,0.0201794445417743),
 .UNSPECIFIED.);
#2017=B_SPLINE_CURVE_WITH_KNOTS('',3,(#8158,#8159,#8160,#8161,#8162,#8163,
#8164),.UNSPECIFIED.,.F.,.F.,(4,3,4),(0.,0.00956862333459778,0.0186110801290253),
 .UNSPECIFIED.);
#2018=B_SPLINE_CURVE_WITH_KNOTS('',3,(#8177,#8178,#8179,#8180,#8181,#8182,
#8183),.UNSPECIFIED.,.F.,.F.,(4,3,4),(0.,0.00896368689041857,0.0181164157486431),
 .UNSPECIFIED.);
#2019=B_SPLINE_CURVE_WITH_KNOTS('',3,(#8196,#8197,#8198,#8199,#8200,#8201,
#8202),.UNSPECIFIED.,.F.,.F.,(4,3,4),(0.,0.013632289841154,0.0341536000530222),
 .UNSPECIFIED.);
#2020=B_SPLINE_CURVE_WITH_KNOTS('',3,(#8220,#8221,#8222,#8223,#8224,#8225,
#8226),.UNSPECIFIED.,.F.,.F.,(4,3,4),(0.,0.00898796462659511,0.0186588402842219),
 .UNSPECIFIED.);
#2021=B_SPLINE_CURVE_WITH_KNOTS('',3,(#8240,#8241,#8242,#8243,#8244,#8245,
#8246),.UNSPECIFIED.,.F.,.F.,(4,3,4),(0.,0.0107209109574908,0.0208427427013188),
 .UNSPECIFIED.);
#2022=B_SPLINE_CURVE_WITH_KNOTS('',3,(#8259,#8260,#8261,#8262,#8263,#8264,
#8265),.UNSPECIFIED.,.F.,.F.,(4,3,4),(0.,0.0102747640823249,0.0209046032718128),
 .UNSPECIFIED.);
#2023=B_SPLINE_CURVE_WITH_KNOTS('',3,(#8278,#8279,#8280,#8281,#8282,#8283,
#8284),.UNSPECIFIED.,.F.,.F.,(4,3,4),(0.,0.0142432224341995,0.0332581555524952),
 .UNSPECIFIED.);
#2024=B_SPLINE_CURVE_WITH_KNOTS('',3,(#8302,#8303,#8304,#8305,#8306,#8307,
#8308),.UNSPECIFIED.,.F.,.F.,(4,3,4),(0.,0.014542865579304,0.0304161813876867),
 .UNSPECIFIED.);
#2025=B_SPLINE_CURVE_WITH_KNOTS('',3,(#8322,#8323,#8324,#8325,#8326,#8327,
#8328),.UNSPECIFIED.,.F.,.F.,(4,3,4),(0.,0.0179161206905996,0.0343529097487697),
 .UNSPECIFIED.);
#2026=B_SPLINE_CURVE_WITH_KNOTS('',3,(#8341,#8342,#8343,#8344,#8345,#8346,
#8347),.UNSPECIFIED.,.F.,.F.,(4,3,4),(0.,0.0166636666661456,0.0340690730729557),
 .UNSPECIFIED.);
#2027=B_SPLINE_CURVE_WITH_KNOTS('',3,(#8360,#8361,#8362,#8363,#8364,#8365,
#8366),.UNSPECIFIED.,.F.,.F.,(4,3,4),(0.,0.0137545740489108,0.0272013201059692),
 .UNSPECIFIED.);
#2028=B_SPLINE_CURVE_WITH_KNOTS('',3,(#8379,#8380,#8381,#8382,#8383,#8384,
#8385),.UNSPECIFIED.,.F.,.F.,(4,3,4),(0.,0.0127328973923494,0.0241543097444951),
 .UNSPECIFIED.);
#2029=B_SPLINE_CURVE_WITH_KNOTS('',3,(#8398,#8399,#8400,#8401,#8402,#8403,
#8404),.UNSPECIFIED.,.F.,.F.,(4,3,4),(0.,0.0123984802248517,0.0262701699931564),
 .UNSPECIFIED.);
#2030=B_SPLINE_CURVE_WITH_KNOTS('',3,(#8417,#8418,#8419,#8420,#8421,#8422,
#8423),.UNSPECIFIED.,.F.,.F.,(4,3,4),(0.,0.0164586176544665,0.0359895588831135),
 .UNSPECIFIED.);
#2031=B_SPLINE_CURVE_WITH_KNOTS('',3,(#8437,#8438,#8439,#8440,#8441,#8442,
#8443),.UNSPECIFIED.,.F.,.F.,(4,3,4),(0.,0.0200124545953305,0.0403238737047437),
 .UNSPECIFIED.);
#2032=B_SPLINE_CURVE_WITH_KNOTS('',3,(#8480,#8481,#8482,#8483,#8484,#8485,
#8486),.UNSPECIFIED.,.F.,.F.,(4,3,4),(0.,0.00961708896878032,0.0191642785861149),
 .UNSPECIFIED.);
#2033=B_SPLINE_CURVE_WITH_KNOTS('',3,(#8500,#8501,#8502,#8503,#8504,#8505,
#8506),.UNSPECIFIED.,.F.,.F.,(4,3,4),(0.,0.0135755146180335,0.0269213020643705),
 .UNSPECIFIED.);
#2034=B_SPLINE_CURVE_WITH_KNOTS('',3,(#8519,#8520,#8521,#8522,#8523,#8524,
#8525),.UNSPECIFIED.,.F.,.F.,(4,3,4),(0.,0.0170439025734242,0.0391491668549915),
 .UNSPECIFIED.);
#2035=B_SPLINE_CURVE_WITH_KNOTS('',3,(#8543,#8544,#8545,#8546,#8547,#8548,
#8549),.UNSPECIFIED.,.F.,.F.,(4,3,4),(0.,0.0177034088143824,0.0371899315587781),
 .UNSPECIFIED.);
#2036=B_SPLINE_CURVE_WITH_KNOTS('',3,(#8575,#8576,#8577,#8578,#8579,#8580,
#8581),.UNSPECIFIED.,.F.,.F.,(4,3,4),(0.,0.0193823256208458,0.0340527646852362),
 .UNSPECIFIED.);
#2037=B_SPLINE_CURVE_WITH_KNOTS('',3,(#8594,#8595,#8596,#8597,#8598,#8599,
#8600),.UNSPECIFIED.,.F.,.F.,(4,3,4),(0.,0.0109966022337998,0.0193756450129653),
 .UNSPECIFIED.);
#2038=B_SPLINE_CURVE_WITH_KNOTS('',3,(#8613,#8614,#8615,#8616,#8617,#8618,
#8619),.UNSPECIFIED.,.F.,.F.,(4,3,4),(0.,0.0068419254515557,0.0133092664819585),
 .UNSPECIFIED.);
#2039=B_SPLINE_CURVE_WITH_KNOTS('',3,(#8632,#8633,#8634,#8635,#8636,#8637,
#8638),.UNSPECIFIED.,.F.,.F.,(4,3,4),(0.,0.0066805818954502,0.0165185664898672),
 .UNSPECIFIED.);
#2040=B_SPLINE_CURVE_WITH_KNOTS('',3,(#8660,#8661,#8662,#8663,#8664,#8665,
#8666),.UNSPECIFIED.,.F.,.F.,(4,3,4),(0.,0.0193662786547769,0.0381024953015271),
 .UNSPECIFIED.);
#2041=B_SPLINE_CURVE_WITH_KNOTS('',3,(#8680,#8681,#8682,#8683,#8684,#8685,
#8686),.UNSPECIFIED.,.F.,.F.,(4,3,4),(0.,0.01916926530075,0.0388678002032806),
 .UNSPECIFIED.);
#2042=B_SPLINE_CURVE_WITH_KNOTS('',3,(#8699,#8700,#8701,#8702,#8703,#8704,
#8705),.UNSPECIFIED.,.F.,.F.,(4,3,4),(0.,0.0272172418284817,0.0543695351809157),
 .UNSPECIFIED.);
#2043=B_SPLINE_CURVE_WITH_KNOTS('',3,(#8718,#8719,#8720,#8721,#8722,#8723,
#8724),.UNSPECIFIED.,.F.,.F.,(4,3,4),(0.,0.0342595117490229,0.0789525226138577),
 .UNSPECIFIED.);
#2044=B_SPLINE_CURVE_WITH_KNOTS('',3,(#8738,#8739,#8740,#8741,#8742,#8743,
#8744),.UNSPECIFIED.,.F.,.F.,(4,3,4),(0.,0.0261688132963332,0.0516586583293648),
 .UNSPECIFIED.);
#2045=B_SPLINE_CURVE_WITH_KNOTS('',3,(#8758,#8759,#8760,#8761,#8762,#8763,
#8764),.UNSPECIFIED.,.F.,.F.,(4,3,4),(0.,0.0256076359960042,0.0514151101612272),
 .UNSPECIFIED.);
#2046=B_SPLINE_CURVE_WITH_KNOTS('',3,(#8777,#8778,#8779,#8780,#8781,#8782,
#8783),.UNSPECIFIED.,.F.,.F.,(4,3,4),(0.,0.0273021403671122,0.0534832565451407),
 .UNSPECIFIED.);
#2047=B_SPLINE_CURVE_WITH_KNOTS('',3,(#8796,#8797,#8798,#8799,#8800,#8801,
#8802),.UNSPECIFIED.,.F.,.F.,(4,3,4),(0.,0.0257459798250541,0.0515695091627641),
 .UNSPECIFIED.);
#2048=B_SPLINE_CURVE_WITH_KNOTS('',3,(#8815,#8816,#8817,#8818,#8819,#8820,
#8821),.UNSPECIFIED.,.F.,.F.,(4,3,4),(0.,0.0260165908182424,0.0520812873770318),
 .UNSPECIFIED.);
#2049=B_SPLINE_CURVE_WITH_KNOTS('',3,(#8934,#8935,#8936,#8937,#8938,#8939,
#8940),.UNSPECIFIED.,.F.,.F.,(4,3,4),(0.,0.0179014620123393,0.0344491108466356),
 .UNSPECIFIED.);
#2050=B_SPLINE_CURVE_WITH_KNOTS('',3,(#8941,#8942,#8943,#8944,#8945,#8946,
#8947),.UNSPECIFIED.,.F.,.F.,(4,3,4),(0.,0.0173505834506823,0.03493887943507),
 .UNSPECIFIED.);
#2051=B_SPLINE_CURVE_WITH_KNOTS('',3,(#8960,#8961,#8962,#8963,#8964,#8965,
#8966),.UNSPECIFIED.,.F.,.F.,(4,3,4),(0.,0.0185873989468664,0.0317774654989699),
 .UNSPECIFIED.);
#2052=B_SPLINE_CURVE_WITH_KNOTS('',3,(#8968,#8969,#8970,#8971,#8972,#8973,
#8974),.UNSPECIFIED.,.F.,.F.,(4,3,4),(0.,0.0158930373604993,0.0379102729948455),
 .UNSPECIFIED.);
#2053=B_SPLINE_CURVE_WITH_KNOTS('',3,(#8998,#8999,#9000,#9001,#9002,#9003,
#9004),.UNSPECIFIED.,.F.,.F.,(4,3,4),(0.,0.0240911682118513,0.0420705978035125),
 .UNSPECIFIED.);
#2054=B_SPLINE_CURVE_WITH_KNOTS('',3,(#9006,#9007,#9008,#9009,#9010,#9011,
#9012),.UNSPECIFIED.,.F.,.F.,(4,3,4),(0.,0.0153096604541945,0.0311979364193262),
 .UNSPECIFIED.);
#2055=B_SPLINE_CURVE_WITH_KNOTS('',3,(#9014,#9015,#9016,#9017,#9018,#9019,
#9020),.UNSPECIFIED.,.F.,.F.,(4,3,4),(0.,0.0161022363235307,0.0324831906288862),
 .UNSPECIFIED.);
#2056=B_SPLINE_CURVE_WITH_KNOTS('',3,(#9022,#9023,#9024,#9025,#9026,#9027,
#9028),.UNSPECIFIED.,.F.,.F.,(4,3,4),(0.,0.0203923200463046,0.040131483045075),
 .UNSPECIFIED.);
#2057=B_SPLINE_CURVE_WITH_KNOTS('',3,(#9030,#9031,#9032,#9033,#9034,#9035,
#9036),.UNSPECIFIED.,.F.,.F.,(4,3,4),(0.,0.0239644373845609,0.053222610739433),
 .UNSPECIFIED.);
#2058=B_SPLINE_CURVE_WITH_KNOTS('',3,(#9037,#9038,#9039,#9040,#9041,#9042,
#9043),.UNSPECIFIED.,.F.,.F.,(4,3,4),(0.,0.0106641048810833,0.0191251857998414),
 .UNSPECIFIED.);
#2059=B_SPLINE_CURVE_WITH_KNOTS('',3,(#9049,#9050,#9051,#9052,#9053,#9054,
#9055),.UNSPECIFIED.,.F.,.F.,(4,3,4),(0.,0.0209814667885156,0.0364726608266943),
 .UNSPECIFIED.);
#2060=B_SPLINE_CURVE_WITH_KNOTS('',3,(#9057,#9058,#9059,#9060,#9061,#9062,
#9063),.UNSPECIFIED.,.F.,.F.,(4,3,4),(0.,0.0170404623637861,0.0332176583664969),
 .UNSPECIFIED.);
#2061=B_SPLINE_CURVE_WITH_KNOTS('',3,(#9065,#9066,#9067,#9068,#9069,#9070,
#9071),.UNSPECIFIED.,.F.,.F.,(4,3,4),(0.,0.0214745388750949,0.0437606408153948),
 .UNSPECIFIED.);
#2062=B_SPLINE_CURVE_WITH_KNOTS('',3,(#9072,#9073,#9074,#9075,#9076,#9077,
#9078),.UNSPECIFIED.,.F.,.F.,(4,3,4),(0.,0.0248406152698299,0.0521380569573438),
 .UNSPECIFIED.);
#2063=B_SPLINE_CURVE_WITH_KNOTS('',3,(#9086,#9087,#9088,#9089,#9090,#9091,
#9092),.UNSPECIFIED.,.F.,.F.,(4,3,4),(0.,0.0275506642017429,0.0493652505442975),
 .UNSPECIFIED.);
#2064=B_SPLINE_CURVE_WITH_KNOTS('',3,(#9094,#9095,#9096,#9097,#9098,#9099,
#9100),.UNSPECIFIED.,.F.,.F.,(4,3,4),(0.,0.0198968332272858,0.0408930259959974),
 .UNSPECIFIED.);
#2065=B_SPLINE_CURVE_WITH_KNOTS('',3,(#9102,#9103,#9104,#9105,#9106,#9107,
#9108),.UNSPECIFIED.,.F.,.F.,(4,3,4),(0.,0.024792439526233,0.054141431778364),
 .UNSPECIFIED.);
#2066=B_SPLINE_CURVE_WITH_KNOTS('',3,(#9110,#9111,#9112,#9113,#9114,#9115,
#9116),.UNSPECIFIED.,.F.,.F.,(4,3,4),(0.,0.0260840523000336,0.0481251030074931),
 .UNSPECIFIED.);
#2067=B_SPLINE_CURVE_WITH_KNOTS('',3,(#9117,#9118,#9119,#9120,#9121,#9122,
#9123),.UNSPECIFIED.,.F.,.F.,(4,3,4),(0.,0.0197309661646316,0.0392216330669864),
 .UNSPECIFIED.);
#2068=B_SPLINE_CURVE_WITH_KNOTS('',3,(#9157,#9158,#9159,#9160,#9161,#9162,
#9163),.UNSPECIFIED.,.F.,.F.,(4,3,4),(0.,0.0462026450206613,0.0864570255340689),
 .UNSPECIFIED.);
#2069=B_SPLINE_CURVE_WITH_KNOTS('',3,(#9165,#9166,#9167,#9168,#9169,#9170,
#9171),.UNSPECIFIED.,.F.,.F.,(4,3,4),(0.,0.0397981730688389,0.0815597915519194),
 .UNSPECIFIED.);
#2070=B_SPLINE_CURVE_WITH_KNOTS('',3,(#9173,#9174,#9175,#9176,#9177,#9178,
#9179),.UNSPECIFIED.,.F.,.F.,(4,3,4),(0.,0.0268575568969908,0.0527702118808906),
 .UNSPECIFIED.);
#2071=B_SPLINE_CURVE_WITH_KNOTS('',3,(#9181,#9182,#9183,#9184,#9185,#9186,
#9187),.UNSPECIFIED.,.F.,.F.,(4,3,4),(0.,0.0257894708268208,0.0518486338530928),
 .UNSPECIFIED.);
#2072=B_SPLINE_CURVE_WITH_KNOTS('',3,(#9189,#9190,#9191,#9192,#9193,#9194,
#9195),.UNSPECIFIED.,.F.,.F.,(4,3,4),(0.,0.0284368621435083,0.0588407532547463),
 .UNSPECIFIED.);
#2073=B_SPLINE_CURVE_WITH_KNOTS('',3,(#9196,#9197,#9198,#9199,#9200,#9201,
#9202),.UNSPECIFIED.,.F.,.F.,(4,3,4),(0.,0.0292760607778312,0.0567703500139674),
 .UNSPECIFIED.);
#2074=B_SPLINE_CURVE_WITH_KNOTS('',3,(#9210,#9211,#9212,#9213,#9214,#9215,
#9216),.UNSPECIFIED.,.F.,.F.,(4,3,4),(0.,0.0210475950959786,0.038069199681569),
 .UNSPECIFIED.);
#2075=B_SPLINE_CURVE_WITH_KNOTS('',3,(#9218,#9219,#9220,#9221,#9222,#9223,
#9224),.UNSPECIFIED.,.F.,.F.,(4,3,4),(0.,0.0147685965867992,0.0294003488178591),
 .UNSPECIFIED.);
#2076=B_SPLINE_CURVE_WITH_KNOTS('',3,(#9226,#9227,#9228,#9229,#9230,#9231,
#9232),.UNSPECIFIED.,.F.,.F.,(4,3,4),(0.,0.014372005245602,0.0281809235306707),
 .UNSPECIFIED.);
#2077=B_SPLINE_CURVE_WITH_KNOTS('',3,(#9233,#9234,#9235,#9236,#9237,#9238,
#9239),.UNSPECIFIED.,.F.,.F.,(4,3,4),(0.,0.0129491101405189,0.0261452563175233),
 .UNSPECIFIED.);
#2078=B_SPLINE_CURVE_WITH_KNOTS('',3,(#9248,#9249,#9250,#9251,#9252,#9253,
#9254),.UNSPECIFIED.,.F.,.F.,(4,3,4),(0.,0.0462026536421832,0.0864571322484328),
 .UNSPECIFIED.);
#2079=B_SPLINE_CURVE_WITH_KNOTS('',3,(#9256,#9257,#9258,#9259,#9260,#9261,
#9262),.UNSPECIFIED.,.F.,.F.,(4,3,4),(0.,0.0397981347057769,0.0815596226931766),
 .UNSPECIFIED.);
#2080=B_SPLINE_CURVE_WITH_KNOTS('',3,(#9264,#9265,#9266,#9267,#9268,#9269,
#9270),.UNSPECIFIED.,.F.,.F.,(4,3,4),(0.,0.0268575242364272,0.0527702043865393),
 .UNSPECIFIED.);
#2081=B_SPLINE_CURVE_WITH_KNOTS('',3,(#9272,#9273,#9274,#9275,#9276,#9277,
#9278),.UNSPECIFIED.,.F.,.F.,(4,3,4),(0.,0.0257895011421116,0.0518488181257197),
 .UNSPECIFIED.);
#2082=B_SPLINE_CURVE_WITH_KNOTS('',3,(#9280,#9281,#9282,#9283,#9284,#9285,
#9286),.UNSPECIFIED.,.F.,.F.,(4,3,4),(0.,0.0284368621435283,0.058840753254788),
 .UNSPECIFIED.);
#2083=B_SPLINE_CURVE_WITH_KNOTS('',3,(#9287,#9288,#9289,#9290,#9291,#9292,
#9293),.UNSPECIFIED.,.F.,.F.,(4,3,4),(0.,0.0292760625127056,0.0567703797360396),
 .UNSPECIFIED.);
#2084=B_SPLINE_CURVE_WITH_KNOTS('',3,(#9296,#9297,#9298,#9299,#9300,#9301,
#9302),.UNSPECIFIED.,.F.,.F.,(4,3,4),(0.,0.0336058448837024,0.0630500469679269),
 .UNSPECIFIED.);
#2085=B_SPLINE_CURVE_WITH_KNOTS('',3,(#9304,#9305,#9306,#9307,#9308,#9309,
#9310),.UNSPECIFIED.,.F.,.F.,(4,3,4),(0.,0.0280840432599179,0.0566447925702538),
 .UNSPECIFIED.);
#2086=B_SPLINE_CURVE_WITH_KNOTS('',3,(#9312,#9313,#9314,#9315,#9316,#9317,
#9318),.UNSPECIFIED.,.F.,.F.,(4,3,4),(0.,0.0285384990896747,0.0563385731297211),
 .UNSPECIFIED.);
#2087=B_SPLINE_CURVE_WITH_KNOTS('',3,(#9320,#9321,#9322,#9323,#9324,#9325,
#9326),.UNSPECIFIED.,.F.,.F.,(4,3,4),(0.,0.032914055628074,0.0717963652926229),
 .UNSPECIFIED.);
#2088=B_SPLINE_CURVE_WITH_KNOTS('',3,(#9327,#9328,#9329,#9330,#9331,#9332,
#9333),.UNSPECIFIED.,.F.,.F.,(4,3,4),(0.,0.0231893966555873,0.0441065775955719),
 .UNSPECIFIED.);
#2089=B_SPLINE_CURVE_WITH_KNOTS('',3,(#9340,#9341,#9342,#9343,#9344,#9345,
#9346),.UNSPECIFIED.,.F.,.F.,(4,3,4),(0.,0.0164872890437602,0.0292446620921211),
 .UNSPECIFIED.);
#2090=B_SPLINE_CURVE_WITH_KNOTS('',3,(#9347,#9348,#9349,#9350,#9351,#9352,
#9353),.UNSPECIFIED.,.F.,.F.,(4,3,4),(0.,0.0104264002917853,0.0202820421480919),
 .UNSPECIFIED.);
#2091=B_SPLINE_CURVE_WITH_KNOTS('',3,(#9359,#9360,#9361,#9362,#9363,#9364,
#9365),.UNSPECIFIED.,.F.,.F.,(4,3,4),(0.,0.024718768795602,0.0443279421856857),
 .UNSPECIFIED.);
#2092=B_SPLINE_CURVE_WITH_KNOTS('',3,(#9372,#9373,#9374,#9375,#9376,#9377,
#9378),.UNSPECIFIED.,.F.,.F.,(4,3,4),(0.,0.011268951058657,0.0186292335622554),
 .UNSPECIFIED.);
#2093=B_SPLINE_CURVE_WITH_KNOTS('',3,(#9380,#9381,#9382,#9383,#9384,#9385,
#9386),.UNSPECIFIED.,.F.,.F.,(4,3,4),(0.,0.00875282897608056,0.0164542986181356),
 .UNSPECIFIED.);
#2094=B_SPLINE_CURVE_WITH_KNOTS('',3,(#9387,#9388,#9389,#9390,#9391,#9392,
#9393),.UNSPECIFIED.,.F.,.F.,(4,3,4),(0.,0.00781069679384867,0.0162092962780256),
 .UNSPECIFIED.);
#2095=B_SPLINE_CURVE_WITH_KNOTS('',3,(#9400,#9401,#9402,#9403,#9404,#9405,
#9406),.UNSPECIFIED.,.F.,.F.,(4,3,4),(0.,0.0155700480608415,0.0261535909760166),
 .UNSPECIFIED.);
#2096=B_SPLINE_CURVE_WITH_KNOTS('',3,(#9407,#9408,#9409,#9410,#9411,#9412,
#9413),.UNSPECIFIED.,.F.,.F.,(4,3,4),(0.,0.00990689414348492,0.018807778376055),
 .UNSPECIFIED.);
#2097=B_SPLINE_CURVE_WITH_KNOTS('',3,(#9418,#9419,#9420,#9421,#9422,#9423,
#9424),.UNSPECIFIED.,.F.,.F.,(4,3,4),(0.,0.0179778666377553,0.0318815817315211),
 .UNSPECIFIED.);
#2098=B_SPLINE_CURVE_WITH_KNOTS('',3,(#9426,#9427,#9428,#9429,#9430,#9431,
#9432),.UNSPECIFIED.,.F.,.F.,(4,3,4),(0.,0.0111771875648222,0.021120456612894),
 .UNSPECIFIED.);
#2099=B_SPLINE_CURVE_WITH_KNOTS('',3,(#9434,#9435,#9436,#9437,#9438,#9439,
#9440),.UNSPECIFIED.,.F.,.F.,(4,3,4),(0.,0.0151483565666173,0.0322086988738112),
 .UNSPECIFIED.);
#2100=B_SPLINE_CURVE_WITH_KNOTS('',3,(#9441,#9442,#9443,#9444,#9445,#9446,
#9447),.UNSPECIFIED.,.F.,.F.,(4,3,4),(0.,0.0198756565503432,0.0430405552726071),
 .UNSPECIFIED.);
#2101=B_SPLINE_CURVE_WITH_KNOTS('',3,(#9702,#9703,#9704,#9705,#9706,#9707,
#9708),.UNSPECIFIED.,.F.,.F.,(4,3,4),(0.,0.0336058448837227,0.0630500469679651),
 .UNSPECIFIED.);
#2102=B_SPLINE_CURVE_WITH_KNOTS('',3,(#9710,#9711,#9712,#9713,#9714,#9715,
#9716),.UNSPECIFIED.,.F.,.F.,(4,3,4),(0.,0.0280840152735042,0.0566447313514106),
 .UNSPECIFIED.);
#2103=B_SPLINE_CURVE_WITH_KNOTS('',3,(#9718,#9719,#9720,#9721,#9722,#9723,
#9724),.UNSPECIFIED.,.F.,.F.,(4,3,4),(0.,0.0285385338477202,0.0563385875058516),
 .UNSPECIFIED.);
#2104=B_SPLINE_CURVE_WITH_KNOTS('',3,(#9726,#9727,#9728,#9729,#9730,#9731,
#9732),.UNSPECIFIED.,.F.,.F.,(4,3,4),(0.,0.0329140856139918,0.0717963914686572),
 .UNSPECIFIED.);
#2105=B_SPLINE_CURVE_WITH_KNOTS('',3,(#9733,#9734,#9735,#9736,#9737,#9738,
#9739),.UNSPECIFIED.,.F.,.F.,(4,3,4),(0.,0.0231893991367735,0.0441065888710215),
 .UNSPECIFIED.);
#2106=VERTEX_POINT('',#6578);
#2107=VERTEX_POINT('',#6579);
#2108=VERTEX_POINT('',#6587);
#2109=VERTEX_POINT('',#6595);
#2110=VERTEX_POINT('',#6603);
#2111=VERTEX_POINT('',#6611);
#2112=VERTEX_POINT('',#6619);
#2113=VERTEX_POINT('',#6627);
#2114=VERTEX_POINT('',#6635);
#2115=VERTEX_POINT('',#6643);
#2116=VERTEX_POINT('',#6651);
#2117=VERTEX_POINT('',#6666);
#2118=VERTEX_POINT('',#6667);
#2119=VERTEX_POINT('',#6675);
#2120=VERTEX_POINT('',#6683);
#2121=VERTEX_POINT('',#6691);
#2122=VERTEX_POINT('',#6699);
#2123=VERTEX_POINT('',#6707);
#2124=VERTEX_POINT('',#6715);
#2125=VERTEX_POINT('',#6723);
#2126=VERTEX_POINT('',#6739);
#2127=VERTEX_POINT('',#6740);
#2128=VERTEX_POINT('',#6742);
#2129=VERTEX_POINT('',#6750);
#2130=VERTEX_POINT('',#6758);
#2131=VERTEX_POINT('',#6766);
#2132=VERTEX_POINT('',#6774);
#2133=VERTEX_POINT('',#6782);
#2134=VERTEX_POINT('',#6784);
#2135=VERTEX_POINT('',#6786);
#2136=VERTEX_POINT('',#6788);
#2137=VERTEX_POINT('',#6796);
#2138=VERTEX_POINT('',#6804);
#2139=VERTEX_POINT('',#6812);
#2140=VERTEX_POINT('',#6820);
#2141=VERTEX_POINT('',#6828);
#2142=VERTEX_POINT('',#6836);
#2143=VERTEX_POINT('',#6840);
#2144=VERTEX_POINT('',#6841);
#2145=VERTEX_POINT('',#6843);
#2146=VERTEX_POINT('',#6851);
#2147=VERTEX_POINT('',#6859);
#2148=VERTEX_POINT('',#6867);
#2149=VERTEX_POINT('',#6875);
#2150=VERTEX_POINT('',#6883);
#2151=VERTEX_POINT('',#6891);
#2152=VERTEX_POINT('',#6899);
#2153=VERTEX_POINT('',#6907);
#2154=VERTEX_POINT('',#6915);
#2155=VERTEX_POINT('',#6918);
#2156=VERTEX_POINT('',#6919);
#2157=VERTEX_POINT('',#6921);
#2158=VERTEX_POINT('',#6923);
#2159=VERTEX_POINT('',#6931);
#2160=VERTEX_POINT('',#6939);
#2161=VERTEX_POINT('',#6947);
#2162=VERTEX_POINT('',#6955);
#2163=VERTEX_POINT('',#6963);
#2164=VERTEX_POINT('',#6971);
#2165=VERTEX_POINT('',#6981);
#2166=VERTEX_POINT('',#6982);
#2167=VERTEX_POINT('',#6984);
#2168=VERTEX_POINT('',#6992);
#2169=VERTEX_POINT('',#7000);
#2170=VERTEX_POINT('',#7008);
#2171=VERTEX_POINT('',#7016);
#2172=VERTEX_POINT('',#7024);
#2173=VERTEX_POINT('',#7032);
#2174=VERTEX_POINT('',#7040);
#2175=VERTEX_POINT('',#7048);
#2176=VERTEX_POINT('',#7056);
#2177=VERTEX_POINT('',#7064);
#2178=VERTEX_POINT('',#7072);
#2179=VERTEX_POINT('',#7075);
#2180=VERTEX_POINT('',#7076);
#2181=VERTEX_POINT('',#7078);
#2182=VERTEX_POINT('',#7080);
#2183=VERTEX_POINT('',#7088);
#2184=VERTEX_POINT('',#7096);
#2185=VERTEX_POINT('',#7104);
#2186=VERTEX_POINT('',#7112);
#2187=VERTEX_POINT('',#7120);
#2188=VERTEX_POINT('',#7128);
#2189=VERTEX_POINT('',#7137);
#2190=VERTEX_POINT('',#7138);
#2191=VERTEX_POINT('',#7140);
#2192=VERTEX_POINT('',#7142);
#2193=VERTEX_POINT('',#7150);
#2194=VERTEX_POINT('',#7158);
#2195=VERTEX_POINT('',#7166);
#2196=VERTEX_POINT('',#7174);
#2197=VERTEX_POINT('',#7182);
#2198=VERTEX_POINT('',#7192);
#2199=VERTEX_POINT('',#7193);
#2200=VERTEX_POINT('',#7195);
#2201=VERTEX_POINT('',#7197);
#2202=VERTEX_POINT('',#7199);
#2203=VERTEX_POINT('',#7201);
#2204=VERTEX_POINT('',#7203);
#2205=VERTEX_POINT('',#7205);
#2206=VERTEX_POINT('',#7208);
#2207=VERTEX_POINT('',#7209);
#2208=VERTEX_POINT('',#7211);
#2209=VERTEX_POINT('',#7219);
#2210=VERTEX_POINT('',#7227);
#2211=VERTEX_POINT('',#7231);
#2212=VERTEX_POINT('',#7232);
#2213=VERTEX_POINT('',#7234);
#2214=VERTEX_POINT('',#7236);
#2215=VERTEX_POINT('',#7238);
#2216=VERTEX_POINT('',#7246);
#2217=VERTEX_POINT('',#7254);
#2218=VERTEX_POINT('',#7262);
#2219=VERTEX_POINT('',#7270);
#2220=VERTEX_POINT('',#7272);
#2221=VERTEX_POINT('',#7274);
#2222=VERTEX_POINT('',#7276);
#2223=VERTEX_POINT('',#7284);
#2224=VERTEX_POINT('',#7292);
#2225=VERTEX_POINT('',#7300);
#2226=VERTEX_POINT('',#7308);
#2227=VERTEX_POINT('',#7316);
#2228=VERTEX_POINT('',#7324);
#2229=VERTEX_POINT('',#7332);
#2230=VERTEX_POINT('',#7335);
#2231=VERTEX_POINT('',#7336);
#2232=VERTEX_POINT('',#7338);
#2233=VERTEX_POINT('',#7340);
#2234=VERTEX_POINT('',#7348);
#2235=VERTEX_POINT('',#7356);
#2236=VERTEX_POINT('',#7364);
#2237=VERTEX_POINT('',#7372);
#2238=VERTEX_POINT('',#7382);
#2239=VERTEX_POINT('',#7383);
#2240=VERTEX_POINT('',#7391);
#2241=VERTEX_POINT('',#7399);
#2242=VERTEX_POINT('',#7407);
#2243=VERTEX_POINT('',#7415);
#2244=VERTEX_POINT('',#7423);
#2245=VERTEX_POINT('',#7431);
#2246=VERTEX_POINT('',#7439);
#2247=VERTEX_POINT('',#7447);
#2248=VERTEX_POINT('',#7455);
#2249=VERTEX_POINT('',#7470);
#2250=VERTEX_POINT('',#7471);
#2251=VERTEX_POINT('',#7479);
#2252=VERTEX_POINT('',#7487);
#2253=VERTEX_POINT('',#7495);
#2254=VERTEX_POINT('',#7503);
#2255=VERTEX_POINT('',#7511);
#2256=VERTEX_POINT('',#7519);
#2257=VERTEX_POINT('',#7527);
#2258=VERTEX_POINT('',#7543);
#2259=VERTEX_POINT('',#7544);
#2260=VERTEX_POINT('',#7546);
#2261=VERTEX_POINT('',#7548);
#2262=VERTEX_POINT('',#7550);
#2263=VERTEX_POINT('',#7552);
#2264=VERTEX_POINT('',#7554);
#2265=VERTEX_POINT('',#7556);
#2266=VERTEX_POINT('',#7558);
#2267=VERTEX_POINT('',#7560);
#2268=VERTEX_POINT('',#7562);
#2269=VERTEX_POINT('',#7564);
#2270=VERTEX_POINT('',#7568);
#2271=VERTEX_POINT('',#7569);
#2272=VERTEX_POINT('',#7571);
#2273=VERTEX_POINT('',#7573);
#2274=VERTEX_POINT('',#7575);
#2275=VERTEX_POINT('',#7577);
#2276=VERTEX_POINT('',#7579);
#2277=VERTEX_POINT('',#7581);
#2278=VERTEX_POINT('',#7583);
#2279=VERTEX_POINT('',#7585);
#2280=VERTEX_POINT('',#7587);
#2281=VERTEX_POINT('',#7589);
#2282=VERTEX_POINT('',#7597);
#2283=VERTEX_POINT('',#7605);
#2284=VERTEX_POINT('',#7607);
#2285=VERTEX_POINT('',#7611);
#2286=VERTEX_POINT('',#7612);
#2287=VERTEX_POINT('',#7614);
#2288=VERTEX_POINT('',#7616);
#2289=VERTEX_POINT('',#7618);
#2290=VERTEX_POINT('',#7620);
#2291=VERTEX_POINT('',#7624);
#2292=VERTEX_POINT('',#7625);
#2293=VERTEX_POINT('',#7627);
#2294=VERTEX_POINT('',#7629);
#2295=VERTEX_POINT('',#7631);
#2296=VERTEX_POINT('',#7633);
#2297=VERTEX_POINT('',#7641);
#2298=VERTEX_POINT('',#7649);
#2299=VERTEX_POINT('',#7651);
#2300=VERTEX_POINT('',#7664);
#2301=VERTEX_POINT('',#7666);
#2302=VERTEX_POINT('',#7685);
#2303=VERTEX_POINT('',#7704);
#2304=VERTEX_POINT('',#7723);
#2305=VERTEX_POINT('',#7742);
#2306=VERTEX_POINT('',#7744);
#2307=VERTEX_POINT('',#7763);
#2308=VERTEX_POINT('',#7782);
#2309=VERTEX_POINT('',#7801);
#2310=VERTEX_POINT('',#7820);
#2311=VERTEX_POINT('',#7839);
#2312=VERTEX_POINT('',#7841);
#2313=VERTEX_POINT('',#7851);
#2314=VERTEX_POINT('',#7855);
#2315=VERTEX_POINT('',#7859);
#2316=VERTEX_POINT('',#7872);
#2317=VERTEX_POINT('',#7891);
#2318=VERTEX_POINT('',#7910);
#2319=VERTEX_POINT('',#7929);
#2320=VERTEX_POINT('',#7948);
#2321=VERTEX_POINT('',#7967);
#2322=VERTEX_POINT('',#7969);
#2323=VERTEX_POINT('',#7988);
#2324=VERTEX_POINT('',#8007);
#2325=VERTEX_POINT('',#8017);
#2326=VERTEX_POINT('',#8021);
#2327=VERTEX_POINT('',#8034);
#2328=VERTEX_POINT('',#8036);
#2329=VERTEX_POINT('',#8055);
#2330=VERTEX_POINT('',#8074);
#2331=VERTEX_POINT('',#8093);
#2332=VERTEX_POINT('',#8112);
#2333=VERTEX_POINT('',#8122);
#2334=VERTEX_POINT('',#8135);
#2335=VERTEX_POINT('',#8137);
#2336=VERTEX_POINT('',#8156);
#2337=VERTEX_POINT('',#8175);
#2338=VERTEX_POINT('',#8194);
#2339=VERTEX_POINT('',#8204);
#2340=VERTEX_POINT('',#8217);
#2341=VERTEX_POINT('',#8219);
#2342=VERTEX_POINT('',#8238);
#2343=VERTEX_POINT('',#8257);
#2344=VERTEX_POINT('',#8276);
#2345=VERTEX_POINT('',#8286);
#2346=VERTEX_POINT('',#8299);
#2347=VERTEX_POINT('',#8301);
#2348=VERTEX_POINT('',#8320);
#2349=VERTEX_POINT('',#8339);
#2350=VERTEX_POINT('',#8358);
#2351=VERTEX_POINT('',#8377);
#2352=VERTEX_POINT('',#8396);
#2353=VERTEX_POINT('',#8415);
#2354=VERTEX_POINT('',#8434);
#2355=VERTEX_POINT('',#8436);
#2356=VERTEX_POINT('',#8446);
#2357=VERTEX_POINT('',#8450);
#2358=VERTEX_POINT('',#8452);
#2359=VERTEX_POINT('',#8456);
#2360=VERTEX_POINT('',#8460);
#2361=VERTEX_POINT('',#8464);
#2362=VERTEX_POINT('',#8477);
#2363=VERTEX_POINT('',#8479);
#2364=VERTEX_POINT('',#8498);
#2365=VERTEX_POINT('',#8517);
#2366=VERTEX_POINT('',#8527);
#2367=VERTEX_POINT('',#8540);
#2368=VERTEX_POINT('',#8542);
#2369=VERTEX_POINT('',#8552);
#2370=VERTEX_POINT('',#8556);
#2371=VERTEX_POINT('',#8560);
#2372=VERTEX_POINT('',#8573);
#2373=VERTEX_POINT('',#8592);
#2374=VERTEX_POINT('',#8611);
#2375=VERTEX_POINT('',#8630);
#2376=VERTEX_POINT('',#8640);
#2377=VERTEX_POINT('',#8644);
#2378=VERTEX_POINT('',#8657);
#2379=VERTEX_POINT('',#8659);
#2380=VERTEX_POINT('',#8678);
#2381=VERTEX_POINT('',#8697);
#2382=VERTEX_POINT('',#8716);
#2383=VERTEX_POINT('',#8735);
#2384=VERTEX_POINT('',#8737);
#2385=VERTEX_POINT('',#8756);
#2386=VERTEX_POINT('',#8775);
#2387=VERTEX_POINT('',#8794);
#2388=VERTEX_POINT('',#8813);
#2389=VERTEX_POINT('',#8823);
#2390=VERTEX_POINT('',#8825);
#2391=VERTEX_POINT('',#8829);
#2392=VERTEX_POINT('',#8833);
#2393=VERTEX_POINT('',#8837);
#2394=VERTEX_POINT('',#8841);
#2395=VERTEX_POINT('',#8845);
#2396=VERTEX_POINT('',#8849);
#2397=VERTEX_POINT('',#8851);
#2398=VERTEX_POINT('',#8855);
#2399=VERTEX_POINT('',#8859);
#2400=VERTEX_POINT('',#8863);
#2401=VERTEX_POINT('',#8867);
#2402=VERTEX_POINT('',#8871);
#2403=VERTEX_POINT('',#8875);
#2404=VERTEX_POINT('',#8879);
#2405=VERTEX_POINT('',#8881);
#2406=VERTEX_POINT('',#8885);
#2407=VERTEX_POINT('',#8889);
#2408=VERTEX_POINT('',#8893);
#2409=VERTEX_POINT('',#8895);
#2410=VERTEX_POINT('',#8899);
#2411=VERTEX_POINT('',#8903);
#2412=VERTEX_POINT('',#8907);
#2413=VERTEX_POINT('',#8911);
#2414=VERTEX_POINT('',#8912);
#2415=VERTEX_POINT('',#8914);
#2416=VERTEX_POINT('',#8916);
#2417=VERTEX_POINT('',#8918);
#2418=VERTEX_POINT('',#8920);
#2419=VERTEX_POINT('',#8922);
#2420=VERTEX_POINT('',#8924);
#2421=VERTEX_POINT('',#8927);
#2422=VERTEX_POINT('',#8929);
#2423=VERTEX_POINT('',#8931);
#2424=VERTEX_POINT('',#8933);
#2425=VERTEX_POINT('',#8948);
#2426=VERTEX_POINT('',#8950);
#2427=VERTEX_POINT('',#8953);
#2428=VERTEX_POINT('',#8955);
#2429=VERTEX_POINT('',#8957);
#2430=VERTEX_POINT('',#8959);
#2431=VERTEX_POINT('',#8967);
#2432=VERTEX_POINT('',#8975);
#2433=VERTEX_POINT('',#8977);
#2434=VERTEX_POINT('',#8980);
#2435=VERTEX_POINT('',#8982);
#2436=VERTEX_POINT('',#8984);
#2437=VERTEX_POINT('',#8986);
#2438=VERTEX_POINT('',#8988);
#2439=VERTEX_POINT('',#8991);
#2440=VERTEX_POINT('',#8993);
#2441=VERTEX_POINT('',#8995);
#2442=VERTEX_POINT('',#8997);
#2443=VERTEX_POINT('',#9005);
#2444=VERTEX_POINT('',#9013);
#2445=VERTEX_POINT('',#9021);
#2446=VERTEX_POINT('',#9029);
#2447=VERTEX_POINT('',#9044);
#2448=VERTEX_POINT('',#9046);
#2449=VERTEX_POINT('',#9048);
#2450=VERTEX_POINT('',#9056);
#2451=VERTEX_POINT('',#9064);
#2452=VERTEX_POINT('',#9079);
#2453=VERTEX_POINT('',#9081);
#2454=VERTEX_POINT('',#9083);
#2455=VERTEX_POINT('',#9085);
#2456=VERTEX_POINT('',#9093);
#2457=VERTEX_POINT('',#9101);
#2458=VERTEX_POINT('',#9109);
#2459=VERTEX_POINT('',#9124);
#2460=VERTEX_POINT('',#9125);
#2461=VERTEX_POINT('',#9127);
#2462=VERTEX_POINT('',#9129);
#2463=VERTEX_POINT('',#9132);
#2464=VERTEX_POINT('',#9133);
#2465=VERTEX_POINT('',#9135);
#2466=VERTEX_POINT('',#9137);
#2467=VERTEX_POINT('',#9140);
#2468=VERTEX_POINT('',#9141);
#2469=VERTEX_POINT('',#9143);
#2470=VERTEX_POINT('',#9145);
#2471=VERTEX_POINT('',#9148);
#2472=VERTEX_POINT('',#9149);
#2473=VERTEX_POINT('',#9151);
#2474=VERTEX_POINT('',#9153);
#2475=VERTEX_POINT('',#9156);
#2476=VERTEX_POINT('',#9164);
#2477=VERTEX_POINT('',#9172);
#2478=VERTEX_POINT('',#9180);
#2479=VERTEX_POINT('',#9188);
#2480=VERTEX_POINT('',#9203);
#2481=VERTEX_POINT('',#9205);
#2482=VERTEX_POINT('',#9207);
#2483=VERTEX_POINT('',#9209);
#2484=VERTEX_POINT('',#9217);
#2485=VERTEX_POINT('',#9225);
#2486=VERTEX_POINT('',#9240);
#2487=VERTEX_POINT('',#9242);
#2488=VERTEX_POINT('',#9244);
#2489=VERTEX_POINT('',#9247);
#2490=VERTEX_POINT('',#9255);
#2491=VERTEX_POINT('',#9263);
#2492=VERTEX_POINT('',#9271);
#2493=VERTEX_POINT('',#9279);
#2494=VERTEX_POINT('',#9295);
#2495=VERTEX_POINT('',#9303);
#2496=VERTEX_POINT('',#9311);
#2497=VERTEX_POINT('',#9319);
#2498=VERTEX_POINT('',#9335);
#2499=VERTEX_POINT('',#9337);
#2500=VERTEX_POINT('',#9339);
#2501=VERTEX_POINT('',#9355);
#2502=VERTEX_POINT('',#9357);
#2503=VERTEX_POINT('',#9367);
#2504=VERTEX_POINT('',#9369);
#2505=VERTEX_POINT('',#9371);
#2506=VERTEX_POINT('',#9379);
#2507=VERTEX_POINT('',#9395);
#2508=VERTEX_POINT('',#9397);
#2509=VERTEX_POINT('',#9399);
#2510=VERTEX_POINT('',#9415);
#2511=VERTEX_POINT('',#9417);
#2512=VERTEX_POINT('',#9425);
#2513=VERTEX_POINT('',#9433);
#2514=VERTEX_POINT('',#9449);
#2515=VERTEX_POINT('',#9450);
#2516=VERTEX_POINT('',#9452);
#2517=VERTEX_POINT('',#9454);
#2518=VERTEX_POINT('',#9458);
#2519=VERTEX_POINT('',#9460);
#2520=VERTEX_POINT('',#9464);
#2521=VERTEX_POINT('',#9465);
#2522=VERTEX_POINT('',#9467);
#2523=VERTEX_POINT('',#9469);
#2524=VERTEX_POINT('',#9473);
#2525=VERTEX_POINT('',#9475);
#2526=VERTEX_POINT('',#9479);
#2527=VERTEX_POINT('',#9481);
#2528=VERTEX_POINT('',#9485);
#2529=VERTEX_POINT('',#9487);
#2530=VERTEX_POINT('',#9491);
#2531=VERTEX_POINT('',#9493);
#2532=VERTEX_POINT('',#9497);
#2533=VERTEX_POINT('',#9499);
#2534=VERTEX_POINT('',#9503);
#2535=VERTEX_POINT('',#9504);
#2536=VERTEX_POINT('',#9506);
#2537=VERTEX_POINT('',#9508);
#2538=VERTEX_POINT('',#9512);
#2539=VERTEX_POINT('',#9514);
#2540=VERTEX_POINT('',#9518);
#2541=VERTEX_POINT('',#9520);
#2542=VERTEX_POINT('',#9524);
#2543=VERTEX_POINT('',#9526);
#2544=VERTEX_POINT('',#9530);
#2545=VERTEX_POINT('',#9532);
#2546=VERTEX_POINT('',#9536);
#2547=VERTEX_POINT('',#9538);
#2548=VERTEX_POINT('',#9542);
#2549=VERTEX_POINT('',#9543);
#2550=VERTEX_POINT('',#9545);
#2551=VERTEX_POINT('',#9547);
#2552=VERTEX_POINT('',#9551);
#2553=VERTEX_POINT('',#9553);
#2554=VERTEX_POINT('',#9557);
#2555=VERTEX_POINT('',#9559);
#2556=VERTEX_POINT('',#9566);
#2557=VERTEX_POINT('',#9568);
#2558=VERTEX_POINT('',#9572);
#2559=VERTEX_POINT('',#9574);
#2560=VERTEX_POINT('',#9578);
#2561=VERTEX_POINT('',#9580);
#2562=VERTEX_POINT('',#9584);
#2563=VERTEX_POINT('',#9586);
#2564=VERTEX_POINT('',#9590);
#2565=VERTEX_POINT('',#9592);
#2566=VERTEX_POINT('',#9599);
#2567=VERTEX_POINT('',#9601);
#2568=VERTEX_POINT('',#9605);
#2569=VERTEX_POINT('',#9607);
#2570=VERTEX_POINT('',#9611);
#2571=VERTEX_POINT('',#9613);
#2572=VERTEX_POINT('',#9617);
#2573=VERTEX_POINT('',#9619);
#2574=VERTEX_POINT('',#9623);
#2575=VERTEX_POINT('',#9625);
#2576=VERTEX_POINT('',#9632);
#2577=VERTEX_POINT('',#9634);
#2578=VERTEX_POINT('',#9641);
#2579=VERTEX_POINT('',#9642);
#2580=VERTEX_POINT('',#9644);
#2581=VERTEX_POINT('',#9646);
#2582=VERTEX_POINT('',#9648);
#2583=VERTEX_POINT('',#9650);
#2584=VERTEX_POINT('',#9652);
#2585=VERTEX_POINT('',#9654);
#2586=VERTEX_POINT('',#9657);
#2587=VERTEX_POINT('',#9658);
#2588=VERTEX_POINT('',#9660);
#2589=VERTEX_POINT('',#9662);
#2590=VERTEX_POINT('',#9664);
#2591=VERTEX_POINT('',#9666);
#2592=VERTEX_POINT('',#9668);
#2593=VERTEX_POINT('',#9670);
#2594=VERTEX_POINT('',#9683);
#2595=VERTEX_POINT('',#9685);
#2596=VERTEX_POINT('',#9689);
#2597=VERTEX_POINT('',#9693);
#2598=VERTEX_POINT('',#9697);
#2599=VERTEX_POINT('',#9701);
#2600=VERTEX_POINT('',#9709);
#2601=VERTEX_POINT('',#9717);
#2602=VERTEX_POINT('',#9725);
#2603=VERTEX_POINT('',#9741);
#2604=VERTEX_POINT('',#9742);
#2605=VERTEX_POINT('',#9747);
#2606=VERTEX_POINT('',#9751);
#2607=VERTEX_POINT('',#9757);
#2608=VERTEX_POINT('',#9758);
#2609=VERTEX_POINT('',#9763);
#2610=VERTEX_POINT('',#9767);
#2611=VERTEX_POINT('',#9773);
#2612=VERTEX_POINT('',#9774);
#2613=VERTEX_POINT('',#9779);
#2614=VERTEX_POINT('',#9783);
#2615=VERTEX_POINT('',#9789);
#2616=VERTEX_POINT('',#9790);
#2617=VERTEX_POINT('',#9795);
#2618=VERTEX_POINT('',#9799);
#2619=VERTEX_POINT('',#9812);
#2620=VERTEX_POINT('',#9813);
#2621=VERTEX_POINT('',#9815);
#2622=VERTEX_POINT('',#9817);
#2623=VERTEX_POINT('',#9821);
#2624=VERTEX_POINT('',#9823);
#2625=VERTEX_POINT('',#9827);
#2626=VERTEX_POINT('',#9829);
#2627=VERTEX_POINT('',#9841);
#2628=VERTEX_POINT('',#9843);
#2629=VERTEX_POINT('',#9845);
#2630=EDGE_CURVE('',#2106,#2107,#1880,.T.);
#2631=EDGE_CURVE('',#2108,#2106,#1881,.T.);
#2632=EDGE_CURVE('',#2109,#2108,#1882,.T.);
#2633=EDGE_CURVE('',#2110,#2109,#1883,.T.);
#2634=EDGE_CURVE('',#2111,#2110,#1884,.T.);
#2635=EDGE_CURVE('',#2112,#2111,#1885,.T.);
#2636=EDGE_CURVE('',#2113,#2112,#1886,.T.);
#2637=EDGE_CURVE('',#2114,#2113,#1887,.T.);
#2638=EDGE_CURVE('',#2115,#2114,#1888,.T.);
#2639=EDGE_CURVE('',#2116,#2115,#1889,.T.);
#2640=EDGE_CURVE('',#2107,#2116,#1890,.T.);
#2641=EDGE_CURVE('',#2117,#2118,#1891,.T.);
#2642=EDGE_CURVE('',#2119,#2117,#1892,.T.);
#2643=EDGE_CURVE('',#2120,#2119,#1893,.T.);
#2644=EDGE_CURVE('',#2121,#2120,#1894,.T.);
#2645=EDGE_CURVE('',#2122,#2121,#1895,.T.);
#2646=EDGE_CURVE('',#2123,#2122,#1896,.T.);
#2647=EDGE_CURVE('',#2124,#2123,#1897,.T.);
#2648=EDGE_CURVE('',#2125,#2124,#1898,.T.);
#2649=EDGE_CURVE('',#2118,#2125,#1899,.T.);
#2650=EDGE_CURVE('',#2126,#2127,#152,.T.);
#2651=EDGE_CURVE('',#2128,#2126,#1900,.T.);
#2652=EDGE_CURVE('',#2129,#2128,#1901,.T.);
#2653=EDGE_CURVE('',#2130,#2129,#1902,.T.);
#2654=EDGE_CURVE('',#2131,#2130,#1903,.T.);
#2655=EDGE_CURVE('',#2132,#2131,#1904,.T.);
#2656=EDGE_CURVE('',#2133,#2132,#153,.T.);
#2657=EDGE_CURVE('',#2134,#2133,#154,.T.);
#2658=EDGE_CURVE('',#2135,#2134,#155,.T.);
#2659=EDGE_CURVE('',#2136,#2135,#1905,.T.);
#2660=EDGE_CURVE('',#2137,#2136,#1906,.T.);
#2661=EDGE_CURVE('',#2138,#2137,#1907,.T.);
#2662=EDGE_CURVE('',#2139,#2138,#1908,.T.);
#2663=EDGE_CURVE('',#2140,#2139,#1909,.T.);
#2664=EDGE_CURVE('',#2141,#2140,#1910,.T.);
#2665=EDGE_CURVE('',#2142,#2141,#156,.T.);
#2666=EDGE_CURVE('',#2127,#2142,#157,.T.);
#2667=EDGE_CURVE('',#2143,#2144,#158,.T.);
#2668=EDGE_CURVE('',#2145,#2143,#1911,.T.);
#2669=EDGE_CURVE('',#2146,#2145,#1912,.T.);
#2670=EDGE_CURVE('',#2147,#2146,#1913,.T.);
#2671=EDGE_CURVE('',#2148,#2147,#1914,.T.);
#2672=EDGE_CURVE('',#2149,#2148,#1915,.T.);
#2673=EDGE_CURVE('',#2150,#2149,#1916,.T.);
#2674=EDGE_CURVE('',#2151,#2150,#1917,.T.);
#2675=EDGE_CURVE('',#2152,#2151,#1918,.T.);
#2676=EDGE_CURVE('',#2153,#2152,#1919,.T.);
#2677=EDGE_CURVE('',#2154,#2153,#159,.T.);
#2678=EDGE_CURVE('',#2144,#2154,#160,.T.);
#2679=EDGE_CURVE('',#2155,#2156,#161,.T.);
#2680=EDGE_CURVE('',#2157,#2155,#162,.T.);
#2681=EDGE_CURVE('',#2158,#2157,#1920,.T.);
#2682=EDGE_CURVE('',#2159,#2158,#1921,.T.);
#2683=EDGE_CURVE('',#2160,#2159,#1922,.T.);
#2684=EDGE_CURVE('',#2161,#2160,#1923,.T.);
#2685=EDGE_CURVE('',#2162,#2161,#1924,.T.);
#2686=EDGE_CURVE('',#2163,#2162,#1925,.T.);
#2687=EDGE_CURVE('',#2164,#2163,#1926,.T.);
#2688=EDGE_CURVE('',#2156,#2164,#163,.T.);
#2689=EDGE_CURVE('',#2165,#2166,#164,.T.);
#2690=EDGE_CURVE('',#2167,#2165,#1927,.T.);
#2691=EDGE_CURVE('',#2168,#2167,#1928,.T.);
#2692=EDGE_CURVE('',#2169,#2168,#1929,.T.);
#2693=EDGE_CURVE('',#2170,#2169,#1930,.T.);
#2694=EDGE_CURVE('',#2171,#2170,#1931,.T.);
#2695=EDGE_CURVE('',#2172,#2171,#1932,.T.);
#2696=EDGE_CURVE('',#2173,#2172,#1933,.T.);
#2697=EDGE_CURVE('',#2174,#2173,#1934,.T.);
#2698=EDGE_CURVE('',#2175,#2174,#1935,.T.);
#2699=EDGE_CURVE('',#2176,#2175,#1936,.T.);
#2700=EDGE_CURVE('',#2177,#2176,#1937,.T.);
#2701=EDGE_CURVE('',#2178,#2177,#165,.T.);
#2702=EDGE_CURVE('',#2166,#2178,#166,.T.);
#2703=EDGE_CURVE('',#2179,#2180,#167,.T.);
#2704=EDGE_CURVE('',#2181,#2179,#168,.T.);
#2705=EDGE_CURVE('',#2182,#2181,#1938,.T.);
#2706=EDGE_CURVE('',#2183,#2182,#1939,.T.);
#2707=EDGE_CURVE('',#2184,#2183,#1940,.T.);
#2708=EDGE_CURVE('',#2185,#2184,#1941,.T.);
#2709=EDGE_CURVE('',#2186,#2185,#1942,.T.);
#2710=EDGE_CURVE('',#2187,#2186,#1943,.T.);
#2711=EDGE_CURVE('',#2188,#2187,#1944,.T.);
#2712=EDGE_CURVE('',#2180,#2188,#169,.T.);
#2713=EDGE_CURVE('',#2189,#2190,#170,.T.);
#2714=EDGE_CURVE('',#2191,#2189,#171,.T.);
#2715=EDGE_CURVE('',#2192,#2191,#1945,.T.);
#2716=EDGE_CURVE('',#2193,#2192,#1946,.T.);
#2717=EDGE_CURVE('',#2194,#2193,#1947,.T.);
#2718=EDGE_CURVE('',#2195,#2194,#1948,.T.);
#2719=EDGE_CURVE('',#2196,#2195,#1949,.T.);
#2720=EDGE_CURVE('',#2197,#2196,#1950,.T.);
#2721=EDGE_CURVE('',#2190,#2197,#172,.T.);
#2722=EDGE_CURVE('',#2198,#2199,#173,.T.);
#2723=EDGE_CURVE('',#2200,#2198,#174,.T.);
#2724=EDGE_CURVE('',#2201,#2200,#175,.T.);
#2725=EDGE_CURVE('',#2202,#2201,#176,.T.);
#2726=EDGE_CURVE('',#2203,#2202,#177,.T.);
#2727=EDGE_CURVE('',#2204,#2203,#178,.T.);
#2728=EDGE_CURVE('',#2205,#2204,#179,.T.);
#2729=EDGE_CURVE('',#2199,#2205,#180,.T.);
#2730=EDGE_CURVE('',#2206,#2207,#181,.T.);
#2731=EDGE_CURVE('',#2208,#2206,#1951,.T.);
#2732=EDGE_CURVE('',#2209,#2208,#1952,.T.);
#2733=EDGE_CURVE('',#2210,#2209,#182,.T.);
#2734=EDGE_CURVE('',#2207,#2210,#183,.T.);
#2735=EDGE_CURVE('',#2211,#2212,#184,.T.);
#2736=EDGE_CURVE('',#2213,#2211,#185,.T.);
#2737=EDGE_CURVE('',#2214,#2213,#186,.T.);
#2738=EDGE_CURVE('',#2215,#2214,#1953,.T.);
#2739=EDGE_CURVE('',#2216,#2215,#1954,.T.);
#2740=EDGE_CURVE('',#2217,#2216,#1955,.T.);
#2741=EDGE_CURVE('',#2218,#2217,#1956,.T.);
#2742=EDGE_CURVE('',#2219,#2218,#187,.T.);
#2743=EDGE_CURVE('',#2220,#2219,#188,.T.);
#2744=EDGE_CURVE('',#2221,#2220,#189,.T.);
#2745=EDGE_CURVE('',#2222,#2221,#1957,.T.);
#2746=EDGE_CURVE('',#2223,#2222,#1958,.T.);
#2747=EDGE_CURVE('',#2224,#2223,#1959,.T.);
#2748=EDGE_CURVE('',#2225,#2224,#1960,.T.);
#2749=EDGE_CURVE('',#2226,#2225,#1961,.T.);
#2750=EDGE_CURVE('',#2227,#2226,#1962,.T.);
#2751=EDGE_CURVE('',#2228,#2227,#1963,.T.);
#2752=EDGE_CURVE('',#2229,#2228,#190,.T.);
#2753=EDGE_CURVE('',#2212,#2229,#191,.T.);
#2754=EDGE_CURVE('',#2230,#2231,#192,.T.);
#2755=EDGE_CURVE('',#2232,#2230,#193,.T.);
#2756=EDGE_CURVE('',#2233,#2232,#1964,.T.);
#2757=EDGE_CURVE('',#2234,#2233,#1965,.T.);
#2758=EDGE_CURVE('',#2235,#2234,#1966,.T.);
#2759=EDGE_CURVE('',#2236,#2235,#1967,.T.);
#2760=EDGE_CURVE('',#2237,#2236,#1968,.T.);
#2761=EDGE_CURVE('',#2231,#2237,#194,.T.);
#2762=EDGE_CURVE('',#2238,#2239,#1969,.T.);
#2763=EDGE_CURVE('',#2240,#2238,#1970,.T.);
#2764=EDGE_CURVE('',#2241,#2240,#1971,.T.);
#2765=EDGE_CURVE('',#2242,#2241,#1972,.T.);
#2766=EDGE_CURVE('',#2243,#2242,#1973,.T.);
#2767=EDGE_CURVE('',#2244,#2243,#1974,.T.);
#2768=EDGE_CURVE('',#2245,#2244,#1975,.T.);
#2769=EDGE_CURVE('',#2246,#2245,#1976,.T.);
#2770=EDGE_CURVE('',#2247,#2246,#1977,.T.);
#2771=EDGE_CURVE('',#2248,#2247,#1978,.T.);
#2772=EDGE_CURVE('',#2239,#2248,#1979,.T.);
#2773=EDGE_CURVE('',#2249,#2250,#1980,.T.);
#2774=EDGE_CURVE('',#2251,#2249,#1981,.T.);
#2775=EDGE_CURVE('',#2252,#2251,#1982,.T.);
#2776=EDGE_CURVE('',#2253,#2252,#1983,.T.);
#2777=EDGE_CURVE('',#2254,#2253,#1984,.T.);
#2778=EDGE_CURVE('',#2255,#2254,#1985,.T.);
#2779=EDGE_CURVE('',#2256,#2255,#1986,.T.);
#2780=EDGE_CURVE('',#2257,#2256,#1987,.T.);
#2781=EDGE_CURVE('',#2250,#2257,#1988,.T.);
#2782=EDGE_CURVE('',#2258,#2259,#195,.T.);
#2783=EDGE_CURVE('',#2260,#2258,#196,.T.);
#2784=EDGE_CURVE('',#2261,#2260,#197,.T.);
#2785=EDGE_CURVE('',#2262,#2261,#198,.T.);
#2786=EDGE_CURVE('',#2263,#2262,#199,.T.);
#2787=EDGE_CURVE('',#2264,#2263,#200,.T.);
#2788=EDGE_CURVE('',#2265,#2264,#201,.T.);
#2789=EDGE_CURVE('',#2266,#2265,#202,.T.);
#2790=EDGE_CURVE('',#2267,#2266,#203,.T.);
#2791=EDGE_CURVE('',#2268,#2267,#204,.T.);
#2792=EDGE_CURVE('',#2269,#2268,#205,.T.);
#2793=EDGE_CURVE('',#2259,#2269,#206,.T.);
#2794=EDGE_CURVE('',#2270,#2271,#207,.T.);
#2795=EDGE_CURVE('',#2272,#2270,#208,.T.);
#2796=EDGE_CURVE('',#2273,#2272,#209,.T.);
#2797=EDGE_CURVE('',#2274,#2273,#210,.T.);
#2798=EDGE_CURVE('',#2275,#2274,#211,.T.);
#2799=EDGE_CURVE('',#2276,#2275,#212,.T.);
#2800=EDGE_CURVE('',#2277,#2276,#213,.T.);
#2801=EDGE_CURVE('',#2278,#2277,#214,.T.);
#2802=EDGE_CURVE('',#2279,#2278,#215,.T.);
#2803=EDGE_CURVE('',#2280,#2279,#216,.T.);
#2804=EDGE_CURVE('',#2281,#2280,#1989,.T.);
#2805=EDGE_CURVE('',#2282,#2281,#1990,.T.);
#2806=EDGE_CURVE('',#2283,#2282,#217,.T.);
#2807=EDGE_CURVE('',#2284,#2283,#218,.T.);
#2808=EDGE_CURVE('',#2271,#2284,#219,.T.);
#2809=EDGE_CURVE('',#2285,#2286,#220,.T.);
#2810=EDGE_CURVE('',#2287,#2285,#221,.T.);
#2811=EDGE_CURVE('',#2288,#2287,#222,.T.);
#2812=EDGE_CURVE('',#2289,#2288,#223,.T.);
#2813=EDGE_CURVE('',#2290,#2289,#224,.T.);
#2814=EDGE_CURVE('',#2286,#2290,#225,.T.);
#2815=EDGE_CURVE('',#2291,#2292,#226,.T.);
#2816=EDGE_CURVE('',#2293,#2291,#227,.T.);
#2817=EDGE_CURVE('',#2294,#2293,#228,.T.);
#2818=EDGE_CURVE('',#2295,#2294,#229,.T.);
#2819=EDGE_CURVE('',#2296,#2295,#1991,.T.);
#2820=EDGE_CURVE('',#2297,#2296,#1992,.T.);
#2821=EDGE_CURVE('',#2298,#2297,#230,.T.);
#2822=EDGE_CURVE('',#2299,#2298,#231,.T.);
#2823=EDGE_CURVE('',#2292,#2299,#232,.T.);
#2824=EDGE_CURVE('',#2120,#2300,#233,.T.);
#2825=EDGE_CURVE('',#2301,#2300,#1993,.T.);
#2826=EDGE_CURVE('',#2121,#2301,#234,.T.);
#2827=EDGE_CURVE('',#2119,#2302,#235,.T.);
#2828=EDGE_CURVE('',#2300,#2302,#1994,.T.);
#2829=EDGE_CURVE('',#2117,#2303,#236,.T.);
#2830=EDGE_CURVE('',#2302,#2303,#1995,.T.);
#2831=EDGE_CURVE('',#2304,#2118,#237,.T.);
#2832=EDGE_CURVE('',#2303,#2304,#1996,.T.);
#2833=EDGE_CURVE('',#2110,#2305,#238,.T.);
#2834=EDGE_CURVE('',#2306,#2305,#1997,.T.);
#2835=EDGE_CURVE('',#2111,#2306,#239,.T.);
#2836=EDGE_CURVE('',#2109,#2307,#240,.T.);
#2837=EDGE_CURVE('',#2305,#2307,#1998,.T.);
#2838=EDGE_CURVE('',#2108,#2308,#241,.T.);
#2839=EDGE_CURVE('',#2307,#2308,#1999,.T.);
#2840=EDGE_CURVE('',#2106,#2309,#242,.T.);
#2841=EDGE_CURVE('',#2308,#2309,#2000,.T.);
#2842=EDGE_CURVE('',#2310,#2107,#243,.T.);
#2843=EDGE_CURVE('',#2309,#2310,#2001,.T.);
#2844=EDGE_CURVE('',#2135,#2311,#244,.T.);
#2845=EDGE_CURVE('',#2312,#2311,#2002,.T.);
#2846=EDGE_CURVE('',#2136,#2312,#245,.T.);
#2847=EDGE_CURVE('',#2134,#2313,#246,.T.);
#2848=EDGE_CURVE('',#2311,#2313,#247,.T.);
#2849=EDGE_CURVE('',#2133,#2314,#248,.T.);
#2850=EDGE_CURVE('',#2313,#2314,#249,.T.);
#2851=EDGE_CURVE('',#2132,#2315,#250,.T.);
#2852=EDGE_CURVE('',#2314,#2315,#251,.T.);
#2853=EDGE_CURVE('',#2131,#2316,#252,.T.);
#2854=EDGE_CURVE('',#2315,#2316,#2003,.T.);
#2855=EDGE_CURVE('',#2130,#2317,#253,.T.);
#2856=EDGE_CURVE('',#2316,#2317,#2004,.T.);
#2857=EDGE_CURVE('',#2129,#2318,#254,.T.);
#2858=EDGE_CURVE('',#2317,#2318,#2005,.T.);
#2859=EDGE_CURVE('',#2128,#2319,#255,.T.);
#2860=EDGE_CURVE('',#2318,#2319,#2006,.T.);
#2861=EDGE_CURVE('',#2126,#2320,#256,.T.);
#2862=EDGE_CURVE('',#2319,#2320,#2007,.T.);
#2863=EDGE_CURVE('',#2159,#2321,#257,.T.);
#2864=EDGE_CURVE('',#2322,#2321,#2008,.T.);
#2865=EDGE_CURVE('',#2160,#2322,#258,.T.);
#2866=EDGE_CURVE('',#2158,#2323,#259,.T.);
#2867=EDGE_CURVE('',#2321,#2323,#2009,.T.);
#2868=EDGE_CURVE('',#2157,#2324,#260,.T.);
#2869=EDGE_CURVE('',#2323,#2324,#2010,.T.);
#2870=EDGE_CURVE('',#2155,#2325,#261,.T.);
#2871=EDGE_CURVE('',#2324,#2325,#262,.T.);
#2872=EDGE_CURVE('',#2326,#2156,#263,.T.);
#2873=EDGE_CURVE('',#2325,#2326,#264,.T.);
#2874=EDGE_CURVE('',#2148,#2327,#265,.T.);
#2875=EDGE_CURVE('',#2328,#2327,#2011,.T.);
#2876=EDGE_CURVE('',#2149,#2328,#266,.T.);
#2877=EDGE_CURVE('',#2147,#2329,#267,.T.);
#2878=EDGE_CURVE('',#2327,#2329,#2012,.T.);
#2879=EDGE_CURVE('',#2146,#2330,#268,.T.);
#2880=EDGE_CURVE('',#2329,#2330,#2013,.T.);
#2881=EDGE_CURVE('',#2145,#2331,#269,.T.);
#2882=EDGE_CURVE('',#2330,#2331,#2014,.T.);
#2883=EDGE_CURVE('',#2143,#2332,#270,.T.);
#2884=EDGE_CURVE('',#2331,#2332,#2015,.T.);
#2885=EDGE_CURVE('',#2333,#2144,#271,.T.);
#2886=EDGE_CURVE('',#2332,#2333,#272,.T.);
#2887=EDGE_CURVE('',#2194,#2334,#273,.T.);
#2888=EDGE_CURVE('',#2335,#2334,#2016,.T.);
#2889=EDGE_CURVE('',#2195,#2335,#274,.T.);
#2890=EDGE_CURVE('',#2193,#2336,#275,.T.);
#2891=EDGE_CURVE('',#2334,#2336,#2017,.T.);
#2892=EDGE_CURVE('',#2192,#2337,#276,.T.);
#2893=EDGE_CURVE('',#2336,#2337,#2018,.T.);
#2894=EDGE_CURVE('',#2191,#2338,#277,.T.);
#2895=EDGE_CURVE('',#2337,#2338,#2019,.T.);
#2896=EDGE_CURVE('',#2189,#2339,#278,.T.);
#2897=EDGE_CURVE('',#2338,#2339,#279,.T.);
#2898=EDGE_CURVE('',#2184,#2340,#280,.T.);
#2899=EDGE_CURVE('',#2341,#2340,#2020,.T.);
#2900=EDGE_CURVE('',#2185,#2341,#281,.T.);
#2901=EDGE_CURVE('',#2183,#2342,#282,.T.);
#2902=EDGE_CURVE('',#2340,#2342,#2021,.T.);
#2903=EDGE_CURVE('',#2182,#2343,#283,.T.);
#2904=EDGE_CURVE('',#2342,#2343,#2022,.T.);
#2905=EDGE_CURVE('',#2181,#2344,#284,.T.);
#2906=EDGE_CURVE('',#2343,#2344,#2023,.T.);
#2907=EDGE_CURVE('',#2179,#2345,#285,.T.);
#2908=EDGE_CURVE('',#2344,#2345,#286,.T.);
#2909=EDGE_CURVE('',#2172,#2346,#287,.T.);
#2910=EDGE_CURVE('',#2347,#2346,#2024,.T.);
#2911=EDGE_CURVE('',#2173,#2347,#288,.T.);
#2912=EDGE_CURVE('',#2171,#2348,#289,.T.);
#2913=EDGE_CURVE('',#2346,#2348,#2025,.T.);
#2914=EDGE_CURVE('',#2170,#2349,#290,.T.);
#2915=EDGE_CURVE('',#2348,#2349,#2026,.T.);
#2916=EDGE_CURVE('',#2169,#2350,#291,.T.);
#2917=EDGE_CURVE('',#2349,#2350,#2027,.T.);
#2918=EDGE_CURVE('',#2168,#2351,#292,.T.);
#2919=EDGE_CURVE('',#2350,#2351,#2028,.T.);
#2920=EDGE_CURVE('',#2167,#2352,#293,.T.);
#2921=EDGE_CURVE('',#2351,#2352,#2029,.T.);
#2922=EDGE_CURVE('',#2165,#2353,#294,.T.);
#2923=EDGE_CURVE('',#2352,#2353,#2030,.T.);
#2924=EDGE_CURVE('',#2206,#2354,#295,.T.);
#2925=EDGE_CURVE('',#2355,#2354,#2031,.T.);
#2926=EDGE_CURVE('',#2208,#2355,#296,.T.);
#2927=EDGE_CURVE('',#2356,#2207,#297,.T.);
#2928=EDGE_CURVE('',#2354,#2356,#298,.T.);
#2929=EDGE_CURVE('',#2201,#2357,#299,.T.);
#2930=EDGE_CURVE('',#2358,#2357,#300,.T.);
#2931=EDGE_CURVE('',#2202,#2358,#301,.T.);
#2932=EDGE_CURVE('',#2200,#2359,#302,.T.);
#2933=EDGE_CURVE('',#2357,#2359,#303,.T.);
#2934=EDGE_CURVE('',#2198,#2360,#304,.T.);
#2935=EDGE_CURVE('',#2359,#2360,#305,.T.);
#2936=EDGE_CURVE('',#2361,#2199,#306,.T.);
#2937=EDGE_CURVE('',#2360,#2361,#307,.T.);
#2938=EDGE_CURVE('',#2234,#2362,#308,.T.);
#2939=EDGE_CURVE('',#2363,#2362,#2032,.T.);
#2940=EDGE_CURVE('',#2235,#2363,#309,.T.);
#2941=EDGE_CURVE('',#2233,#2364,#310,.T.);
#2942=EDGE_CURVE('',#2362,#2364,#2033,.T.);
#2943=EDGE_CURVE('',#2232,#2365,#311,.T.);
#2944=EDGE_CURVE('',#2364,#2365,#2034,.T.);
#2945=EDGE_CURVE('',#2230,#2366,#312,.T.);
#2946=EDGE_CURVE('',#2365,#2366,#313,.T.);
#2947=EDGE_CURVE('',#2221,#2367,#314,.T.);
#2948=EDGE_CURVE('',#2368,#2367,#2035,.T.);
#2949=EDGE_CURVE('',#2222,#2368,#315,.T.);
#2950=EDGE_CURVE('',#2220,#2369,#316,.T.);
#2951=EDGE_CURVE('',#2367,#2369,#317,.T.);
#2952=EDGE_CURVE('',#2219,#2370,#318,.T.);
#2953=EDGE_CURVE('',#2369,#2370,#319,.T.);
#2954=EDGE_CURVE('',#2218,#2371,#320,.T.);
#2955=EDGE_CURVE('',#2370,#2371,#321,.T.);
#2956=EDGE_CURVE('',#2217,#2372,#322,.T.);
#2957=EDGE_CURVE('',#2371,#2372,#2036,.T.);
#2958=EDGE_CURVE('',#2216,#2373,#323,.T.);
#2959=EDGE_CURVE('',#2372,#2373,#2037,.T.);
#2960=EDGE_CURVE('',#2215,#2374,#324,.T.);
#2961=EDGE_CURVE('',#2373,#2374,#2038,.T.);
#2962=EDGE_CURVE('',#2214,#2375,#325,.T.);
#2963=EDGE_CURVE('',#2374,#2375,#2039,.T.);
#2964=EDGE_CURVE('',#2213,#2376,#326,.T.);
#2965=EDGE_CURVE('',#2375,#2376,#327,.T.);
#2966=EDGE_CURVE('',#2211,#2377,#328,.T.);
#2967=EDGE_CURVE('',#2376,#2377,#329,.T.);
#2968=EDGE_CURVE('',#2252,#2378,#330,.T.);
#2969=EDGE_CURVE('',#2379,#2378,#2040,.T.);
#2970=EDGE_CURVE('',#2253,#2379,#331,.T.);
#2971=EDGE_CURVE('',#2251,#2380,#332,.T.);
#2972=EDGE_CURVE('',#2378,#2380,#2041,.T.);
#2973=EDGE_CURVE('',#2249,#2381,#333,.T.);
#2974=EDGE_CURVE('',#2380,#2381,#2042,.T.);
#2975=EDGE_CURVE('',#2382,#2250,#334,.T.);
#2976=EDGE_CURVE('',#2381,#2382,#2043,.T.);
#2977=EDGE_CURVE('',#2242,#2383,#335,.T.);
#2978=EDGE_CURVE('',#2384,#2383,#2044,.T.);
#2979=EDGE_CURVE('',#2243,#2384,#336,.T.);
#2980=EDGE_CURVE('',#2241,#2385,#337,.T.);
#2981=EDGE_CURVE('',#2383,#2385,#2045,.T.);
#2982=EDGE_CURVE('',#2240,#2386,#338,.T.);
#2983=EDGE_CURVE('',#2385,#2386,#2046,.T.);
#2984=EDGE_CURVE('',#2238,#2387,#339,.T.);
#2985=EDGE_CURVE('',#2386,#2387,#2047,.T.);
#2986=EDGE_CURVE('',#2388,#2239,#340,.T.);
#2987=EDGE_CURVE('',#2387,#2388,#2048,.T.);
#2988=EDGE_CURVE('',#2264,#2389,#341,.T.);
#2989=EDGE_CURVE('',#2390,#2389,#342,.T.);
#2990=EDGE_CURVE('',#2265,#2390,#343,.T.);
#2991=EDGE_CURVE('',#2263,#2391,#344,.T.);
#2992=EDGE_CURVE('',#2389,#2391,#345,.T.);
#2993=EDGE_CURVE('',#2262,#2392,#346,.T.);
#2994=EDGE_CURVE('',#2391,#2392,#347,.T.);
#2995=EDGE_CURVE('',#2261,#2393,#348,.T.);
#2996=EDGE_CURVE('',#2392,#2393,#349,.T.);
#2997=EDGE_CURVE('',#2260,#2394,#350,.T.);
#2998=EDGE_CURVE('',#2393,#2394,#351,.T.);
#2999=EDGE_CURVE('',#2258,#2395,#352,.T.);
#3000=EDGE_CURVE('',#2394,#2395,#353,.T.);
#3001=EDGE_CURVE('',#2276,#2396,#354,.T.);
#3002=EDGE_CURVE('',#2397,#2396,#355,.T.);
#3003=EDGE_CURVE('',#2277,#2397,#356,.T.);
#3004=EDGE_CURVE('',#2275,#2398,#357,.T.);
#3005=EDGE_CURVE('',#2396,#2398,#358,.T.);
#3006=EDGE_CURVE('',#2274,#2399,#359,.T.);
#3007=EDGE_CURVE('',#2398,#2399,#360,.T.);
#3008=EDGE_CURVE('',#2273,#2400,#361,.T.);
#3009=EDGE_CURVE('',#2399,#2400,#362,.T.);
#3010=EDGE_CURVE('',#2272,#2401,#363,.T.);
#3011=EDGE_CURVE('',#2400,#2401,#364,.T.);
#3012=EDGE_CURVE('',#2270,#2402,#365,.T.);
#3013=EDGE_CURVE('',#2401,#2402,#366,.T.);
#3014=EDGE_CURVE('',#2403,#2271,#367,.T.);
#3015=EDGE_CURVE('',#2402,#2403,#368,.T.);
#3016=EDGE_CURVE('',#2288,#2404,#369,.T.);
#3017=EDGE_CURVE('',#2405,#2404,#370,.T.);
#3018=EDGE_CURVE('',#2289,#2405,#371,.T.);
#3019=EDGE_CURVE('',#2287,#2406,#372,.T.);
#3020=EDGE_CURVE('',#2404,#2406,#373,.T.);
#3021=EDGE_CURVE('',#2285,#2407,#374,.T.);
#3022=EDGE_CURVE('',#2406,#2407,#375,.T.);
#3023=EDGE_CURVE('',#2294,#2408,#376,.T.);
#3024=EDGE_CURVE('',#2409,#2408,#377,.T.);
#3025=EDGE_CURVE('',#2295,#2409,#378,.T.);
#3026=EDGE_CURVE('',#2293,#2410,#379,.T.);
#3027=EDGE_CURVE('',#2408,#2410,#380,.T.);
#3028=EDGE_CURVE('',#2291,#2411,#381,.T.);
#3029=EDGE_CURVE('',#2410,#2411,#382,.T.);
#3030=EDGE_CURVE('',#2412,#2292,#383,.T.);
#3031=EDGE_CURVE('',#2411,#2412,#384,.T.);
#3032=EDGE_CURVE('',#2413,#2414,#23,.T.);
#3033=EDGE_CURVE('',#2415,#2413,#385,.T.);
#3034=EDGE_CURVE('',#2416,#2415,#24,.T.);
#3035=EDGE_CURVE('',#2417,#2416,#386,.T.);
#3036=EDGE_CURVE('',#2418,#2417,#25,.T.);
#3037=EDGE_CURVE('',#2419,#2418,#387,.T.);
#3038=EDGE_CURVE('',#2420,#2419,#26,.T.);
#3039=EDGE_CURVE('',#2414,#2420,#388,.T.);
#3040=EDGE_CURVE('',#2412,#2421,#389,.T.);
#3041=EDGE_CURVE('',#2421,#2422,#390,.T.);
#3042=EDGE_CURVE('',#2422,#2423,#391,.T.);
#3043=EDGE_CURVE('',#2423,#2424,#2049,.T.);
#3044=EDGE_CURVE('',#2424,#2409,#2050,.T.);
#3045=EDGE_CURVE('',#2407,#2425,#392,.T.);
#3046=EDGE_CURVE('',#2425,#2426,#393,.T.);
#3047=EDGE_CURVE('',#2426,#2405,#394,.T.);
#3048=EDGE_CURVE('',#2403,#2427,#395,.T.);
#3049=EDGE_CURVE('',#2427,#2428,#396,.T.);
#3050=EDGE_CURVE('',#2428,#2429,#397,.T.);
#3051=EDGE_CURVE('',#2429,#2430,#2051,.T.);
#3052=EDGE_CURVE('',#2430,#2431,#2052,.T.);
#3053=EDGE_CURVE('',#2431,#2432,#398,.T.);
#3054=EDGE_CURVE('',#2432,#2433,#399,.T.);
#3055=EDGE_CURVE('',#2433,#2397,#400,.T.);
#3056=EDGE_CURVE('',#2395,#2434,#401,.T.);
#3057=EDGE_CURVE('',#2434,#2435,#402,.T.);
#3058=EDGE_CURVE('',#2435,#2436,#403,.T.);
#3059=EDGE_CURVE('',#2436,#2437,#404,.T.);
#3060=EDGE_CURVE('',#2437,#2438,#405,.T.);
#3061=EDGE_CURVE('',#2438,#2390,#406,.T.);
#3062=EDGE_CURVE('',#2377,#2439,#407,.T.);
#3063=EDGE_CURVE('',#2439,#2440,#408,.T.);
#3064=EDGE_CURVE('',#2440,#2441,#409,.T.);
#3065=EDGE_CURVE('',#2441,#2442,#2053,.T.);
#3066=EDGE_CURVE('',#2442,#2443,#2054,.T.);
#3067=EDGE_CURVE('',#2443,#2444,#2055,.T.);
#3068=EDGE_CURVE('',#2444,#2445,#2056,.T.);
#3069=EDGE_CURVE('',#2445,#2446,#2057,.T.);
#3070=EDGE_CURVE('',#2446,#2368,#2058,.T.);
#3071=EDGE_CURVE('',#2333,#2447,#410,.T.);
#3072=EDGE_CURVE('',#2447,#2448,#411,.T.);
#3073=EDGE_CURVE('',#2448,#2449,#2059,.T.);
#3074=EDGE_CURVE('',#2449,#2450,#2060,.T.);
#3075=EDGE_CURVE('',#2450,#2451,#2061,.T.);
#3076=EDGE_CURVE('',#2451,#2328,#2062,.T.);
#3077=EDGE_CURVE('',#2320,#2452,#412,.T.);
#3078=EDGE_CURVE('',#2452,#2453,#413,.T.);
#3079=EDGE_CURVE('',#2453,#2454,#414,.T.);
#3080=EDGE_CURVE('',#2454,#2455,#2063,.T.);
#3081=EDGE_CURVE('',#2455,#2456,#2064,.T.);
#3082=EDGE_CURVE('',#2456,#2457,#2065,.T.);
#3083=EDGE_CURVE('',#2457,#2458,#2066,.T.);
#3084=EDGE_CURVE('',#2458,#2312,#2067,.T.);
#3085=EDGE_CURVE('',#2459,#2460,#415,.T.);
#3086=EDGE_CURVE('',#2460,#2461,#416,.T.);
#3087=EDGE_CURVE('',#2461,#2462,#417,.T.);
#3088=EDGE_CURVE('',#2462,#2459,#418,.T.);
#3089=EDGE_CURVE('',#2463,#2464,#419,.T.);
#3090=EDGE_CURVE('',#2464,#2465,#420,.T.);
#3091=EDGE_CURVE('',#2465,#2466,#421,.T.);
#3092=EDGE_CURVE('',#2466,#2463,#422,.T.);
#3093=EDGE_CURVE('',#2467,#2468,#423,.T.);
#3094=EDGE_CURVE('',#2468,#2469,#424,.T.);
#3095=EDGE_CURVE('',#2469,#2470,#425,.T.);
#3096=EDGE_CURVE('',#2470,#2467,#426,.T.);
#3097=EDGE_CURVE('',#2471,#2472,#427,.T.);
#3098=EDGE_CURVE('',#2472,#2473,#428,.T.);
#3099=EDGE_CURVE('',#2473,#2474,#429,.T.);
#3100=EDGE_CURVE('',#2474,#2471,#430,.T.);
#3101=EDGE_CURVE('',#2310,#2475,#2068,.T.);
#3102=EDGE_CURVE('',#2475,#2476,#2069,.T.);
#3103=EDGE_CURVE('',#2476,#2477,#2070,.T.);
#3104=EDGE_CURVE('',#2477,#2478,#2071,.T.);
#3105=EDGE_CURVE('',#2478,#2479,#2072,.T.);
#3106=EDGE_CURVE('',#2479,#2306,#2073,.T.);
#3107=EDGE_CURVE('',#2353,#2480,#431,.T.);
#3108=EDGE_CURVE('',#2480,#2481,#432,.T.);
#3109=EDGE_CURVE('',#2481,#2482,#433,.T.);
#3110=EDGE_CURVE('',#2482,#2483,#2074,.T.);
#3111=EDGE_CURVE('',#2483,#2484,#2075,.T.);
#3112=EDGE_CURVE('',#2484,#2485,#2076,.T.);
#3113=EDGE_CURVE('',#2485,#2347,#2077,.T.);
#3114=EDGE_CURVE('',#2361,#2486,#434,.T.);
#3115=EDGE_CURVE('',#2486,#2487,#435,.T.);
#3116=EDGE_CURVE('',#2487,#2488,#436,.T.);
#3117=EDGE_CURVE('',#2488,#2358,#437,.T.);
#3118=EDGE_CURVE('',#2388,#2489,#2078,.T.);
#3119=EDGE_CURVE('',#2489,#2490,#2079,.T.);
#3120=EDGE_CURVE('',#2490,#2491,#2080,.T.);
#3121=EDGE_CURVE('',#2491,#2492,#2081,.T.);
#3122=EDGE_CURVE('',#2492,#2493,#2082,.T.);
#3123=EDGE_CURVE('',#2493,#2384,#2083,.T.);
#3124=EDGE_CURVE('',#2382,#2494,#2084,.T.);
#3125=EDGE_CURVE('',#2494,#2495,#2085,.T.);
#3126=EDGE_CURVE('',#2495,#2496,#2086,.T.);
#3127=EDGE_CURVE('',#2496,#2497,#2087,.T.);
#3128=EDGE_CURVE('',#2497,#2379,#2088,.T.);
#3129=EDGE_CURVE('',#2366,#2498,#438,.T.);
#3130=EDGE_CURVE('',#2498,#2499,#439,.T.);
#3131=EDGE_CURVE('',#2499,#2500,#2089,.T.);
#3132=EDGE_CURVE('',#2500,#2363,#2090,.T.);
#3133=EDGE_CURVE('',#2356,#2501,#440,.T.);
#3134=EDGE_CURVE('',#2501,#2502,#441,.T.);
#3135=EDGE_CURVE('',#2502,#2355,#2091,.T.);
#3136=EDGE_CURVE('',#2345,#2503,#442,.T.);
#3137=EDGE_CURVE('',#2503,#2504,#443,.T.);
#3138=EDGE_CURVE('',#2504,#2505,#2092,.T.);
#3139=EDGE_CURVE('',#2505,#2506,#2093,.T.);
#3140=EDGE_CURVE('',#2506,#2341,#2094,.T.);
#3141=EDGE_CURVE('',#2339,#2507,#444,.T.);
#3142=EDGE_CURVE('',#2507,#2508,#445,.T.);
#3143=EDGE_CURVE('',#2508,#2509,#2095,.T.);
#3144=EDGE_CURVE('',#2509,#2335,#2096,.T.);
#3145=EDGE_CURVE('',#2326,#2510,#446,.T.);
#3146=EDGE_CURVE('',#2510,#2511,#2097,.T.);
#3147=EDGE_CURVE('',#2511,#2512,#2098,.T.);
#3148=EDGE_CURVE('',#2512,#2513,#2099,.T.);
#3149=EDGE_CURVE('',#2513,#2322,#2100,.T.);
#3150=EDGE_CURVE('',#2514,#2515,#447,.T.);
#3151=EDGE_CURVE('',#2515,#2516,#448,.T.);
#3152=EDGE_CURVE('',#2516,#2517,#449,.T.);
#3153=EDGE_CURVE('',#2514,#2517,#450,.T.);
#3154=EDGE_CURVE('',#2518,#2514,#451,.T.);
#3155=EDGE_CURVE('',#2517,#2519,#452,.T.);
#3156=EDGE_CURVE('',#2518,#2519,#453,.T.);
#3157=EDGE_CURVE('',#2520,#2521,#454,.T.);
#3158=EDGE_CURVE('',#2521,#2522,#455,.T.);
#3159=EDGE_CURVE('',#2522,#2523,#456,.T.);
#3160=EDGE_CURVE('',#2520,#2523,#457,.T.);
#3161=EDGE_CURVE('',#2524,#2520,#458,.T.);
#3162=EDGE_CURVE('',#2523,#2525,#459,.T.);
#3163=EDGE_CURVE('',#2524,#2525,#460,.T.);
#3164=EDGE_CURVE('',#2526,#2524,#461,.T.);
#3165=EDGE_CURVE('',#2525,#2527,#462,.T.);
#3166=EDGE_CURVE('',#2526,#2527,#463,.T.);
#3167=EDGE_CURVE('',#2528,#2526,#464,.T.);
#3168=EDGE_CURVE('',#2527,#2529,#465,.T.);
#3169=EDGE_CURVE('',#2528,#2529,#466,.T.);
#3170=EDGE_CURVE('',#2530,#2528,#467,.T.);
#3171=EDGE_CURVE('',#2529,#2531,#468,.T.);
#3172=EDGE_CURVE('',#2530,#2531,#469,.T.);
#3173=EDGE_CURVE('',#2532,#2530,#470,.T.);
#3174=EDGE_CURVE('',#2531,#2533,#471,.T.);
#3175=EDGE_CURVE('',#2532,#2533,#472,.T.);
#3176=EDGE_CURVE('',#2534,#2535,#473,.T.);
#3177=EDGE_CURVE('',#2535,#2536,#474,.T.);
#3178=EDGE_CURVE('',#2536,#2537,#475,.T.);
#3179=EDGE_CURVE('',#2534,#2537,#476,.T.);
#3180=EDGE_CURVE('',#2538,#2534,#477,.T.);
#3181=EDGE_CURVE('',#2537,#2539,#478,.T.);
#3182=EDGE_CURVE('',#2538,#2539,#479,.T.);
#3183=EDGE_CURVE('',#2540,#2538,#480,.T.);
#3184=EDGE_CURVE('',#2539,#2541,#481,.T.);
#3185=EDGE_CURVE('',#2540,#2541,#482,.T.);
#3186=EDGE_CURVE('',#2542,#2540,#483,.T.);
#3187=EDGE_CURVE('',#2541,#2543,#484,.T.);
#3188=EDGE_CURVE('',#2542,#2543,#485,.T.);
#3189=EDGE_CURVE('',#2544,#2542,#486,.T.);
#3190=EDGE_CURVE('',#2543,#2545,#487,.T.);
#3191=EDGE_CURVE('',#2544,#2545,#488,.T.);
#3192=EDGE_CURVE('',#2546,#2544,#489,.T.);
#3193=EDGE_CURVE('',#2545,#2547,#490,.T.);
#3194=EDGE_CURVE('',#2546,#2547,#491,.T.);
#3195=EDGE_CURVE('',#2548,#2549,#492,.T.);
#3196=EDGE_CURVE('',#2549,#2550,#493,.T.);
#3197=EDGE_CURVE('',#2550,#2551,#494,.T.);
#3198=EDGE_CURVE('',#2548,#2551,#495,.T.);
#3199=EDGE_CURVE('',#2552,#2548,#496,.T.);
#3200=EDGE_CURVE('',#2551,#2553,#497,.T.);
#3201=EDGE_CURVE('',#2552,#2553,#498,.T.);
#3202=EDGE_CURVE('',#2515,#2554,#499,.T.);
#3203=EDGE_CURVE('',#2554,#2555,#500,.T.);
#3204=EDGE_CURVE('',#2555,#2516,#501,.T.);
#3205=EDGE_CURVE('',#2554,#2518,#502,.T.);
#3206=EDGE_CURVE('',#2519,#2555,#503,.T.);
#3207=EDGE_CURVE('',#2521,#2556,#504,.T.);
#3208=EDGE_CURVE('',#2556,#2557,#505,.T.);
#3209=EDGE_CURVE('',#2557,#2522,#506,.T.);
#3210=EDGE_CURVE('',#2556,#2558,#507,.T.);
#3211=EDGE_CURVE('',#2558,#2559,#508,.T.);
#3212=EDGE_CURVE('',#2559,#2557,#509,.T.);
#3213=EDGE_CURVE('',#2558,#2560,#510,.T.);
#3214=EDGE_CURVE('',#2560,#2561,#511,.T.);
#3215=EDGE_CURVE('',#2561,#2559,#512,.T.);
#3216=EDGE_CURVE('',#2560,#2562,#513,.T.);
#3217=EDGE_CURVE('',#2562,#2563,#514,.T.);
#3218=EDGE_CURVE('',#2563,#2561,#515,.T.);
#3219=EDGE_CURVE('',#2562,#2564,#516,.T.);
#3220=EDGE_CURVE('',#2564,#2565,#517,.T.);
#3221=EDGE_CURVE('',#2565,#2563,#518,.T.);
#3222=EDGE_CURVE('',#2564,#2532,#519,.T.);
#3223=EDGE_CURVE('',#2533,#2565,#520,.T.);
#3224=EDGE_CURVE('',#2535,#2566,#521,.T.);
#3225=EDGE_CURVE('',#2566,#2567,#522,.T.);
#3226=EDGE_CURVE('',#2567,#2536,#523,.T.);
#3227=EDGE_CURVE('',#2566,#2568,#524,.T.);
#3228=EDGE_CURVE('',#2568,#2569,#525,.T.);
#3229=EDGE_CURVE('',#2569,#2567,#526,.T.);
#3230=EDGE_CURVE('',#2568,#2570,#527,.T.);
#3231=EDGE_CURVE('',#2570,#2571,#528,.T.);
#3232=EDGE_CURVE('',#2571,#2569,#529,.T.);
#3233=EDGE_CURVE('',#2570,#2572,#530,.T.);
#3234=EDGE_CURVE('',#2572,#2573,#531,.T.);
#3235=EDGE_CURVE('',#2573,#2571,#532,.T.);
#3236=EDGE_CURVE('',#2572,#2574,#533,.T.);
#3237=EDGE_CURVE('',#2574,#2575,#534,.T.);
#3238=EDGE_CURVE('',#2575,#2573,#535,.T.);
#3239=EDGE_CURVE('',#2574,#2546,#536,.T.);
#3240=EDGE_CURVE('',#2547,#2575,#537,.T.);
#3241=EDGE_CURVE('',#2549,#2576,#538,.T.);
#3242=EDGE_CURVE('',#2576,#2577,#539,.T.);
#3243=EDGE_CURVE('',#2577,#2550,#540,.T.);
#3244=EDGE_CURVE('',#2576,#2552,#541,.T.);
#3245=EDGE_CURVE('',#2553,#2577,#542,.T.);
#3246=EDGE_CURVE('',#2578,#2579,#27,.T.);
#3247=EDGE_CURVE('',#2580,#2578,#543,.T.);
#3248=EDGE_CURVE('',#2581,#2580,#28,.T.);
#3249=EDGE_CURVE('',#2582,#2581,#544,.T.);
#3250=EDGE_CURVE('',#2583,#2582,#29,.T.);
#3251=EDGE_CURVE('',#2584,#2583,#545,.T.);
#3252=EDGE_CURVE('',#2585,#2584,#30,.T.);
#3253=EDGE_CURVE('',#2579,#2585,#546,.T.);
#3254=EDGE_CURVE('',#2586,#2587,#547,.T.);
#3255=EDGE_CURVE('',#2588,#2586,#31,.T.);
#3256=EDGE_CURVE('',#2589,#2588,#548,.T.);
#3257=EDGE_CURVE('',#2590,#2589,#32,.T.);
#3258=EDGE_CURVE('',#2591,#2590,#549,.T.);
#3259=EDGE_CURVE('',#2592,#2591,#33,.T.);
#3260=EDGE_CURVE('',#2593,#2592,#550,.T.);
#3261=EDGE_CURVE('',#2587,#2593,#34,.T.);
#3262=EDGE_CURVE('',#2589,#2413,#551,.T.);
#3263=EDGE_CURVE('',#2590,#2414,#552,.T.);
#3264=EDGE_CURVE('',#2588,#2415,#553,.T.);
#3265=EDGE_CURVE('',#2586,#2416,#554,.T.);
#3266=EDGE_CURVE('',#2587,#2417,#555,.T.);
#3267=EDGE_CURVE('',#2594,#2581,#556,.T.);
#3268=EDGE_CURVE('',#2595,#2594,#557,.T.);
#3269=EDGE_CURVE('',#2582,#2595,#558,.T.);
#3270=EDGE_CURVE('',#2580,#2596,#559,.T.);
#3271=EDGE_CURVE('',#2596,#2594,#35,.T.);
#3272=EDGE_CURVE('',#2597,#2578,#560,.T.);
#3273=EDGE_CURVE('',#2596,#2597,#561,.T.);
#3274=EDGE_CURVE('',#2579,#2598,#562,.T.);
#3275=EDGE_CURVE('',#2598,#2597,#36,.T.);
#3276=EDGE_CURVE('',#2304,#2599,#2101,.T.);
#3277=EDGE_CURVE('',#2599,#2600,#2102,.T.);
#3278=EDGE_CURVE('',#2600,#2601,#2103,.T.);
#3279=EDGE_CURVE('',#2601,#2602,#2104,.T.);
#3280=EDGE_CURVE('',#2602,#2301,#2105,.T.);
#3281=EDGE_CURVE('',#2603,#2604,#563,.T.);
#3282=EDGE_CURVE('',#2604,#2471,#564,.T.);
#3283=EDGE_CURVE('',#2603,#2474,#565,.T.);
#3284=EDGE_CURVE('',#2605,#2603,#566,.T.);
#3285=EDGE_CURVE('',#2605,#2473,#567,.T.);
#3286=EDGE_CURVE('',#2606,#2605,#568,.T.);
#3287=EDGE_CURVE('',#2606,#2472,#569,.T.);
#3288=EDGE_CURVE('',#2604,#2606,#570,.T.);
#3289=EDGE_CURVE('',#2607,#2608,#571,.T.);
#3290=EDGE_CURVE('',#2608,#2467,#572,.T.);
#3291=EDGE_CURVE('',#2607,#2470,#573,.T.);
#3292=EDGE_CURVE('',#2609,#2607,#574,.T.);
#3293=EDGE_CURVE('',#2609,#2469,#575,.T.);
#3294=EDGE_CURVE('',#2610,#2609,#576,.T.);
#3295=EDGE_CURVE('',#2610,#2468,#577,.T.);
#3296=EDGE_CURVE('',#2608,#2610,#578,.T.);
#3297=EDGE_CURVE('',#2611,#2612,#579,.T.);
#3298=EDGE_CURVE('',#2612,#2463,#580,.T.);
#3299=EDGE_CURVE('',#2611,#2466,#581,.T.);
#3300=EDGE_CURVE('',#2613,#2611,#582,.T.);
#3301=EDGE_CURVE('',#2613,#2465,#583,.T.);
#3302=EDGE_CURVE('',#2614,#2613,#584,.T.);
#3303=EDGE_CURVE('',#2614,#2464,#585,.T.);
#3304=EDGE_CURVE('',#2612,#2614,#586,.T.);
#3305=EDGE_CURVE('',#2615,#2616,#587,.T.);
#3306=EDGE_CURVE('',#2616,#2459,#588,.T.);
#3307=EDGE_CURVE('',#2615,#2462,#589,.T.);
#3308=EDGE_CURVE('',#2617,#2615,#590,.T.);
#3309=EDGE_CURVE('',#2617,#2461,#591,.T.);
#3310=EDGE_CURVE('',#2618,#2617,#592,.T.);
#3311=EDGE_CURVE('',#2618,#2460,#593,.T.);
#3312=EDGE_CURVE('',#2616,#2618,#594,.T.);
#3313=EDGE_CURVE('',#2591,#2420,#595,.T.);
#3314=EDGE_CURVE('',#2592,#2419,#596,.T.);
#3315=EDGE_CURVE('',#2593,#2418,#597,.T.);
#3316=EDGE_CURVE('',#2619,#2620,#598,.T.);
#3317=EDGE_CURVE('',#2619,#2621,#599,.T.);
#3318=EDGE_CURVE('',#2621,#2622,#600,.T.);
#3319=EDGE_CURVE('',#2620,#2622,#601,.T.);
#3320=EDGE_CURVE('',#2622,#2623,#602,.T.);
#3321=EDGE_CURVE('',#2624,#2623,#603,.T.);
#3322=EDGE_CURVE('',#2620,#2624,#604,.T.);
#3323=EDGE_CURVE('',#2625,#2619,#605,.T.);
#3324=EDGE_CURVE('',#2625,#2626,#606,.T.);
#3325=EDGE_CURVE('',#2626,#2621,#607,.T.);
#3326=EDGE_CURVE('',#2624,#2625,#608,.T.);
#3327=EDGE_CURVE('',#2623,#2626,#609,.T.);
#3328=EDGE_CURVE('',#2627,#2598,#610,.T.);
#3329=EDGE_CURVE('',#2628,#2627,#37,.T.);
#3330=EDGE_CURVE('',#2629,#2628,#611,.T.);
#3331=EDGE_CURVE('',#2595,#2629,#38,.T.);
#3332=EDGE_CURVE('',#2629,#2583,#612,.T.);
#3333=EDGE_CURVE('',#2584,#2628,#613,.T.);
#3334=EDGE_CURVE('',#2627,#2585,#614,.T.);
#3335=EDGE_CURVE('',#2112,#2479,#615,.T.);
#3336=EDGE_CURVE('',#2113,#2478,#616,.T.);
#3337=EDGE_CURVE('',#2114,#2477,#617,.T.);
#3338=EDGE_CURVE('',#2115,#2476,#618,.T.);
#3339=EDGE_CURVE('',#2116,#2475,#619,.T.);
#3340=EDGE_CURVE('',#2122,#2602,#620,.T.);
#3341=EDGE_CURVE('',#2123,#2601,#621,.T.);
#3342=EDGE_CURVE('',#2124,#2600,#622,.T.);
#3343=EDGE_CURVE('',#2125,#2599,#623,.T.);
#3344=EDGE_CURVE('',#2142,#2453,#624,.T.);
#3345=EDGE_CURVE('',#2452,#2127,#625,.T.);
#3346=EDGE_CURVE('',#2141,#2454,#626,.T.);
#3347=EDGE_CURVE('',#2140,#2455,#627,.T.);
#3348=EDGE_CURVE('',#2139,#2456,#628,.T.);
#3349=EDGE_CURVE('',#2138,#2457,#629,.T.);
#3350=EDGE_CURVE('',#2137,#2458,#630,.T.);
#3351=EDGE_CURVE('',#2150,#2451,#631,.T.);
#3352=EDGE_CURVE('',#2151,#2450,#632,.T.);
#3353=EDGE_CURVE('',#2152,#2449,#633,.T.);
#3354=EDGE_CURVE('',#2153,#2448,#634,.T.);
#3355=EDGE_CURVE('',#2154,#2447,#635,.T.);
#3356=EDGE_CURVE('',#2161,#2513,#636,.T.);
#3357=EDGE_CURVE('',#2162,#2512,#637,.T.);
#3358=EDGE_CURVE('',#2163,#2511,#638,.T.);
#3359=EDGE_CURVE('',#2164,#2510,#639,.T.);
#3360=EDGE_CURVE('',#2197,#2508,#640,.T.);
#3361=EDGE_CURVE('',#2507,#2190,#641,.T.);
#3362=EDGE_CURVE('',#2196,#2509,#642,.T.);
#3363=EDGE_CURVE('',#2188,#2504,#643,.T.);
#3364=EDGE_CURVE('',#2503,#2180,#644,.T.);
#3365=EDGE_CURVE('',#2187,#2505,#645,.T.);
#3366=EDGE_CURVE('',#2186,#2506,#646,.T.);
#3367=EDGE_CURVE('',#2178,#2481,#647,.T.);
#3368=EDGE_CURVE('',#2480,#2166,#648,.T.);
#3369=EDGE_CURVE('',#2177,#2482,#649,.T.);
#3370=EDGE_CURVE('',#2176,#2483,#650,.T.);
#3371=EDGE_CURVE('',#2175,#2484,#651,.T.);
#3372=EDGE_CURVE('',#2174,#2485,#652,.T.);
#3373=EDGE_CURVE('',#2203,#2488,#653,.T.);
#3374=EDGE_CURVE('',#2204,#2487,#654,.T.);
#3375=EDGE_CURVE('',#2205,#2486,#655,.T.);
#3376=EDGE_CURVE('',#2209,#2502,#656,.T.);
#3377=EDGE_CURVE('',#2210,#2501,#657,.T.);
#3378=EDGE_CURVE('',#2237,#2499,#658,.T.);
#3379=EDGE_CURVE('',#2498,#2231,#659,.T.);
#3380=EDGE_CURVE('',#2236,#2500,#660,.T.);
#3381=EDGE_CURVE('',#2229,#2440,#661,.T.);
#3382=EDGE_CURVE('',#2439,#2212,#662,.T.);
#3383=EDGE_CURVE('',#2228,#2441,#663,.T.);
#3384=EDGE_CURVE('',#2227,#2442,#664,.T.);
#3385=EDGE_CURVE('',#2226,#2443,#665,.T.);
#3386=EDGE_CURVE('',#2225,#2444,#666,.T.);
#3387=EDGE_CURVE('',#2224,#2445,#667,.T.);
#3388=EDGE_CURVE('',#2223,#2446,#668,.T.);
#3389=EDGE_CURVE('',#2244,#2493,#669,.T.);
#3390=EDGE_CURVE('',#2245,#2492,#670,.T.);
#3391=EDGE_CURVE('',#2246,#2491,#671,.T.);
#3392=EDGE_CURVE('',#2247,#2490,#672,.T.);
#3393=EDGE_CURVE('',#2248,#2489,#673,.T.);
#3394=EDGE_CURVE('',#2254,#2497,#674,.T.);
#3395=EDGE_CURVE('',#2255,#2496,#675,.T.);
#3396=EDGE_CURVE('',#2256,#2495,#676,.T.);
#3397=EDGE_CURVE('',#2257,#2494,#677,.T.);
#3398=EDGE_CURVE('',#2269,#2435,#678,.T.);
#3399=EDGE_CURVE('',#2434,#2259,#679,.T.);
#3400=EDGE_CURVE('',#2268,#2436,#680,.T.);
#3401=EDGE_CURVE('',#2267,#2437,#681,.T.);
#3402=EDGE_CURVE('',#2266,#2438,#682,.T.);
#3403=EDGE_CURVE('',#2278,#2433,#683,.T.);
#3404=EDGE_CURVE('',#2279,#2432,#684,.T.);
#3405=EDGE_CURVE('',#2280,#2431,#685,.T.);
#3406=EDGE_CURVE('',#2281,#2430,#686,.T.);
#3407=EDGE_CURVE('',#2282,#2429,#687,.T.);
#3408=EDGE_CURVE('',#2283,#2428,#688,.T.);
#3409=EDGE_CURVE('',#2284,#2427,#689,.T.);
#3410=EDGE_CURVE('',#2290,#2426,#690,.T.);
#3411=EDGE_CURVE('',#2425,#2286,#691,.T.);
#3412=EDGE_CURVE('',#2296,#2424,#692,.T.);
#3413=EDGE_CURVE('',#2297,#2423,#693,.T.);
#3414=EDGE_CURVE('',#2298,#2422,#694,.T.);
#3415=EDGE_CURVE('',#2299,#2421,#695,.T.);
#3416=ORIENTED_EDGE('',*,*,#2630,.F.);
#3417=ORIENTED_EDGE('',*,*,#2631,.F.);
#3418=ORIENTED_EDGE('',*,*,#2632,.F.);
#3419=ORIENTED_EDGE('',*,*,#2633,.F.);
#3420=ORIENTED_EDGE('',*,*,#2634,.F.);
#3421=ORIENTED_EDGE('',*,*,#2635,.F.);
#3422=ORIENTED_EDGE('',*,*,#2636,.F.);
#3423=ORIENTED_EDGE('',*,*,#2637,.F.);
#3424=ORIENTED_EDGE('',*,*,#2638,.F.);
#3425=ORIENTED_EDGE('',*,*,#2639,.F.);
#3426=ORIENTED_EDGE('',*,*,#2640,.F.);
#3427=ORIENTED_EDGE('',*,*,#2641,.F.);
#3428=ORIENTED_EDGE('',*,*,#2642,.F.);
#3429=ORIENTED_EDGE('',*,*,#2643,.F.);
#3430=ORIENTED_EDGE('',*,*,#2644,.F.);
#3431=ORIENTED_EDGE('',*,*,#2645,.F.);
#3432=ORIENTED_EDGE('',*,*,#2646,.F.);
#3433=ORIENTED_EDGE('',*,*,#2647,.F.);
#3434=ORIENTED_EDGE('',*,*,#2648,.F.);
#3435=ORIENTED_EDGE('',*,*,#2649,.F.);
#3436=ORIENTED_EDGE('',*,*,#2650,.F.);
#3437=ORIENTED_EDGE('',*,*,#2651,.F.);
#3438=ORIENTED_EDGE('',*,*,#2652,.F.);
#3439=ORIENTED_EDGE('',*,*,#2653,.F.);
#3440=ORIENTED_EDGE('',*,*,#2654,.F.);
#3441=ORIENTED_EDGE('',*,*,#2655,.F.);
#3442=ORIENTED_EDGE('',*,*,#2656,.F.);
#3443=ORIENTED_EDGE('',*,*,#2657,.F.);
#3444=ORIENTED_EDGE('',*,*,#2658,.F.);
#3445=ORIENTED_EDGE('',*,*,#2659,.F.);
#3446=ORIENTED_EDGE('',*,*,#2660,.F.);
#3447=ORIENTED_EDGE('',*,*,#2661,.F.);
#3448=ORIENTED_EDGE('',*,*,#2662,.F.);
#3449=ORIENTED_EDGE('',*,*,#2663,.F.);
#3450=ORIENTED_EDGE('',*,*,#2664,.F.);
#3451=ORIENTED_EDGE('',*,*,#2665,.F.);
#3452=ORIENTED_EDGE('',*,*,#2666,.F.);
#3453=ORIENTED_EDGE('',*,*,#2667,.F.);
#3454=ORIENTED_EDGE('',*,*,#2668,.F.);
#3455=ORIENTED_EDGE('',*,*,#2669,.F.);
#3456=ORIENTED_EDGE('',*,*,#2670,.F.);
#3457=ORIENTED_EDGE('',*,*,#2671,.F.);
#3458=ORIENTED_EDGE('',*,*,#2672,.F.);
#3459=ORIENTED_EDGE('',*,*,#2673,.F.);
#3460=ORIENTED_EDGE('',*,*,#2674,.F.);
#3461=ORIENTED_EDGE('',*,*,#2675,.F.);
#3462=ORIENTED_EDGE('',*,*,#2676,.F.);
#3463=ORIENTED_EDGE('',*,*,#2677,.F.);
#3464=ORIENTED_EDGE('',*,*,#2678,.F.);
#3465=ORIENTED_EDGE('',*,*,#2679,.F.);
#3466=ORIENTED_EDGE('',*,*,#2680,.F.);
#3467=ORIENTED_EDGE('',*,*,#2681,.F.);
#3468=ORIENTED_EDGE('',*,*,#2682,.F.);
#3469=ORIENTED_EDGE('',*,*,#2683,.F.);
#3470=ORIENTED_EDGE('',*,*,#2684,.F.);
#3471=ORIENTED_EDGE('',*,*,#2685,.F.);
#3472=ORIENTED_EDGE('',*,*,#2686,.F.);
#3473=ORIENTED_EDGE('',*,*,#2687,.F.);
#3474=ORIENTED_EDGE('',*,*,#2688,.F.);
#3475=ORIENTED_EDGE('',*,*,#2689,.F.);
#3476=ORIENTED_EDGE('',*,*,#2690,.F.);
#3477=ORIENTED_EDGE('',*,*,#2691,.F.);
#3478=ORIENTED_EDGE('',*,*,#2692,.F.);
#3479=ORIENTED_EDGE('',*,*,#2693,.F.);
#3480=ORIENTED_EDGE('',*,*,#2694,.F.);
#3481=ORIENTED_EDGE('',*,*,#2695,.F.);
#3482=ORIENTED_EDGE('',*,*,#2696,.F.);
#3483=ORIENTED_EDGE('',*,*,#2697,.F.);
#3484=ORIENTED_EDGE('',*,*,#2698,.F.);
#3485=ORIENTED_EDGE('',*,*,#2699,.F.);
#3486=ORIENTED_EDGE('',*,*,#2700,.F.);
#3487=ORIENTED_EDGE('',*,*,#2701,.F.);
#3488=ORIENTED_EDGE('',*,*,#2702,.F.);
#3489=ORIENTED_EDGE('',*,*,#2703,.F.);
#3490=ORIENTED_EDGE('',*,*,#2704,.F.);
#3491=ORIENTED_EDGE('',*,*,#2705,.F.);
#3492=ORIENTED_EDGE('',*,*,#2706,.F.);
#3493=ORIENTED_EDGE('',*,*,#2707,.F.);
#3494=ORIENTED_EDGE('',*,*,#2708,.F.);
#3495=ORIENTED_EDGE('',*,*,#2709,.F.);
#3496=ORIENTED_EDGE('',*,*,#2710,.F.);
#3497=ORIENTED_EDGE('',*,*,#2711,.F.);
#3498=ORIENTED_EDGE('',*,*,#2712,.F.);
#3499=ORIENTED_EDGE('',*,*,#2713,.F.);
#3500=ORIENTED_EDGE('',*,*,#2714,.F.);
#3501=ORIENTED_EDGE('',*,*,#2715,.F.);
#3502=ORIENTED_EDGE('',*,*,#2716,.F.);
#3503=ORIENTED_EDGE('',*,*,#2717,.F.);
#3504=ORIENTED_EDGE('',*,*,#2718,.F.);
#3505=ORIENTED_EDGE('',*,*,#2719,.F.);
#3506=ORIENTED_EDGE('',*,*,#2720,.F.);
#3507=ORIENTED_EDGE('',*,*,#2721,.F.);
#3508=ORIENTED_EDGE('',*,*,#2722,.F.);
#3509=ORIENTED_EDGE('',*,*,#2723,.F.);
#3510=ORIENTED_EDGE('',*,*,#2724,.F.);
#3511=ORIENTED_EDGE('',*,*,#2725,.F.);
#3512=ORIENTED_EDGE('',*,*,#2726,.F.);
#3513=ORIENTED_EDGE('',*,*,#2727,.F.);
#3514=ORIENTED_EDGE('',*,*,#2728,.F.);
#3515=ORIENTED_EDGE('',*,*,#2729,.F.);
#3516=ORIENTED_EDGE('',*,*,#2730,.F.);
#3517=ORIENTED_EDGE('',*,*,#2731,.F.);
#3518=ORIENTED_EDGE('',*,*,#2732,.F.);
#3519=ORIENTED_EDGE('',*,*,#2733,.F.);
#3520=ORIENTED_EDGE('',*,*,#2734,.F.);
#3521=ORIENTED_EDGE('',*,*,#2735,.F.);
#3522=ORIENTED_EDGE('',*,*,#2736,.F.);
#3523=ORIENTED_EDGE('',*,*,#2737,.F.);
#3524=ORIENTED_EDGE('',*,*,#2738,.F.);
#3525=ORIENTED_EDGE('',*,*,#2739,.F.);
#3526=ORIENTED_EDGE('',*,*,#2740,.F.);
#3527=ORIENTED_EDGE('',*,*,#2741,.F.);
#3528=ORIENTED_EDGE('',*,*,#2742,.F.);
#3529=ORIENTED_EDGE('',*,*,#2743,.F.);
#3530=ORIENTED_EDGE('',*,*,#2744,.F.);
#3531=ORIENTED_EDGE('',*,*,#2745,.F.);
#3532=ORIENTED_EDGE('',*,*,#2746,.F.);
#3533=ORIENTED_EDGE('',*,*,#2747,.F.);
#3534=ORIENTED_EDGE('',*,*,#2748,.F.);
#3535=ORIENTED_EDGE('',*,*,#2749,.F.);
#3536=ORIENTED_EDGE('',*,*,#2750,.F.);
#3537=ORIENTED_EDGE('',*,*,#2751,.F.);
#3538=ORIENTED_EDGE('',*,*,#2752,.F.);
#3539=ORIENTED_EDGE('',*,*,#2753,.F.);
#3540=ORIENTED_EDGE('',*,*,#2754,.F.);
#3541=ORIENTED_EDGE('',*,*,#2755,.F.);
#3542=ORIENTED_EDGE('',*,*,#2756,.F.);
#3543=ORIENTED_EDGE('',*,*,#2757,.F.);
#3544=ORIENTED_EDGE('',*,*,#2758,.F.);
#3545=ORIENTED_EDGE('',*,*,#2759,.F.);
#3546=ORIENTED_EDGE('',*,*,#2760,.F.);
#3547=ORIENTED_EDGE('',*,*,#2761,.F.);
#3548=ORIENTED_EDGE('',*,*,#2762,.F.);
#3549=ORIENTED_EDGE('',*,*,#2763,.F.);
#3550=ORIENTED_EDGE('',*,*,#2764,.F.);
#3551=ORIENTED_EDGE('',*,*,#2765,.F.);
#3552=ORIENTED_EDGE('',*,*,#2766,.F.);
#3553=ORIENTED_EDGE('',*,*,#2767,.F.);
#3554=ORIENTED_EDGE('',*,*,#2768,.F.);
#3555=ORIENTED_EDGE('',*,*,#2769,.F.);
#3556=ORIENTED_EDGE('',*,*,#2770,.F.);
#3557=ORIENTED_EDGE('',*,*,#2771,.F.);
#3558=ORIENTED_EDGE('',*,*,#2772,.F.);
#3559=ORIENTED_EDGE('',*,*,#2773,.F.);
#3560=ORIENTED_EDGE('',*,*,#2774,.F.);
#3561=ORIENTED_EDGE('',*,*,#2775,.F.);
#3562=ORIENTED_EDGE('',*,*,#2776,.F.);
#3563=ORIENTED_EDGE('',*,*,#2777,.F.);
#3564=ORIENTED_EDGE('',*,*,#2778,.F.);
#3565=ORIENTED_EDGE('',*,*,#2779,.F.);
#3566=ORIENTED_EDGE('',*,*,#2780,.F.);
#3567=ORIENTED_EDGE('',*,*,#2781,.F.);
#3568=ORIENTED_EDGE('',*,*,#2782,.F.);
#3569=ORIENTED_EDGE('',*,*,#2783,.F.);
#3570=ORIENTED_EDGE('',*,*,#2784,.F.);
#3571=ORIENTED_EDGE('',*,*,#2785,.F.);
#3572=ORIENTED_EDGE('',*,*,#2786,.F.);
#3573=ORIENTED_EDGE('',*,*,#2787,.F.);
#3574=ORIENTED_EDGE('',*,*,#2788,.F.);
#3575=ORIENTED_EDGE('',*,*,#2789,.F.);
#3576=ORIENTED_EDGE('',*,*,#2790,.F.);
#3577=ORIENTED_EDGE('',*,*,#2791,.F.);
#3578=ORIENTED_EDGE('',*,*,#2792,.F.);
#3579=ORIENTED_EDGE('',*,*,#2793,.F.);
#3580=ORIENTED_EDGE('',*,*,#2794,.F.);
#3581=ORIENTED_EDGE('',*,*,#2795,.F.);
#3582=ORIENTED_EDGE('',*,*,#2796,.F.);
#3583=ORIENTED_EDGE('',*,*,#2797,.F.);
#3584=ORIENTED_EDGE('',*,*,#2798,.F.);
#3585=ORIENTED_EDGE('',*,*,#2799,.F.);
#3586=ORIENTED_EDGE('',*,*,#2800,.F.);
#3587=ORIENTED_EDGE('',*,*,#2801,.F.);
#3588=ORIENTED_EDGE('',*,*,#2802,.F.);
#3589=ORIENTED_EDGE('',*,*,#2803,.F.);
#3590=ORIENTED_EDGE('',*,*,#2804,.F.);
#3591=ORIENTED_EDGE('',*,*,#2805,.F.);
#3592=ORIENTED_EDGE('',*,*,#2806,.F.);
#3593=ORIENTED_EDGE('',*,*,#2807,.F.);
#3594=ORIENTED_EDGE('',*,*,#2808,.F.);
#3595=ORIENTED_EDGE('',*,*,#2809,.F.);
#3596=ORIENTED_EDGE('',*,*,#2810,.F.);
#3597=ORIENTED_EDGE('',*,*,#2811,.F.);
#3598=ORIENTED_EDGE('',*,*,#2812,.F.);
#3599=ORIENTED_EDGE('',*,*,#2813,.F.);
#3600=ORIENTED_EDGE('',*,*,#2814,.F.);
#3601=ORIENTED_EDGE('',*,*,#2815,.F.);
#3602=ORIENTED_EDGE('',*,*,#2816,.F.);
#3603=ORIENTED_EDGE('',*,*,#2817,.F.);
#3604=ORIENTED_EDGE('',*,*,#2818,.F.);
#3605=ORIENTED_EDGE('',*,*,#2819,.F.);
#3606=ORIENTED_EDGE('',*,*,#2820,.F.);
#3607=ORIENTED_EDGE('',*,*,#2821,.F.);
#3608=ORIENTED_EDGE('',*,*,#2822,.F.);
#3609=ORIENTED_EDGE('',*,*,#2823,.F.);
#3610=ORIENTED_EDGE('',*,*,#2644,.T.);
#3611=ORIENTED_EDGE('',*,*,#2824,.T.);
#3612=ORIENTED_EDGE('',*,*,#2825,.F.);
#3613=ORIENTED_EDGE('',*,*,#2826,.F.);
#3614=ORIENTED_EDGE('',*,*,#2643,.T.);
#3615=ORIENTED_EDGE('',*,*,#2827,.T.);
#3616=ORIENTED_EDGE('',*,*,#2828,.F.);
#3617=ORIENTED_EDGE('',*,*,#2824,.F.);
#3618=ORIENTED_EDGE('',*,*,#2642,.T.);
#3619=ORIENTED_EDGE('',*,*,#2829,.T.);
#3620=ORIENTED_EDGE('',*,*,#2830,.F.);
#3621=ORIENTED_EDGE('',*,*,#2827,.F.);
#3622=ORIENTED_EDGE('',*,*,#2641,.T.);
#3623=ORIENTED_EDGE('',*,*,#2831,.F.);
#3624=ORIENTED_EDGE('',*,*,#2832,.F.);
#3625=ORIENTED_EDGE('',*,*,#2829,.F.);
#3626=ORIENTED_EDGE('',*,*,#2634,.T.);
#3627=ORIENTED_EDGE('',*,*,#2833,.T.);
#3628=ORIENTED_EDGE('',*,*,#2834,.F.);
#3629=ORIENTED_EDGE('',*,*,#2835,.F.);
#3630=ORIENTED_EDGE('',*,*,#2633,.T.);
#3631=ORIENTED_EDGE('',*,*,#2836,.T.);
#3632=ORIENTED_EDGE('',*,*,#2837,.F.);
#3633=ORIENTED_EDGE('',*,*,#2833,.F.);
#3634=ORIENTED_EDGE('',*,*,#2632,.T.);
#3635=ORIENTED_EDGE('',*,*,#2838,.T.);
#3636=ORIENTED_EDGE('',*,*,#2839,.F.);
#3637=ORIENTED_EDGE('',*,*,#2836,.F.);
#3638=ORIENTED_EDGE('',*,*,#2631,.T.);
#3639=ORIENTED_EDGE('',*,*,#2840,.T.);
#3640=ORIENTED_EDGE('',*,*,#2841,.F.);
#3641=ORIENTED_EDGE('',*,*,#2838,.F.);
#3642=ORIENTED_EDGE('',*,*,#2630,.T.);
#3643=ORIENTED_EDGE('',*,*,#2842,.F.);
#3644=ORIENTED_EDGE('',*,*,#2843,.F.);
#3645=ORIENTED_EDGE('',*,*,#2840,.F.);
#3646=ORIENTED_EDGE('',*,*,#2659,.T.);
#3647=ORIENTED_EDGE('',*,*,#2844,.T.);
#3648=ORIENTED_EDGE('',*,*,#2845,.F.);
#3649=ORIENTED_EDGE('',*,*,#2846,.F.);
#3650=ORIENTED_EDGE('',*,*,#2658,.T.);
#3651=ORIENTED_EDGE('',*,*,#2847,.T.);
#3652=ORIENTED_EDGE('',*,*,#2848,.F.);
#3653=ORIENTED_EDGE('',*,*,#2844,.F.);
#3654=ORIENTED_EDGE('',*,*,#2657,.T.);
#3655=ORIENTED_EDGE('',*,*,#2849,.T.);
#3656=ORIENTED_EDGE('',*,*,#2850,.F.);
#3657=ORIENTED_EDGE('',*,*,#2847,.F.);
#3658=ORIENTED_EDGE('',*,*,#2656,.T.);
#3659=ORIENTED_EDGE('',*,*,#2851,.T.);
#3660=ORIENTED_EDGE('',*,*,#2852,.F.);
#3661=ORIENTED_EDGE('',*,*,#2849,.F.);
#3662=ORIENTED_EDGE('',*,*,#2655,.T.);
#3663=ORIENTED_EDGE('',*,*,#2853,.T.);
#3664=ORIENTED_EDGE('',*,*,#2854,.F.);
#3665=ORIENTED_EDGE('',*,*,#2851,.F.);
#3666=ORIENTED_EDGE('',*,*,#2654,.T.);
#3667=ORIENTED_EDGE('',*,*,#2855,.T.);
#3668=ORIENTED_EDGE('',*,*,#2856,.F.);
#3669=ORIENTED_EDGE('',*,*,#2853,.F.);
#3670=ORIENTED_EDGE('',*,*,#2653,.T.);
#3671=ORIENTED_EDGE('',*,*,#2857,.T.);
#3672=ORIENTED_EDGE('',*,*,#2858,.F.);
#3673=ORIENTED_EDGE('',*,*,#2855,.F.);
#3674=ORIENTED_EDGE('',*,*,#2652,.T.);
#3675=ORIENTED_EDGE('',*,*,#2859,.T.);
#3676=ORIENTED_EDGE('',*,*,#2860,.F.);
#3677=ORIENTED_EDGE('',*,*,#2857,.F.);
#3678=ORIENTED_EDGE('',*,*,#2651,.T.);
#3679=ORIENTED_EDGE('',*,*,#2861,.T.);
#3680=ORIENTED_EDGE('',*,*,#2862,.F.);
#3681=ORIENTED_EDGE('',*,*,#2859,.F.);
#3682=ORIENTED_EDGE('',*,*,#2683,.T.);
#3683=ORIENTED_EDGE('',*,*,#2863,.T.);
#3684=ORIENTED_EDGE('',*,*,#2864,.F.);
#3685=ORIENTED_EDGE('',*,*,#2865,.F.);
#3686=ORIENTED_EDGE('',*,*,#2682,.T.);
#3687=ORIENTED_EDGE('',*,*,#2866,.T.);
#3688=ORIENTED_EDGE('',*,*,#2867,.F.);
#3689=ORIENTED_EDGE('',*,*,#2863,.F.);
#3690=ORIENTED_EDGE('',*,*,#2681,.T.);
#3691=ORIENTED_EDGE('',*,*,#2868,.T.);
#3692=ORIENTED_EDGE('',*,*,#2869,.F.);
#3693=ORIENTED_EDGE('',*,*,#2866,.F.);
#3694=ORIENTED_EDGE('',*,*,#2680,.T.);
#3695=ORIENTED_EDGE('',*,*,#2870,.T.);
#3696=ORIENTED_EDGE('',*,*,#2871,.F.);
#3697=ORIENTED_EDGE('',*,*,#2868,.F.);
#3698=ORIENTED_EDGE('',*,*,#2679,.T.);
#3699=ORIENTED_EDGE('',*,*,#2872,.F.);
#3700=ORIENTED_EDGE('',*,*,#2873,.F.);
#3701=ORIENTED_EDGE('',*,*,#2870,.F.);
#3702=ORIENTED_EDGE('',*,*,#2672,.T.);
#3703=ORIENTED_EDGE('',*,*,#2874,.T.);
#3704=ORIENTED_EDGE('',*,*,#2875,.F.);
#3705=ORIENTED_EDGE('',*,*,#2876,.F.);
#3706=ORIENTED_EDGE('',*,*,#2671,.T.);
#3707=ORIENTED_EDGE('',*,*,#2877,.T.);
#3708=ORIENTED_EDGE('',*,*,#2878,.F.);
#3709=ORIENTED_EDGE('',*,*,#2874,.F.);
#3710=ORIENTED_EDGE('',*,*,#2670,.T.);
#3711=ORIENTED_EDGE('',*,*,#2879,.T.);
#3712=ORIENTED_EDGE('',*,*,#2880,.F.);
#3713=ORIENTED_EDGE('',*,*,#2877,.F.);
#3714=ORIENTED_EDGE('',*,*,#2669,.T.);
#3715=ORIENTED_EDGE('',*,*,#2881,.T.);
#3716=ORIENTED_EDGE('',*,*,#2882,.F.);
#3717=ORIENTED_EDGE('',*,*,#2879,.F.);
#3718=ORIENTED_EDGE('',*,*,#2668,.T.);
#3719=ORIENTED_EDGE('',*,*,#2883,.T.);
#3720=ORIENTED_EDGE('',*,*,#2884,.F.);
#3721=ORIENTED_EDGE('',*,*,#2881,.F.);
#3722=ORIENTED_EDGE('',*,*,#2667,.T.);
#3723=ORIENTED_EDGE('',*,*,#2885,.F.);
#3724=ORIENTED_EDGE('',*,*,#2886,.F.);
#3725=ORIENTED_EDGE('',*,*,#2883,.F.);
#3726=ORIENTED_EDGE('',*,*,#2718,.T.);
#3727=ORIENTED_EDGE('',*,*,#2887,.T.);
#3728=ORIENTED_EDGE('',*,*,#2888,.F.);
#3729=ORIENTED_EDGE('',*,*,#2889,.F.);
#3730=ORIENTED_EDGE('',*,*,#2717,.T.);
#3731=ORIENTED_EDGE('',*,*,#2890,.T.);
#3732=ORIENTED_EDGE('',*,*,#2891,.F.);
#3733=ORIENTED_EDGE('',*,*,#2887,.F.);
#3734=ORIENTED_EDGE('',*,*,#2716,.T.);
#3735=ORIENTED_EDGE('',*,*,#2892,.T.);
#3736=ORIENTED_EDGE('',*,*,#2893,.F.);
#3737=ORIENTED_EDGE('',*,*,#2890,.F.);
#3738=ORIENTED_EDGE('',*,*,#2715,.T.);
#3739=ORIENTED_EDGE('',*,*,#2894,.T.);
#3740=ORIENTED_EDGE('',*,*,#2895,.F.);
#3741=ORIENTED_EDGE('',*,*,#2892,.F.);
#3742=ORIENTED_EDGE('',*,*,#2714,.T.);
#3743=ORIENTED_EDGE('',*,*,#2896,.T.);
#3744=ORIENTED_EDGE('',*,*,#2897,.F.);
#3745=ORIENTED_EDGE('',*,*,#2894,.F.);
#3746=ORIENTED_EDGE('',*,*,#2708,.T.);
#3747=ORIENTED_EDGE('',*,*,#2898,.T.);
#3748=ORIENTED_EDGE('',*,*,#2899,.F.);
#3749=ORIENTED_EDGE('',*,*,#2900,.F.);
#3750=ORIENTED_EDGE('',*,*,#2707,.T.);
#3751=ORIENTED_EDGE('',*,*,#2901,.T.);
#3752=ORIENTED_EDGE('',*,*,#2902,.F.);
#3753=ORIENTED_EDGE('',*,*,#2898,.F.);
#3754=ORIENTED_EDGE('',*,*,#2706,.T.);
#3755=ORIENTED_EDGE('',*,*,#2903,.T.);
#3756=ORIENTED_EDGE('',*,*,#2904,.F.);
#3757=ORIENTED_EDGE('',*,*,#2901,.F.);
#3758=ORIENTED_EDGE('',*,*,#2705,.T.);
#3759=ORIENTED_EDGE('',*,*,#2905,.T.);
#3760=ORIENTED_EDGE('',*,*,#2906,.F.);
#3761=ORIENTED_EDGE('',*,*,#2903,.F.);
#3762=ORIENTED_EDGE('',*,*,#2704,.T.);
#3763=ORIENTED_EDGE('',*,*,#2907,.T.);
#3764=ORIENTED_EDGE('',*,*,#2908,.F.);
#3765=ORIENTED_EDGE('',*,*,#2905,.F.);
#3766=ORIENTED_EDGE('',*,*,#2696,.T.);
#3767=ORIENTED_EDGE('',*,*,#2909,.T.);
#3768=ORIENTED_EDGE('',*,*,#2910,.F.);
#3769=ORIENTED_EDGE('',*,*,#2911,.F.);
#3770=ORIENTED_EDGE('',*,*,#2695,.T.);
#3771=ORIENTED_EDGE('',*,*,#2912,.T.);
#3772=ORIENTED_EDGE('',*,*,#2913,.F.);
#3773=ORIENTED_EDGE('',*,*,#2909,.F.);
#3774=ORIENTED_EDGE('',*,*,#2694,.T.);
#3775=ORIENTED_EDGE('',*,*,#2914,.T.);
#3776=ORIENTED_EDGE('',*,*,#2915,.F.);
#3777=ORIENTED_EDGE('',*,*,#2912,.F.);
#3778=ORIENTED_EDGE('',*,*,#2693,.T.);
#3779=ORIENTED_EDGE('',*,*,#2916,.T.);
#3780=ORIENTED_EDGE('',*,*,#2917,.F.);
#3781=ORIENTED_EDGE('',*,*,#2914,.F.);
#3782=ORIENTED_EDGE('',*,*,#2692,.T.);
#3783=ORIENTED_EDGE('',*,*,#2918,.T.);
#3784=ORIENTED_EDGE('',*,*,#2919,.F.);
#3785=ORIENTED_EDGE('',*,*,#2916,.F.);
#3786=ORIENTED_EDGE('',*,*,#2691,.T.);
#3787=ORIENTED_EDGE('',*,*,#2920,.T.);
#3788=ORIENTED_EDGE('',*,*,#2921,.F.);
#3789=ORIENTED_EDGE('',*,*,#2918,.F.);
#3790=ORIENTED_EDGE('',*,*,#2690,.T.);
#3791=ORIENTED_EDGE('',*,*,#2922,.T.);
#3792=ORIENTED_EDGE('',*,*,#2923,.F.);
#3793=ORIENTED_EDGE('',*,*,#2920,.F.);
#3794=ORIENTED_EDGE('',*,*,#2731,.T.);
#3795=ORIENTED_EDGE('',*,*,#2924,.T.);
#3796=ORIENTED_EDGE('',*,*,#2925,.F.);
#3797=ORIENTED_EDGE('',*,*,#2926,.F.);
#3798=ORIENTED_EDGE('',*,*,#2730,.T.);
#3799=ORIENTED_EDGE('',*,*,#2927,.F.);
#3800=ORIENTED_EDGE('',*,*,#2928,.F.);
#3801=ORIENTED_EDGE('',*,*,#2924,.F.);
#3802=ORIENTED_EDGE('',*,*,#2725,.T.);
#3803=ORIENTED_EDGE('',*,*,#2929,.T.);
#3804=ORIENTED_EDGE('',*,*,#2930,.F.);
#3805=ORIENTED_EDGE('',*,*,#2931,.F.);
#3806=ORIENTED_EDGE('',*,*,#2724,.T.);
#3807=ORIENTED_EDGE('',*,*,#2932,.T.);
#3808=ORIENTED_EDGE('',*,*,#2933,.F.);
#3809=ORIENTED_EDGE('',*,*,#2929,.F.);
#3810=ORIENTED_EDGE('',*,*,#2723,.T.);
#3811=ORIENTED_EDGE('',*,*,#2934,.T.);
#3812=ORIENTED_EDGE('',*,*,#2935,.F.);
#3813=ORIENTED_EDGE('',*,*,#2932,.F.);
#3814=ORIENTED_EDGE('',*,*,#2722,.T.);
#3815=ORIENTED_EDGE('',*,*,#2936,.F.);
#3816=ORIENTED_EDGE('',*,*,#2937,.F.);
#3817=ORIENTED_EDGE('',*,*,#2934,.F.);
#3818=ORIENTED_EDGE('',*,*,#2758,.T.);
#3819=ORIENTED_EDGE('',*,*,#2938,.T.);
#3820=ORIENTED_EDGE('',*,*,#2939,.F.);
#3821=ORIENTED_EDGE('',*,*,#2940,.F.);
#3822=ORIENTED_EDGE('',*,*,#2757,.T.);
#3823=ORIENTED_EDGE('',*,*,#2941,.T.);
#3824=ORIENTED_EDGE('',*,*,#2942,.F.);
#3825=ORIENTED_EDGE('',*,*,#2938,.F.);
#3826=ORIENTED_EDGE('',*,*,#2756,.T.);
#3827=ORIENTED_EDGE('',*,*,#2943,.T.);
#3828=ORIENTED_EDGE('',*,*,#2944,.F.);
#3829=ORIENTED_EDGE('',*,*,#2941,.F.);
#3830=ORIENTED_EDGE('',*,*,#2755,.T.);
#3831=ORIENTED_EDGE('',*,*,#2945,.T.);
#3832=ORIENTED_EDGE('',*,*,#2946,.F.);
#3833=ORIENTED_EDGE('',*,*,#2943,.F.);
#3834=ORIENTED_EDGE('',*,*,#2745,.T.);
#3835=ORIENTED_EDGE('',*,*,#2947,.T.);
#3836=ORIENTED_EDGE('',*,*,#2948,.F.);
#3837=ORIENTED_EDGE('',*,*,#2949,.F.);
#3838=ORIENTED_EDGE('',*,*,#2744,.T.);
#3839=ORIENTED_EDGE('',*,*,#2950,.T.);
#3840=ORIENTED_EDGE('',*,*,#2951,.F.);
#3841=ORIENTED_EDGE('',*,*,#2947,.F.);
#3842=ORIENTED_EDGE('',*,*,#2743,.T.);
#3843=ORIENTED_EDGE('',*,*,#2952,.T.);
#3844=ORIENTED_EDGE('',*,*,#2953,.F.);
#3845=ORIENTED_EDGE('',*,*,#2950,.F.);
#3846=ORIENTED_EDGE('',*,*,#2742,.T.);
#3847=ORIENTED_EDGE('',*,*,#2954,.T.);
#3848=ORIENTED_EDGE('',*,*,#2955,.F.);
#3849=ORIENTED_EDGE('',*,*,#2952,.F.);
#3850=ORIENTED_EDGE('',*,*,#2741,.T.);
#3851=ORIENTED_EDGE('',*,*,#2956,.T.);
#3852=ORIENTED_EDGE('',*,*,#2957,.F.);
#3853=ORIENTED_EDGE('',*,*,#2954,.F.);
#3854=ORIENTED_EDGE('',*,*,#2740,.T.);
#3855=ORIENTED_EDGE('',*,*,#2958,.T.);
#3856=ORIENTED_EDGE('',*,*,#2959,.F.);
#3857=ORIENTED_EDGE('',*,*,#2956,.F.);
#3858=ORIENTED_EDGE('',*,*,#2739,.T.);
#3859=ORIENTED_EDGE('',*,*,#2960,.T.);
#3860=ORIENTED_EDGE('',*,*,#2961,.F.);
#3861=ORIENTED_EDGE('',*,*,#2958,.F.);
#3862=ORIENTED_EDGE('',*,*,#2738,.T.);
#3863=ORIENTED_EDGE('',*,*,#2962,.T.);
#3864=ORIENTED_EDGE('',*,*,#2963,.F.);
#3865=ORIENTED_EDGE('',*,*,#2960,.F.);
#3866=ORIENTED_EDGE('',*,*,#2737,.T.);
#3867=ORIENTED_EDGE('',*,*,#2964,.T.);
#3868=ORIENTED_EDGE('',*,*,#2965,.F.);
#3869=ORIENTED_EDGE('',*,*,#2962,.F.);
#3870=ORIENTED_EDGE('',*,*,#2736,.T.);
#3871=ORIENTED_EDGE('',*,*,#2966,.T.);
#3872=ORIENTED_EDGE('',*,*,#2967,.F.);
#3873=ORIENTED_EDGE('',*,*,#2964,.F.);
#3874=ORIENTED_EDGE('',*,*,#2776,.T.);
#3875=ORIENTED_EDGE('',*,*,#2968,.T.);
#3876=ORIENTED_EDGE('',*,*,#2969,.F.);
#3877=ORIENTED_EDGE('',*,*,#2970,.F.);
#3878=ORIENTED_EDGE('',*,*,#2775,.T.);
#3879=ORIENTED_EDGE('',*,*,#2971,.T.);
#3880=ORIENTED_EDGE('',*,*,#2972,.F.);
#3881=ORIENTED_EDGE('',*,*,#2968,.F.);
#3882=ORIENTED_EDGE('',*,*,#2774,.T.);
#3883=ORIENTED_EDGE('',*,*,#2973,.T.);
#3884=ORIENTED_EDGE('',*,*,#2974,.F.);
#3885=ORIENTED_EDGE('',*,*,#2971,.F.);
#3886=ORIENTED_EDGE('',*,*,#2773,.T.);
#3887=ORIENTED_EDGE('',*,*,#2975,.F.);
#3888=ORIENTED_EDGE('',*,*,#2976,.F.);
#3889=ORIENTED_EDGE('',*,*,#2973,.F.);
#3890=ORIENTED_EDGE('',*,*,#2766,.T.);
#3891=ORIENTED_EDGE('',*,*,#2977,.T.);
#3892=ORIENTED_EDGE('',*,*,#2978,.F.);
#3893=ORIENTED_EDGE('',*,*,#2979,.F.);
#3894=ORIENTED_EDGE('',*,*,#2765,.T.);
#3895=ORIENTED_EDGE('',*,*,#2980,.T.);
#3896=ORIENTED_EDGE('',*,*,#2981,.F.);
#3897=ORIENTED_EDGE('',*,*,#2977,.F.);
#3898=ORIENTED_EDGE('',*,*,#2764,.T.);
#3899=ORIENTED_EDGE('',*,*,#2982,.T.);
#3900=ORIENTED_EDGE('',*,*,#2983,.F.);
#3901=ORIENTED_EDGE('',*,*,#2980,.F.);
#3902=ORIENTED_EDGE('',*,*,#2763,.T.);
#3903=ORIENTED_EDGE('',*,*,#2984,.T.);
#3904=ORIENTED_EDGE('',*,*,#2985,.F.);
#3905=ORIENTED_EDGE('',*,*,#2982,.F.);
#3906=ORIENTED_EDGE('',*,*,#2762,.T.);
#3907=ORIENTED_EDGE('',*,*,#2986,.F.);
#3908=ORIENTED_EDGE('',*,*,#2987,.F.);
#3909=ORIENTED_EDGE('',*,*,#2984,.F.);
#3910=ORIENTED_EDGE('',*,*,#2788,.T.);
#3911=ORIENTED_EDGE('',*,*,#2988,.T.);
#3912=ORIENTED_EDGE('',*,*,#2989,.F.);
#3913=ORIENTED_EDGE('',*,*,#2990,.F.);
#3914=ORIENTED_EDGE('',*,*,#2787,.T.);
#3915=ORIENTED_EDGE('',*,*,#2991,.T.);
#3916=ORIENTED_EDGE('',*,*,#2992,.F.);
#3917=ORIENTED_EDGE('',*,*,#2988,.F.);
#3918=ORIENTED_EDGE('',*,*,#2786,.T.);
#3919=ORIENTED_EDGE('',*,*,#2993,.T.);
#3920=ORIENTED_EDGE('',*,*,#2994,.F.);
#3921=ORIENTED_EDGE('',*,*,#2991,.F.);
#3922=ORIENTED_EDGE('',*,*,#2785,.T.);
#3923=ORIENTED_EDGE('',*,*,#2995,.T.);
#3924=ORIENTED_EDGE('',*,*,#2996,.F.);
#3925=ORIENTED_EDGE('',*,*,#2993,.F.);
#3926=ORIENTED_EDGE('',*,*,#2784,.T.);
#3927=ORIENTED_EDGE('',*,*,#2997,.T.);
#3928=ORIENTED_EDGE('',*,*,#2998,.F.);
#3929=ORIENTED_EDGE('',*,*,#2995,.F.);
#3930=ORIENTED_EDGE('',*,*,#2783,.T.);
#3931=ORIENTED_EDGE('',*,*,#2999,.T.);
#3932=ORIENTED_EDGE('',*,*,#3000,.F.);
#3933=ORIENTED_EDGE('',*,*,#2997,.F.);
#3934=ORIENTED_EDGE('',*,*,#2800,.T.);
#3935=ORIENTED_EDGE('',*,*,#3001,.T.);
#3936=ORIENTED_EDGE('',*,*,#3002,.F.);
#3937=ORIENTED_EDGE('',*,*,#3003,.F.);
#3938=ORIENTED_EDGE('',*,*,#2799,.T.);
#3939=ORIENTED_EDGE('',*,*,#3004,.T.);
#3940=ORIENTED_EDGE('',*,*,#3005,.F.);
#3941=ORIENTED_EDGE('',*,*,#3001,.F.);
#3942=ORIENTED_EDGE('',*,*,#2798,.T.);
#3943=ORIENTED_EDGE('',*,*,#3006,.T.);
#3944=ORIENTED_EDGE('',*,*,#3007,.F.);
#3945=ORIENTED_EDGE('',*,*,#3004,.F.);
#3946=ORIENTED_EDGE('',*,*,#2797,.T.);
#3947=ORIENTED_EDGE('',*,*,#3008,.T.);
#3948=ORIENTED_EDGE('',*,*,#3009,.F.);
#3949=ORIENTED_EDGE('',*,*,#3006,.F.);
#3950=ORIENTED_EDGE('',*,*,#2796,.T.);
#3951=ORIENTED_EDGE('',*,*,#3010,.T.);
#3952=ORIENTED_EDGE('',*,*,#3011,.F.);
#3953=ORIENTED_EDGE('',*,*,#3008,.F.);
#3954=ORIENTED_EDGE('',*,*,#2795,.T.);
#3955=ORIENTED_EDGE('',*,*,#3012,.T.);
#3956=ORIENTED_EDGE('',*,*,#3013,.F.);
#3957=ORIENTED_EDGE('',*,*,#3010,.F.);
#3958=ORIENTED_EDGE('',*,*,#2794,.T.);
#3959=ORIENTED_EDGE('',*,*,#3014,.F.);
#3960=ORIENTED_EDGE('',*,*,#3015,.F.);
#3961=ORIENTED_EDGE('',*,*,#3012,.F.);
#3962=ORIENTED_EDGE('',*,*,#2812,.T.);
#3963=ORIENTED_EDGE('',*,*,#3016,.T.);
#3964=ORIENTED_EDGE('',*,*,#3017,.F.);
#3965=ORIENTED_EDGE('',*,*,#3018,.F.);
#3966=ORIENTED_EDGE('',*,*,#2811,.T.);
#3967=ORIENTED_EDGE('',*,*,#3019,.T.);
#3968=ORIENTED_EDGE('',*,*,#3020,.F.);
#3969=ORIENTED_EDGE('',*,*,#3016,.F.);
#3970=ORIENTED_EDGE('',*,*,#2810,.T.);
#3971=ORIENTED_EDGE('',*,*,#3021,.T.);
#3972=ORIENTED_EDGE('',*,*,#3022,.F.);
#3973=ORIENTED_EDGE('',*,*,#3019,.F.);
#3974=ORIENTED_EDGE('',*,*,#2818,.T.);
#3975=ORIENTED_EDGE('',*,*,#3023,.T.);
#3976=ORIENTED_EDGE('',*,*,#3024,.F.);
#3977=ORIENTED_EDGE('',*,*,#3025,.F.);
#3978=ORIENTED_EDGE('',*,*,#2817,.T.);
#3979=ORIENTED_EDGE('',*,*,#3026,.T.);
#3980=ORIENTED_EDGE('',*,*,#3027,.F.);
#3981=ORIENTED_EDGE('',*,*,#3023,.F.);
#3982=ORIENTED_EDGE('',*,*,#2816,.T.);
#3983=ORIENTED_EDGE('',*,*,#3028,.T.);
#3984=ORIENTED_EDGE('',*,*,#3029,.F.);
#3985=ORIENTED_EDGE('',*,*,#3026,.F.);
#3986=ORIENTED_EDGE('',*,*,#2815,.T.);
#3987=ORIENTED_EDGE('',*,*,#3030,.F.);
#3988=ORIENTED_EDGE('',*,*,#3031,.F.);
#3989=ORIENTED_EDGE('',*,*,#3028,.F.);
#3990=ORIENTED_EDGE('',*,*,#3032,.F.);
#3991=ORIENTED_EDGE('',*,*,#3033,.F.);
#3992=ORIENTED_EDGE('',*,*,#3034,.F.);
#3993=ORIENTED_EDGE('',*,*,#3035,.F.);
#3994=ORIENTED_EDGE('',*,*,#3036,.F.);
#3995=ORIENTED_EDGE('',*,*,#3037,.F.);
#3996=ORIENTED_EDGE('',*,*,#3038,.F.);
#3997=ORIENTED_EDGE('',*,*,#3039,.F.);
#3998=ORIENTED_EDGE('',*,*,#3029,.T.);
#3999=ORIENTED_EDGE('',*,*,#3031,.T.);
#4000=ORIENTED_EDGE('',*,*,#3040,.T.);
#4001=ORIENTED_EDGE('',*,*,#3041,.T.);
#4002=ORIENTED_EDGE('',*,*,#3042,.T.);
#4003=ORIENTED_EDGE('',*,*,#3043,.T.);
#4004=ORIENTED_EDGE('',*,*,#3044,.T.);
#4005=ORIENTED_EDGE('',*,*,#3024,.T.);
#4006=ORIENTED_EDGE('',*,*,#3027,.T.);
#4007=ORIENTED_EDGE('',*,*,#3022,.T.);
#4008=ORIENTED_EDGE('',*,*,#3045,.T.);
#4009=ORIENTED_EDGE('',*,*,#3046,.T.);
#4010=ORIENTED_EDGE('',*,*,#3047,.T.);
#4011=ORIENTED_EDGE('',*,*,#3017,.T.);
#4012=ORIENTED_EDGE('',*,*,#3020,.T.);
#4013=ORIENTED_EDGE('',*,*,#3013,.T.);
#4014=ORIENTED_EDGE('',*,*,#3015,.T.);
#4015=ORIENTED_EDGE('',*,*,#3048,.T.);
#4016=ORIENTED_EDGE('',*,*,#3049,.T.);
#4017=ORIENTED_EDGE('',*,*,#3050,.T.);
#4018=ORIENTED_EDGE('',*,*,#3051,.T.);
#4019=ORIENTED_EDGE('',*,*,#3052,.T.);
#4020=ORIENTED_EDGE('',*,*,#3053,.T.);
#4021=ORIENTED_EDGE('',*,*,#3054,.T.);
#4022=ORIENTED_EDGE('',*,*,#3055,.T.);
#4023=ORIENTED_EDGE('',*,*,#3002,.T.);
#4024=ORIENTED_EDGE('',*,*,#3005,.T.);
#4025=ORIENTED_EDGE('',*,*,#3007,.T.);
#4026=ORIENTED_EDGE('',*,*,#3009,.T.);
#4027=ORIENTED_EDGE('',*,*,#3011,.T.);
#4028=ORIENTED_EDGE('',*,*,#3000,.T.);
#4029=ORIENTED_EDGE('',*,*,#3056,.T.);
#4030=ORIENTED_EDGE('',*,*,#3057,.T.);
#4031=ORIENTED_EDGE('',*,*,#3058,.T.);
#4032=ORIENTED_EDGE('',*,*,#3059,.T.);
#4033=ORIENTED_EDGE('',*,*,#3060,.T.);
#4034=ORIENTED_EDGE('',*,*,#3061,.T.);
#4035=ORIENTED_EDGE('',*,*,#2989,.T.);
#4036=ORIENTED_EDGE('',*,*,#2992,.T.);
#4037=ORIENTED_EDGE('',*,*,#2994,.T.);
#4038=ORIENTED_EDGE('',*,*,#2996,.T.);
#4039=ORIENTED_EDGE('',*,*,#2998,.T.);
#4040=ORIENTED_EDGE('',*,*,#2967,.T.);
#4041=ORIENTED_EDGE('',*,*,#3062,.T.);
#4042=ORIENTED_EDGE('',*,*,#3063,.T.);
#4043=ORIENTED_EDGE('',*,*,#3064,.T.);
#4044=ORIENTED_EDGE('',*,*,#3065,.T.);
#4045=ORIENTED_EDGE('',*,*,#3066,.T.);
#4046=ORIENTED_EDGE('',*,*,#3067,.T.);
#4047=ORIENTED_EDGE('',*,*,#3068,.T.);
#4048=ORIENTED_EDGE('',*,*,#3069,.T.);
#4049=ORIENTED_EDGE('',*,*,#3070,.T.);
#4050=ORIENTED_EDGE('',*,*,#2948,.T.);
#4051=ORIENTED_EDGE('',*,*,#2951,.T.);
#4052=ORIENTED_EDGE('',*,*,#2953,.T.);
#4053=ORIENTED_EDGE('',*,*,#2955,.T.);
#4054=ORIENTED_EDGE('',*,*,#2957,.T.);
#4055=ORIENTED_EDGE('',*,*,#2959,.T.);
#4056=ORIENTED_EDGE('',*,*,#2961,.T.);
#4057=ORIENTED_EDGE('',*,*,#2963,.T.);
#4058=ORIENTED_EDGE('',*,*,#2965,.T.);
#4059=ORIENTED_EDGE('',*,*,#2884,.T.);
#4060=ORIENTED_EDGE('',*,*,#2886,.T.);
#4061=ORIENTED_EDGE('',*,*,#3071,.T.);
#4062=ORIENTED_EDGE('',*,*,#3072,.T.);
#4063=ORIENTED_EDGE('',*,*,#3073,.T.);
#4064=ORIENTED_EDGE('',*,*,#3074,.T.);
#4065=ORIENTED_EDGE('',*,*,#3075,.T.);
#4066=ORIENTED_EDGE('',*,*,#3076,.T.);
#4067=ORIENTED_EDGE('',*,*,#2875,.T.);
#4068=ORIENTED_EDGE('',*,*,#2878,.T.);
#4069=ORIENTED_EDGE('',*,*,#2880,.T.);
#4070=ORIENTED_EDGE('',*,*,#2882,.T.);
#4071=ORIENTED_EDGE('',*,*,#2862,.T.);
#4072=ORIENTED_EDGE('',*,*,#3077,.T.);
#4073=ORIENTED_EDGE('',*,*,#3078,.T.);
#4074=ORIENTED_EDGE('',*,*,#3079,.T.);
#4075=ORIENTED_EDGE('',*,*,#3080,.T.);
#4076=ORIENTED_EDGE('',*,*,#3081,.T.);
#4077=ORIENTED_EDGE('',*,*,#3082,.T.);
#4078=ORIENTED_EDGE('',*,*,#3083,.T.);
#4079=ORIENTED_EDGE('',*,*,#3084,.T.);
#4080=ORIENTED_EDGE('',*,*,#2845,.T.);
#4081=ORIENTED_EDGE('',*,*,#2848,.T.);
#4082=ORIENTED_EDGE('',*,*,#2850,.T.);
#4083=ORIENTED_EDGE('',*,*,#2852,.T.);
#4084=ORIENTED_EDGE('',*,*,#2854,.T.);
#4085=ORIENTED_EDGE('',*,*,#2856,.T.);
#4086=ORIENTED_EDGE('',*,*,#2858,.T.);
#4087=ORIENTED_EDGE('',*,*,#2860,.T.);
#4088=ORIENTED_EDGE('',*,*,#3085,.T.);
#4089=ORIENTED_EDGE('',*,*,#3086,.T.);
#4090=ORIENTED_EDGE('',*,*,#3087,.T.);
#4091=ORIENTED_EDGE('',*,*,#3088,.T.);
#4092=ORIENTED_EDGE('',*,*,#3089,.T.);
#4093=ORIENTED_EDGE('',*,*,#3090,.T.);
#4094=ORIENTED_EDGE('',*,*,#3091,.T.);
#4095=ORIENTED_EDGE('',*,*,#3092,.T.);
#4096=ORIENTED_EDGE('',*,*,#3093,.T.);
#4097=ORIENTED_EDGE('',*,*,#3094,.T.);
#4098=ORIENTED_EDGE('',*,*,#3095,.T.);
#4099=ORIENTED_EDGE('',*,*,#3096,.T.);
#4100=ORIENTED_EDGE('',*,*,#3097,.T.);
#4101=ORIENTED_EDGE('',*,*,#3098,.T.);
#4102=ORIENTED_EDGE('',*,*,#3099,.T.);
#4103=ORIENTED_EDGE('',*,*,#3100,.T.);
#4104=ORIENTED_EDGE('',*,*,#2841,.T.);
#4105=ORIENTED_EDGE('',*,*,#2843,.T.);
#4106=ORIENTED_EDGE('',*,*,#3101,.T.);
#4107=ORIENTED_EDGE('',*,*,#3102,.T.);
#4108=ORIENTED_EDGE('',*,*,#3103,.T.);
#4109=ORIENTED_EDGE('',*,*,#3104,.T.);
#4110=ORIENTED_EDGE('',*,*,#3105,.T.);
#4111=ORIENTED_EDGE('',*,*,#3106,.T.);
#4112=ORIENTED_EDGE('',*,*,#2834,.T.);
#4113=ORIENTED_EDGE('',*,*,#2837,.T.);
#4114=ORIENTED_EDGE('',*,*,#2839,.T.);
#4115=ORIENTED_EDGE('',*,*,#2923,.T.);
#4116=ORIENTED_EDGE('',*,*,#3107,.T.);
#4117=ORIENTED_EDGE('',*,*,#3108,.T.);
#4118=ORIENTED_EDGE('',*,*,#3109,.T.);
#4119=ORIENTED_EDGE('',*,*,#3110,.T.);
#4120=ORIENTED_EDGE('',*,*,#3111,.T.);
#4121=ORIENTED_EDGE('',*,*,#3112,.T.);
#4122=ORIENTED_EDGE('',*,*,#3113,.T.);
#4123=ORIENTED_EDGE('',*,*,#2910,.T.);
#4124=ORIENTED_EDGE('',*,*,#2913,.T.);
#4125=ORIENTED_EDGE('',*,*,#2915,.T.);
#4126=ORIENTED_EDGE('',*,*,#2917,.T.);
#4127=ORIENTED_EDGE('',*,*,#2919,.T.);
#4128=ORIENTED_EDGE('',*,*,#2921,.T.);
#4129=ORIENTED_EDGE('',*,*,#2935,.T.);
#4130=ORIENTED_EDGE('',*,*,#2937,.T.);
#4131=ORIENTED_EDGE('',*,*,#3114,.T.);
#4132=ORIENTED_EDGE('',*,*,#3115,.T.);
#4133=ORIENTED_EDGE('',*,*,#3116,.T.);
#4134=ORIENTED_EDGE('',*,*,#3117,.T.);
#4135=ORIENTED_EDGE('',*,*,#2930,.T.);
#4136=ORIENTED_EDGE('',*,*,#2933,.T.);
#4137=ORIENTED_EDGE('',*,*,#2985,.T.);
#4138=ORIENTED_EDGE('',*,*,#2987,.T.);
#4139=ORIENTED_EDGE('',*,*,#3118,.T.);
#4140=ORIENTED_EDGE('',*,*,#3119,.T.);
#4141=ORIENTED_EDGE('',*,*,#3120,.T.);
#4142=ORIENTED_EDGE('',*,*,#3121,.T.);
#4143=ORIENTED_EDGE('',*,*,#3122,.T.);
#4144=ORIENTED_EDGE('',*,*,#3123,.T.);
#4145=ORIENTED_EDGE('',*,*,#2978,.T.);
#4146=ORIENTED_EDGE('',*,*,#2981,.T.);
#4147=ORIENTED_EDGE('',*,*,#2983,.T.);
#4148=ORIENTED_EDGE('',*,*,#2974,.T.);
#4149=ORIENTED_EDGE('',*,*,#2976,.T.);
#4150=ORIENTED_EDGE('',*,*,#3124,.T.);
#4151=ORIENTED_EDGE('',*,*,#3125,.T.);
#4152=ORIENTED_EDGE('',*,*,#3126,.T.);
#4153=ORIENTED_EDGE('',*,*,#3127,.T.);
#4154=ORIENTED_EDGE('',*,*,#3128,.T.);
#4155=ORIENTED_EDGE('',*,*,#2969,.T.);
#4156=ORIENTED_EDGE('',*,*,#2972,.T.);
#4157=ORIENTED_EDGE('',*,*,#2946,.T.);
#4158=ORIENTED_EDGE('',*,*,#3129,.T.);
#4159=ORIENTED_EDGE('',*,*,#3130,.T.);
#4160=ORIENTED_EDGE('',*,*,#3131,.T.);
#4161=ORIENTED_EDGE('',*,*,#3132,.T.);
#4162=ORIENTED_EDGE('',*,*,#2939,.T.);
#4163=ORIENTED_EDGE('',*,*,#2942,.T.);
#4164=ORIENTED_EDGE('',*,*,#2944,.T.);
#4165=ORIENTED_EDGE('',*,*,#2925,.T.);
#4166=ORIENTED_EDGE('',*,*,#2928,.T.);
#4167=ORIENTED_EDGE('',*,*,#3133,.T.);
#4168=ORIENTED_EDGE('',*,*,#3134,.T.);
#4169=ORIENTED_EDGE('',*,*,#3135,.T.);
#4170=ORIENTED_EDGE('',*,*,#2908,.T.);
#4171=ORIENTED_EDGE('',*,*,#3136,.T.);
#4172=ORIENTED_EDGE('',*,*,#3137,.T.);
#4173=ORIENTED_EDGE('',*,*,#3138,.T.);
#4174=ORIENTED_EDGE('',*,*,#3139,.T.);
#4175=ORIENTED_EDGE('',*,*,#3140,.T.);
#4176=ORIENTED_EDGE('',*,*,#2899,.T.);
#4177=ORIENTED_EDGE('',*,*,#2902,.T.);
#4178=ORIENTED_EDGE('',*,*,#2904,.T.);
#4179=ORIENTED_EDGE('',*,*,#2906,.T.);
#4180=ORIENTED_EDGE('',*,*,#2897,.T.);
#4181=ORIENTED_EDGE('',*,*,#3141,.T.);
#4182=ORIENTED_EDGE('',*,*,#3142,.T.);
#4183=ORIENTED_EDGE('',*,*,#3143,.T.);
#4184=ORIENTED_EDGE('',*,*,#3144,.T.);
#4185=ORIENTED_EDGE('',*,*,#2888,.T.);
#4186=ORIENTED_EDGE('',*,*,#2891,.T.);
#4187=ORIENTED_EDGE('',*,*,#2893,.T.);
#4188=ORIENTED_EDGE('',*,*,#2895,.T.);
#4189=ORIENTED_EDGE('',*,*,#2871,.T.);
#4190=ORIENTED_EDGE('',*,*,#2873,.T.);
#4191=ORIENTED_EDGE('',*,*,#3145,.T.);
#4192=ORIENTED_EDGE('',*,*,#3146,.T.);
#4193=ORIENTED_EDGE('',*,*,#3147,.T.);
#4194=ORIENTED_EDGE('',*,*,#3148,.T.);
#4195=ORIENTED_EDGE('',*,*,#3149,.T.);
#4196=ORIENTED_EDGE('',*,*,#2864,.T.);
#4197=ORIENTED_EDGE('',*,*,#2867,.T.);
#4198=ORIENTED_EDGE('',*,*,#2869,.T.);
#4199=ORIENTED_EDGE('',*,*,#3150,.T.);
#4200=ORIENTED_EDGE('',*,*,#3151,.T.);
#4201=ORIENTED_EDGE('',*,*,#3152,.T.);
#4202=ORIENTED_EDGE('',*,*,#3153,.F.);
#4203=ORIENTED_EDGE('',*,*,#3154,.T.);
#4204=ORIENTED_EDGE('',*,*,#3153,.T.);
#4205=ORIENTED_EDGE('',*,*,#3155,.T.);
#4206=ORIENTED_EDGE('',*,*,#3156,.F.);
#4207=ORIENTED_EDGE('',*,*,#3157,.T.);
#4208=ORIENTED_EDGE('',*,*,#3158,.T.);
#4209=ORIENTED_EDGE('',*,*,#3159,.T.);
#4210=ORIENTED_EDGE('',*,*,#3160,.F.);
#4211=ORIENTED_EDGE('',*,*,#3161,.T.);
#4212=ORIENTED_EDGE('',*,*,#3160,.T.);
#4213=ORIENTED_EDGE('',*,*,#3162,.T.);
#4214=ORIENTED_EDGE('',*,*,#3163,.F.);
#4215=ORIENTED_EDGE('',*,*,#3164,.T.);
#4216=ORIENTED_EDGE('',*,*,#3163,.T.);
#4217=ORIENTED_EDGE('',*,*,#3165,.T.);
#4218=ORIENTED_EDGE('',*,*,#3166,.F.);
#4219=ORIENTED_EDGE('',*,*,#3167,.T.);
#4220=ORIENTED_EDGE('',*,*,#3166,.T.);
#4221=ORIENTED_EDGE('',*,*,#3168,.T.);
#4222=ORIENTED_EDGE('',*,*,#3169,.F.);
#4223=ORIENTED_EDGE('',*,*,#3170,.T.);
#4224=ORIENTED_EDGE('',*,*,#3169,.T.);
#4225=ORIENTED_EDGE('',*,*,#3171,.T.);
#4226=ORIENTED_EDGE('',*,*,#3172,.F.);
#4227=ORIENTED_EDGE('',*,*,#3173,.T.);
#4228=ORIENTED_EDGE('',*,*,#3172,.T.);
#4229=ORIENTED_EDGE('',*,*,#3174,.T.);
#4230=ORIENTED_EDGE('',*,*,#3175,.F.);
#4231=ORIENTED_EDGE('',*,*,#3176,.T.);
#4232=ORIENTED_EDGE('',*,*,#3177,.T.);
#4233=ORIENTED_EDGE('',*,*,#3178,.T.);
#4234=ORIENTED_EDGE('',*,*,#3179,.F.);
#4235=ORIENTED_EDGE('',*,*,#3180,.T.);
#4236=ORIENTED_EDGE('',*,*,#3179,.T.);
#4237=ORIENTED_EDGE('',*,*,#3181,.T.);
#4238=ORIENTED_EDGE('',*,*,#3182,.F.);
#4239=ORIENTED_EDGE('',*,*,#3183,.T.);
#4240=ORIENTED_EDGE('',*,*,#3182,.T.);
#4241=ORIENTED_EDGE('',*,*,#3184,.T.);
#4242=ORIENTED_EDGE('',*,*,#3185,.F.);
#4243=ORIENTED_EDGE('',*,*,#3186,.T.);
#4244=ORIENTED_EDGE('',*,*,#3185,.T.);
#4245=ORIENTED_EDGE('',*,*,#3187,.T.);
#4246=ORIENTED_EDGE('',*,*,#3188,.F.);
#4247=ORIENTED_EDGE('',*,*,#3189,.T.);
#4248=ORIENTED_EDGE('',*,*,#3188,.T.);
#4249=ORIENTED_EDGE('',*,*,#3190,.T.);
#4250=ORIENTED_EDGE('',*,*,#3191,.F.);
#4251=ORIENTED_EDGE('',*,*,#3192,.T.);
#4252=ORIENTED_EDGE('',*,*,#3191,.T.);
#4253=ORIENTED_EDGE('',*,*,#3193,.T.);
#4254=ORIENTED_EDGE('',*,*,#3194,.F.);
#4255=ORIENTED_EDGE('',*,*,#3195,.T.);
#4256=ORIENTED_EDGE('',*,*,#3196,.T.);
#4257=ORIENTED_EDGE('',*,*,#3197,.T.);
#4258=ORIENTED_EDGE('',*,*,#3198,.F.);
#4259=ORIENTED_EDGE('',*,*,#3199,.T.);
#4260=ORIENTED_EDGE('',*,*,#3198,.T.);
#4261=ORIENTED_EDGE('',*,*,#3200,.T.);
#4262=ORIENTED_EDGE('',*,*,#3201,.F.);
#4263=ORIENTED_EDGE('',*,*,#3202,.T.);
#4264=ORIENTED_EDGE('',*,*,#3203,.T.);
#4265=ORIENTED_EDGE('',*,*,#3204,.T.);
#4266=ORIENTED_EDGE('',*,*,#3151,.F.);
#4267=ORIENTED_EDGE('',*,*,#3205,.T.);
#4268=ORIENTED_EDGE('',*,*,#3156,.T.);
#4269=ORIENTED_EDGE('',*,*,#3206,.T.);
#4270=ORIENTED_EDGE('',*,*,#3203,.F.);
#4271=ORIENTED_EDGE('',*,*,#3207,.T.);
#4272=ORIENTED_EDGE('',*,*,#3208,.T.);
#4273=ORIENTED_EDGE('',*,*,#3209,.T.);
#4274=ORIENTED_EDGE('',*,*,#3158,.F.);
#4275=ORIENTED_EDGE('',*,*,#3210,.T.);
#4276=ORIENTED_EDGE('',*,*,#3211,.T.);
#4277=ORIENTED_EDGE('',*,*,#3212,.T.);
#4278=ORIENTED_EDGE('',*,*,#3208,.F.);
#4279=ORIENTED_EDGE('',*,*,#3213,.T.);
#4280=ORIENTED_EDGE('',*,*,#3214,.T.);
#4281=ORIENTED_EDGE('',*,*,#3215,.T.);
#4282=ORIENTED_EDGE('',*,*,#3211,.F.);
#4283=ORIENTED_EDGE('',*,*,#3216,.T.);
#4284=ORIENTED_EDGE('',*,*,#3217,.T.);
#4285=ORIENTED_EDGE('',*,*,#3218,.T.);
#4286=ORIENTED_EDGE('',*,*,#3214,.F.);
#4287=ORIENTED_EDGE('',*,*,#3219,.T.);
#4288=ORIENTED_EDGE('',*,*,#3220,.T.);
#4289=ORIENTED_EDGE('',*,*,#3221,.T.);
#4290=ORIENTED_EDGE('',*,*,#3217,.F.);
#4291=ORIENTED_EDGE('',*,*,#3222,.T.);
#4292=ORIENTED_EDGE('',*,*,#3175,.T.);
#4293=ORIENTED_EDGE('',*,*,#3223,.T.);
#4294=ORIENTED_EDGE('',*,*,#3220,.F.);
#4295=ORIENTED_EDGE('',*,*,#3224,.T.);
#4296=ORIENTED_EDGE('',*,*,#3225,.T.);
#4297=ORIENTED_EDGE('',*,*,#3226,.T.);
#4298=ORIENTED_EDGE('',*,*,#3177,.F.);
#4299=ORIENTED_EDGE('',*,*,#3227,.T.);
#4300=ORIENTED_EDGE('',*,*,#3228,.T.);
#4301=ORIENTED_EDGE('',*,*,#3229,.T.);
#4302=ORIENTED_EDGE('',*,*,#3225,.F.);
#4303=ORIENTED_EDGE('',*,*,#3230,.T.);
#4304=ORIENTED_EDGE('',*,*,#3231,.T.);
#4305=ORIENTED_EDGE('',*,*,#3232,.T.);
#4306=ORIENTED_EDGE('',*,*,#3228,.F.);
#4307=ORIENTED_EDGE('',*,*,#3233,.T.);
#4308=ORIENTED_EDGE('',*,*,#3234,.T.);
#4309=ORIENTED_EDGE('',*,*,#3235,.T.);
#4310=ORIENTED_EDGE('',*,*,#3231,.F.);
#4311=ORIENTED_EDGE('',*,*,#3236,.T.);
#4312=ORIENTED_EDGE('',*,*,#3237,.T.);
#4313=ORIENTED_EDGE('',*,*,#3238,.T.);
#4314=ORIENTED_EDGE('',*,*,#3234,.F.);
#4315=ORIENTED_EDGE('',*,*,#3239,.T.);
#4316=ORIENTED_EDGE('',*,*,#3194,.T.);
#4317=ORIENTED_EDGE('',*,*,#3240,.T.);
#4318=ORIENTED_EDGE('',*,*,#3237,.F.);
#4319=ORIENTED_EDGE('',*,*,#3241,.T.);
#4320=ORIENTED_EDGE('',*,*,#3242,.T.);
#4321=ORIENTED_EDGE('',*,*,#3243,.T.);
#4322=ORIENTED_EDGE('',*,*,#3196,.F.);
#4323=ORIENTED_EDGE('',*,*,#3244,.T.);
#4324=ORIENTED_EDGE('',*,*,#3201,.T.);
#4325=ORIENTED_EDGE('',*,*,#3245,.T.);
#4326=ORIENTED_EDGE('',*,*,#3242,.F.);
#4327=ORIENTED_EDGE('',*,*,#3246,.F.);
#4328=ORIENTED_EDGE('',*,*,#3247,.F.);
#4329=ORIENTED_EDGE('',*,*,#3248,.F.);
#4330=ORIENTED_EDGE('',*,*,#3249,.F.);
#4331=ORIENTED_EDGE('',*,*,#3250,.F.);
#4332=ORIENTED_EDGE('',*,*,#3251,.F.);
#4333=ORIENTED_EDGE('',*,*,#3252,.F.);
#4334=ORIENTED_EDGE('',*,*,#3253,.F.);
#4335=ORIENTED_EDGE('',*,*,#3200,.F.);
#4336=ORIENTED_EDGE('',*,*,#3197,.F.);
#4337=ORIENTED_EDGE('',*,*,#3243,.F.);
#4338=ORIENTED_EDGE('',*,*,#3245,.F.);
#4339=ORIENTED_EDGE('',*,*,#3193,.F.);
#4340=ORIENTED_EDGE('',*,*,#3190,.F.);
#4341=ORIENTED_EDGE('',*,*,#3187,.F.);
#4342=ORIENTED_EDGE('',*,*,#3184,.F.);
#4343=ORIENTED_EDGE('',*,*,#3181,.F.);
#4344=ORIENTED_EDGE('',*,*,#3178,.F.);
#4345=ORIENTED_EDGE('',*,*,#3226,.F.);
#4346=ORIENTED_EDGE('',*,*,#3229,.F.);
#4347=ORIENTED_EDGE('',*,*,#3232,.F.);
#4348=ORIENTED_EDGE('',*,*,#3235,.F.);
#4349=ORIENTED_EDGE('',*,*,#3238,.F.);
#4350=ORIENTED_EDGE('',*,*,#3240,.F.);
#4351=ORIENTED_EDGE('',*,*,#3174,.F.);
#4352=ORIENTED_EDGE('',*,*,#3171,.F.);
#4353=ORIENTED_EDGE('',*,*,#3168,.F.);
#4354=ORIENTED_EDGE('',*,*,#3165,.F.);
#4355=ORIENTED_EDGE('',*,*,#3162,.F.);
#4356=ORIENTED_EDGE('',*,*,#3159,.F.);
#4357=ORIENTED_EDGE('',*,*,#3209,.F.);
#4358=ORIENTED_EDGE('',*,*,#3212,.F.);
#4359=ORIENTED_EDGE('',*,*,#3215,.F.);
#4360=ORIENTED_EDGE('',*,*,#3218,.F.);
#4361=ORIENTED_EDGE('',*,*,#3221,.F.);
#4362=ORIENTED_EDGE('',*,*,#3223,.F.);
#4363=ORIENTED_EDGE('',*,*,#3155,.F.);
#4364=ORIENTED_EDGE('',*,*,#3152,.F.);
#4365=ORIENTED_EDGE('',*,*,#3204,.F.);
#4366=ORIENTED_EDGE('',*,*,#3206,.F.);
#4367=ORIENTED_EDGE('',*,*,#3254,.F.);
#4368=ORIENTED_EDGE('',*,*,#3255,.F.);
#4369=ORIENTED_EDGE('',*,*,#3256,.F.);
#4370=ORIENTED_EDGE('',*,*,#3257,.F.);
#4371=ORIENTED_EDGE('',*,*,#3258,.F.);
#4372=ORIENTED_EDGE('',*,*,#3259,.F.);
#4373=ORIENTED_EDGE('',*,*,#3260,.F.);
#4374=ORIENTED_EDGE('',*,*,#3261,.F.);
#4375=ORIENTED_EDGE('',*,*,#3257,.T.);
#4376=ORIENTED_EDGE('',*,*,#3262,.T.);
#4377=ORIENTED_EDGE('',*,*,#3032,.T.);
#4378=ORIENTED_EDGE('',*,*,#3263,.F.);
#4379=ORIENTED_EDGE('',*,*,#3256,.T.);
#4380=ORIENTED_EDGE('',*,*,#3264,.T.);
#4381=ORIENTED_EDGE('',*,*,#3033,.T.);
#4382=ORIENTED_EDGE('',*,*,#3262,.F.);
#4383=ORIENTED_EDGE('',*,*,#3255,.T.);
#4384=ORIENTED_EDGE('',*,*,#3265,.T.);
#4385=ORIENTED_EDGE('',*,*,#3034,.T.);
#4386=ORIENTED_EDGE('',*,*,#3264,.F.);
#4387=ORIENTED_EDGE('',*,*,#3254,.T.);
#4388=ORIENTED_EDGE('',*,*,#3266,.T.);
#4389=ORIENTED_EDGE('',*,*,#3035,.T.);
#4390=ORIENTED_EDGE('',*,*,#3265,.F.);
#4391=ORIENTED_EDGE('',*,*,#3249,.T.);
#4392=ORIENTED_EDGE('',*,*,#3267,.F.);
#4393=ORIENTED_EDGE('',*,*,#3268,.F.);
#4394=ORIENTED_EDGE('',*,*,#3269,.F.);
#4395=ORIENTED_EDGE('',*,*,#3248,.T.);
#4396=ORIENTED_EDGE('',*,*,#3270,.T.);
#4397=ORIENTED_EDGE('',*,*,#3271,.T.);
#4398=ORIENTED_EDGE('',*,*,#3267,.T.);
#4399=ORIENTED_EDGE('',*,*,#3247,.T.);
#4400=ORIENTED_EDGE('',*,*,#3272,.F.);
#4401=ORIENTED_EDGE('',*,*,#3273,.F.);
#4402=ORIENTED_EDGE('',*,*,#3270,.F.);
#4403=ORIENTED_EDGE('',*,*,#3246,.T.);
#4404=ORIENTED_EDGE('',*,*,#3274,.T.);
#4405=ORIENTED_EDGE('',*,*,#3275,.T.);
#4406=ORIENTED_EDGE('',*,*,#3272,.T.);
#4407=ORIENTED_EDGE('',*,*,#2830,.T.);
#4408=ORIENTED_EDGE('',*,*,#2832,.T.);
#4409=ORIENTED_EDGE('',*,*,#3276,.T.);
#4410=ORIENTED_EDGE('',*,*,#3277,.T.);
#4411=ORIENTED_EDGE('',*,*,#3278,.T.);
#4412=ORIENTED_EDGE('',*,*,#3279,.T.);
#4413=ORIENTED_EDGE('',*,*,#3280,.T.);
#4414=ORIENTED_EDGE('',*,*,#2825,.T.);
#4415=ORIENTED_EDGE('',*,*,#2828,.T.);
#4416=ORIENTED_EDGE('',*,*,#3281,.T.);
#4417=ORIENTED_EDGE('',*,*,#3282,.T.);
#4418=ORIENTED_EDGE('',*,*,#3100,.F.);
#4419=ORIENTED_EDGE('',*,*,#3283,.F.);
#4420=ORIENTED_EDGE('',*,*,#3284,.T.);
#4421=ORIENTED_EDGE('',*,*,#3283,.T.);
#4422=ORIENTED_EDGE('',*,*,#3099,.F.);
#4423=ORIENTED_EDGE('',*,*,#3285,.F.);
#4424=ORIENTED_EDGE('',*,*,#3286,.T.);
#4425=ORIENTED_EDGE('',*,*,#3285,.T.);
#4426=ORIENTED_EDGE('',*,*,#3098,.F.);
#4427=ORIENTED_EDGE('',*,*,#3287,.F.);
#4428=ORIENTED_EDGE('',*,*,#3288,.T.);
#4429=ORIENTED_EDGE('',*,*,#3287,.T.);
#4430=ORIENTED_EDGE('',*,*,#3097,.F.);
#4431=ORIENTED_EDGE('',*,*,#3282,.F.);
#4432=ORIENTED_EDGE('',*,*,#3289,.T.);
#4433=ORIENTED_EDGE('',*,*,#3290,.T.);
#4434=ORIENTED_EDGE('',*,*,#3096,.F.);
#4435=ORIENTED_EDGE('',*,*,#3291,.F.);
#4436=ORIENTED_EDGE('',*,*,#3292,.T.);
#4437=ORIENTED_EDGE('',*,*,#3291,.T.);
#4438=ORIENTED_EDGE('',*,*,#3095,.F.);
#4439=ORIENTED_EDGE('',*,*,#3293,.F.);
#4440=ORIENTED_EDGE('',*,*,#3294,.T.);
#4441=ORIENTED_EDGE('',*,*,#3293,.T.);
#4442=ORIENTED_EDGE('',*,*,#3094,.F.);
#4443=ORIENTED_EDGE('',*,*,#3295,.F.);
#4444=ORIENTED_EDGE('',*,*,#3296,.T.);
#4445=ORIENTED_EDGE('',*,*,#3295,.T.);
#4446=ORIENTED_EDGE('',*,*,#3093,.F.);
#4447=ORIENTED_EDGE('',*,*,#3290,.F.);
#4448=ORIENTED_EDGE('',*,*,#3297,.T.);
#4449=ORIENTED_EDGE('',*,*,#3298,.T.);
#4450=ORIENTED_EDGE('',*,*,#3092,.F.);
#4451=ORIENTED_EDGE('',*,*,#3299,.F.);
#4452=ORIENTED_EDGE('',*,*,#3300,.T.);
#4453=ORIENTED_EDGE('',*,*,#3299,.T.);
#4454=ORIENTED_EDGE('',*,*,#3091,.F.);
#4455=ORIENTED_EDGE('',*,*,#3301,.F.);
#4456=ORIENTED_EDGE('',*,*,#3302,.T.);
#4457=ORIENTED_EDGE('',*,*,#3301,.T.);
#4458=ORIENTED_EDGE('',*,*,#3090,.F.);
#4459=ORIENTED_EDGE('',*,*,#3303,.F.);
#4460=ORIENTED_EDGE('',*,*,#3304,.T.);
#4461=ORIENTED_EDGE('',*,*,#3303,.T.);
#4462=ORIENTED_EDGE('',*,*,#3089,.F.);
#4463=ORIENTED_EDGE('',*,*,#3298,.F.);
#4464=ORIENTED_EDGE('',*,*,#3305,.T.);
#4465=ORIENTED_EDGE('',*,*,#3306,.T.);
#4466=ORIENTED_EDGE('',*,*,#3088,.F.);
#4467=ORIENTED_EDGE('',*,*,#3307,.F.);
#4468=ORIENTED_EDGE('',*,*,#3308,.T.);
#4469=ORIENTED_EDGE('',*,*,#3307,.T.);
#4470=ORIENTED_EDGE('',*,*,#3087,.F.);
#4471=ORIENTED_EDGE('',*,*,#3309,.F.);
#4472=ORIENTED_EDGE('',*,*,#3310,.T.);
#4473=ORIENTED_EDGE('',*,*,#3309,.T.);
#4474=ORIENTED_EDGE('',*,*,#3086,.F.);
#4475=ORIENTED_EDGE('',*,*,#3311,.F.);
#4476=ORIENTED_EDGE('',*,*,#3312,.T.);
#4477=ORIENTED_EDGE('',*,*,#3311,.T.);
#4478=ORIENTED_EDGE('',*,*,#3085,.F.);
#4479=ORIENTED_EDGE('',*,*,#3306,.F.);
#4480=ORIENTED_EDGE('',*,*,#3258,.T.);
#4481=ORIENTED_EDGE('',*,*,#3263,.T.);
#4482=ORIENTED_EDGE('',*,*,#3039,.T.);
#4483=ORIENTED_EDGE('',*,*,#3313,.F.);
#4484=ORIENTED_EDGE('',*,*,#3259,.T.);
#4485=ORIENTED_EDGE('',*,*,#3313,.T.);
#4486=ORIENTED_EDGE('',*,*,#3038,.T.);
#4487=ORIENTED_EDGE('',*,*,#3314,.F.);
#4488=ORIENTED_EDGE('',*,*,#3260,.T.);
#4489=ORIENTED_EDGE('',*,*,#3314,.T.);
#4490=ORIENTED_EDGE('',*,*,#3037,.T.);
#4491=ORIENTED_EDGE('',*,*,#3315,.F.);
#4492=ORIENTED_EDGE('',*,*,#3261,.T.);
#4493=ORIENTED_EDGE('',*,*,#3315,.T.);
#4494=ORIENTED_EDGE('',*,*,#3036,.T.);
#4495=ORIENTED_EDGE('',*,*,#3266,.F.);
#4496=ORIENTED_EDGE('',*,*,#3316,.F.);
#4497=ORIENTED_EDGE('',*,*,#3317,.T.);
#4498=ORIENTED_EDGE('',*,*,#3318,.T.);
#4499=ORIENTED_EDGE('',*,*,#3319,.F.);
#4500=ORIENTED_EDGE('',*,*,#3320,.T.);
#4501=ORIENTED_EDGE('',*,*,#3321,.F.);
#4502=ORIENTED_EDGE('',*,*,#3322,.F.);
#4503=ORIENTED_EDGE('',*,*,#3319,.T.);
#4504=ORIENTED_EDGE('',*,*,#3323,.F.);
#4505=ORIENTED_EDGE('',*,*,#3324,.T.);
#4506=ORIENTED_EDGE('',*,*,#3325,.T.);
#4507=ORIENTED_EDGE('',*,*,#3317,.F.);
#4508=ORIENTED_EDGE('',*,*,#3326,.T.);
#4509=ORIENTED_EDGE('',*,*,#3323,.T.);
#4510=ORIENTED_EDGE('',*,*,#3316,.T.);
#4511=ORIENTED_EDGE('',*,*,#3322,.T.);
#4512=ORIENTED_EDGE('',*,*,#3288,.F.);
#4513=ORIENTED_EDGE('',*,*,#3281,.F.);
#4514=ORIENTED_EDGE('',*,*,#3284,.F.);
#4515=ORIENTED_EDGE('',*,*,#3286,.F.);
#4516=ORIENTED_EDGE('',*,*,#3296,.F.);
#4517=ORIENTED_EDGE('',*,*,#3289,.F.);
#4518=ORIENTED_EDGE('',*,*,#3292,.F.);
#4519=ORIENTED_EDGE('',*,*,#3294,.F.);
#4520=ORIENTED_EDGE('',*,*,#3304,.F.);
#4521=ORIENTED_EDGE('',*,*,#3297,.F.);
#4522=ORIENTED_EDGE('',*,*,#3300,.F.);
#4523=ORIENTED_EDGE('',*,*,#3302,.F.);
#4524=ORIENTED_EDGE('',*,*,#3312,.F.);
#4525=ORIENTED_EDGE('',*,*,#3305,.F.);
#4526=ORIENTED_EDGE('',*,*,#3308,.F.);
#4527=ORIENTED_EDGE('',*,*,#3310,.F.);
#4528=ORIENTED_EDGE('',*,*,#3327,.T.);
#4529=ORIENTED_EDGE('',*,*,#3324,.F.);
#4530=ORIENTED_EDGE('',*,*,#3326,.F.);
#4531=ORIENTED_EDGE('',*,*,#3321,.T.);
#4532=ORIENTED_EDGE('',*,*,#3244,.F.);
#4533=ORIENTED_EDGE('',*,*,#3241,.F.);
#4534=ORIENTED_EDGE('',*,*,#3195,.F.);
#4535=ORIENTED_EDGE('',*,*,#3199,.F.);
#4536=ORIENTED_EDGE('',*,*,#3239,.F.);
#4537=ORIENTED_EDGE('',*,*,#3236,.F.);
#4538=ORIENTED_EDGE('',*,*,#3233,.F.);
#4539=ORIENTED_EDGE('',*,*,#3230,.F.);
#4540=ORIENTED_EDGE('',*,*,#3227,.F.);
#4541=ORIENTED_EDGE('',*,*,#3224,.F.);
#4542=ORIENTED_EDGE('',*,*,#3176,.F.);
#4543=ORIENTED_EDGE('',*,*,#3180,.F.);
#4544=ORIENTED_EDGE('',*,*,#3183,.F.);
#4545=ORIENTED_EDGE('',*,*,#3186,.F.);
#4546=ORIENTED_EDGE('',*,*,#3189,.F.);
#4547=ORIENTED_EDGE('',*,*,#3192,.F.);
#4548=ORIENTED_EDGE('',*,*,#3222,.F.);
#4549=ORIENTED_EDGE('',*,*,#3219,.F.);
#4550=ORIENTED_EDGE('',*,*,#3216,.F.);
#4551=ORIENTED_EDGE('',*,*,#3213,.F.);
#4552=ORIENTED_EDGE('',*,*,#3210,.F.);
#4553=ORIENTED_EDGE('',*,*,#3207,.F.);
#4554=ORIENTED_EDGE('',*,*,#3157,.F.);
#4555=ORIENTED_EDGE('',*,*,#3161,.F.);
#4556=ORIENTED_EDGE('',*,*,#3164,.F.);
#4557=ORIENTED_EDGE('',*,*,#3167,.F.);
#4558=ORIENTED_EDGE('',*,*,#3170,.F.);
#4559=ORIENTED_EDGE('',*,*,#3173,.F.);
#4560=ORIENTED_EDGE('',*,*,#3205,.F.);
#4561=ORIENTED_EDGE('',*,*,#3202,.F.);
#4562=ORIENTED_EDGE('',*,*,#3150,.F.);
#4563=ORIENTED_EDGE('',*,*,#3154,.F.);
#4564=ORIENTED_EDGE('',*,*,#3275,.F.);
#4565=ORIENTED_EDGE('',*,*,#3328,.F.);
#4566=ORIENTED_EDGE('',*,*,#3329,.F.);
#4567=ORIENTED_EDGE('',*,*,#3330,.F.);
#4568=ORIENTED_EDGE('',*,*,#3331,.F.);
#4569=ORIENTED_EDGE('',*,*,#3268,.T.);
#4570=ORIENTED_EDGE('',*,*,#3271,.F.);
#4571=ORIENTED_EDGE('',*,*,#3273,.T.);
#4572=ORIENTED_EDGE('',*,*,#3320,.F.);
#4573=ORIENTED_EDGE('',*,*,#3318,.F.);
#4574=ORIENTED_EDGE('',*,*,#3325,.F.);
#4575=ORIENTED_EDGE('',*,*,#3327,.F.);
#4576=ORIENTED_EDGE('',*,*,#3250,.T.);
#4577=ORIENTED_EDGE('',*,*,#3269,.T.);
#4578=ORIENTED_EDGE('',*,*,#3331,.T.);
#4579=ORIENTED_EDGE('',*,*,#3332,.T.);
#4580=ORIENTED_EDGE('',*,*,#3251,.T.);
#4581=ORIENTED_EDGE('',*,*,#3332,.F.);
#4582=ORIENTED_EDGE('',*,*,#3330,.T.);
#4583=ORIENTED_EDGE('',*,*,#3333,.F.);
#4584=ORIENTED_EDGE('',*,*,#3252,.T.);
#4585=ORIENTED_EDGE('',*,*,#3333,.T.);
#4586=ORIENTED_EDGE('',*,*,#3329,.T.);
#4587=ORIENTED_EDGE('',*,*,#3334,.T.);
#4588=ORIENTED_EDGE('',*,*,#3253,.T.);
#4589=ORIENTED_EDGE('',*,*,#3334,.F.);
#4590=ORIENTED_EDGE('',*,*,#3328,.T.);
#4591=ORIENTED_EDGE('',*,*,#3274,.F.);
#4592=ORIENTED_EDGE('',*,*,#2635,.T.);
#4593=ORIENTED_EDGE('',*,*,#2835,.T.);
#4594=ORIENTED_EDGE('',*,*,#3106,.F.);
#4595=ORIENTED_EDGE('',*,*,#3335,.F.);
#4596=ORIENTED_EDGE('',*,*,#2636,.T.);
#4597=ORIENTED_EDGE('',*,*,#3335,.T.);
#4598=ORIENTED_EDGE('',*,*,#3105,.F.);
#4599=ORIENTED_EDGE('',*,*,#3336,.F.);
#4600=ORIENTED_EDGE('',*,*,#2637,.T.);
#4601=ORIENTED_EDGE('',*,*,#3336,.T.);
#4602=ORIENTED_EDGE('',*,*,#3104,.F.);
#4603=ORIENTED_EDGE('',*,*,#3337,.F.);
#4604=ORIENTED_EDGE('',*,*,#2638,.T.);
#4605=ORIENTED_EDGE('',*,*,#3337,.T.);
#4606=ORIENTED_EDGE('',*,*,#3103,.F.);
#4607=ORIENTED_EDGE('',*,*,#3338,.F.);
#4608=ORIENTED_EDGE('',*,*,#2639,.T.);
#4609=ORIENTED_EDGE('',*,*,#3338,.T.);
#4610=ORIENTED_EDGE('',*,*,#3102,.F.);
#4611=ORIENTED_EDGE('',*,*,#3339,.F.);
#4612=ORIENTED_EDGE('',*,*,#2640,.T.);
#4613=ORIENTED_EDGE('',*,*,#3339,.T.);
#4614=ORIENTED_EDGE('',*,*,#3101,.F.);
#4615=ORIENTED_EDGE('',*,*,#2842,.T.);
#4616=ORIENTED_EDGE('',*,*,#2645,.T.);
#4617=ORIENTED_EDGE('',*,*,#2826,.T.);
#4618=ORIENTED_EDGE('',*,*,#3280,.F.);
#4619=ORIENTED_EDGE('',*,*,#3340,.F.);
#4620=ORIENTED_EDGE('',*,*,#2646,.T.);
#4621=ORIENTED_EDGE('',*,*,#3340,.T.);
#4622=ORIENTED_EDGE('',*,*,#3279,.F.);
#4623=ORIENTED_EDGE('',*,*,#3341,.F.);
#4624=ORIENTED_EDGE('',*,*,#2647,.T.);
#4625=ORIENTED_EDGE('',*,*,#3341,.T.);
#4626=ORIENTED_EDGE('',*,*,#3278,.F.);
#4627=ORIENTED_EDGE('',*,*,#3342,.F.);
#4628=ORIENTED_EDGE('',*,*,#2648,.T.);
#4629=ORIENTED_EDGE('',*,*,#3342,.T.);
#4630=ORIENTED_EDGE('',*,*,#3277,.F.);
#4631=ORIENTED_EDGE('',*,*,#3343,.F.);
#4632=ORIENTED_EDGE('',*,*,#2649,.T.);
#4633=ORIENTED_EDGE('',*,*,#3343,.T.);
#4634=ORIENTED_EDGE('',*,*,#3276,.F.);
#4635=ORIENTED_EDGE('',*,*,#2831,.T.);
#4636=ORIENTED_EDGE('',*,*,#2666,.T.);
#4637=ORIENTED_EDGE('',*,*,#3344,.T.);
#4638=ORIENTED_EDGE('',*,*,#3078,.F.);
#4639=ORIENTED_EDGE('',*,*,#3345,.T.);
#4640=ORIENTED_EDGE('',*,*,#2665,.T.);
#4641=ORIENTED_EDGE('',*,*,#3346,.T.);
#4642=ORIENTED_EDGE('',*,*,#3079,.F.);
#4643=ORIENTED_EDGE('',*,*,#3344,.F.);
#4644=ORIENTED_EDGE('',*,*,#2664,.T.);
#4645=ORIENTED_EDGE('',*,*,#3347,.T.);
#4646=ORIENTED_EDGE('',*,*,#3080,.F.);
#4647=ORIENTED_EDGE('',*,*,#3346,.F.);
#4648=ORIENTED_EDGE('',*,*,#2663,.T.);
#4649=ORIENTED_EDGE('',*,*,#3348,.T.);
#4650=ORIENTED_EDGE('',*,*,#3081,.F.);
#4651=ORIENTED_EDGE('',*,*,#3347,.F.);
#4652=ORIENTED_EDGE('',*,*,#2662,.T.);
#4653=ORIENTED_EDGE('',*,*,#3349,.T.);
#4654=ORIENTED_EDGE('',*,*,#3082,.F.);
#4655=ORIENTED_EDGE('',*,*,#3348,.F.);
#4656=ORIENTED_EDGE('',*,*,#2661,.T.);
#4657=ORIENTED_EDGE('',*,*,#3350,.T.);
#4658=ORIENTED_EDGE('',*,*,#3083,.F.);
#4659=ORIENTED_EDGE('',*,*,#3349,.F.);
#4660=ORIENTED_EDGE('',*,*,#2660,.T.);
#4661=ORIENTED_EDGE('',*,*,#2846,.T.);
#4662=ORIENTED_EDGE('',*,*,#3084,.F.);
#4663=ORIENTED_EDGE('',*,*,#3350,.F.);
#4664=ORIENTED_EDGE('',*,*,#2650,.T.);
#4665=ORIENTED_EDGE('',*,*,#3345,.F.);
#4666=ORIENTED_EDGE('',*,*,#3077,.F.);
#4667=ORIENTED_EDGE('',*,*,#2861,.F.);
#4668=ORIENTED_EDGE('',*,*,#2673,.T.);
#4669=ORIENTED_EDGE('',*,*,#2876,.T.);
#4670=ORIENTED_EDGE('',*,*,#3076,.F.);
#4671=ORIENTED_EDGE('',*,*,#3351,.F.);
#4672=ORIENTED_EDGE('',*,*,#2674,.T.);
#4673=ORIENTED_EDGE('',*,*,#3351,.T.);
#4674=ORIENTED_EDGE('',*,*,#3075,.F.);
#4675=ORIENTED_EDGE('',*,*,#3352,.F.);
#4676=ORIENTED_EDGE('',*,*,#2675,.T.);
#4677=ORIENTED_EDGE('',*,*,#3352,.T.);
#4678=ORIENTED_EDGE('',*,*,#3074,.F.);
#4679=ORIENTED_EDGE('',*,*,#3353,.F.);
#4680=ORIENTED_EDGE('',*,*,#2676,.T.);
#4681=ORIENTED_EDGE('',*,*,#3353,.T.);
#4682=ORIENTED_EDGE('',*,*,#3073,.F.);
#4683=ORIENTED_EDGE('',*,*,#3354,.F.);
#4684=ORIENTED_EDGE('',*,*,#2677,.T.);
#4685=ORIENTED_EDGE('',*,*,#3354,.T.);
#4686=ORIENTED_EDGE('',*,*,#3072,.F.);
#4687=ORIENTED_EDGE('',*,*,#3355,.F.);
#4688=ORIENTED_EDGE('',*,*,#2678,.T.);
#4689=ORIENTED_EDGE('',*,*,#3355,.T.);
#4690=ORIENTED_EDGE('',*,*,#3071,.F.);
#4691=ORIENTED_EDGE('',*,*,#2885,.T.);
#4692=ORIENTED_EDGE('',*,*,#2684,.T.);
#4693=ORIENTED_EDGE('',*,*,#2865,.T.);
#4694=ORIENTED_EDGE('',*,*,#3149,.F.);
#4695=ORIENTED_EDGE('',*,*,#3356,.F.);
#4696=ORIENTED_EDGE('',*,*,#2685,.T.);
#4697=ORIENTED_EDGE('',*,*,#3356,.T.);
#4698=ORIENTED_EDGE('',*,*,#3148,.F.);
#4699=ORIENTED_EDGE('',*,*,#3357,.F.);
#4700=ORIENTED_EDGE('',*,*,#2686,.T.);
#4701=ORIENTED_EDGE('',*,*,#3357,.T.);
#4702=ORIENTED_EDGE('',*,*,#3147,.F.);
#4703=ORIENTED_EDGE('',*,*,#3358,.F.);
#4704=ORIENTED_EDGE('',*,*,#2687,.T.);
#4705=ORIENTED_EDGE('',*,*,#3358,.T.);
#4706=ORIENTED_EDGE('',*,*,#3146,.F.);
#4707=ORIENTED_EDGE('',*,*,#3359,.F.);
#4708=ORIENTED_EDGE('',*,*,#2688,.T.);
#4709=ORIENTED_EDGE('',*,*,#3359,.T.);
#4710=ORIENTED_EDGE('',*,*,#3145,.F.);
#4711=ORIENTED_EDGE('',*,*,#2872,.T.);
#4712=ORIENTED_EDGE('',*,*,#2721,.T.);
#4713=ORIENTED_EDGE('',*,*,#3360,.T.);
#4714=ORIENTED_EDGE('',*,*,#3142,.F.);
#4715=ORIENTED_EDGE('',*,*,#3361,.T.);
#4716=ORIENTED_EDGE('',*,*,#2720,.T.);
#4717=ORIENTED_EDGE('',*,*,#3362,.T.);
#4718=ORIENTED_EDGE('',*,*,#3143,.F.);
#4719=ORIENTED_EDGE('',*,*,#3360,.F.);
#4720=ORIENTED_EDGE('',*,*,#2719,.T.);
#4721=ORIENTED_EDGE('',*,*,#2889,.T.);
#4722=ORIENTED_EDGE('',*,*,#3144,.F.);
#4723=ORIENTED_EDGE('',*,*,#3362,.F.);
#4724=ORIENTED_EDGE('',*,*,#2713,.T.);
#4725=ORIENTED_EDGE('',*,*,#3361,.F.);
#4726=ORIENTED_EDGE('',*,*,#3141,.F.);
#4727=ORIENTED_EDGE('',*,*,#2896,.F.);
#4728=ORIENTED_EDGE('',*,*,#2712,.T.);
#4729=ORIENTED_EDGE('',*,*,#3363,.T.);
#4730=ORIENTED_EDGE('',*,*,#3137,.F.);
#4731=ORIENTED_EDGE('',*,*,#3364,.T.);
#4732=ORIENTED_EDGE('',*,*,#2711,.T.);
#4733=ORIENTED_EDGE('',*,*,#3365,.T.);
#4734=ORIENTED_EDGE('',*,*,#3138,.F.);
#4735=ORIENTED_EDGE('',*,*,#3363,.F.);
#4736=ORIENTED_EDGE('',*,*,#2710,.T.);
#4737=ORIENTED_EDGE('',*,*,#3366,.T.);
#4738=ORIENTED_EDGE('',*,*,#3139,.F.);
#4739=ORIENTED_EDGE('',*,*,#3365,.F.);
#4740=ORIENTED_EDGE('',*,*,#2709,.T.);
#4741=ORIENTED_EDGE('',*,*,#2900,.T.);
#4742=ORIENTED_EDGE('',*,*,#3140,.F.);
#4743=ORIENTED_EDGE('',*,*,#3366,.F.);
#4744=ORIENTED_EDGE('',*,*,#2703,.T.);
#4745=ORIENTED_EDGE('',*,*,#3364,.F.);
#4746=ORIENTED_EDGE('',*,*,#3136,.F.);
#4747=ORIENTED_EDGE('',*,*,#2907,.F.);
#4748=ORIENTED_EDGE('',*,*,#2702,.T.);
#4749=ORIENTED_EDGE('',*,*,#3367,.T.);
#4750=ORIENTED_EDGE('',*,*,#3108,.F.);
#4751=ORIENTED_EDGE('',*,*,#3368,.T.);
#4752=ORIENTED_EDGE('',*,*,#2701,.T.);
#4753=ORIENTED_EDGE('',*,*,#3369,.T.);
#4754=ORIENTED_EDGE('',*,*,#3109,.F.);
#4755=ORIENTED_EDGE('',*,*,#3367,.F.);
#4756=ORIENTED_EDGE('',*,*,#2700,.T.);
#4757=ORIENTED_EDGE('',*,*,#3370,.T.);
#4758=ORIENTED_EDGE('',*,*,#3110,.F.);
#4759=ORIENTED_EDGE('',*,*,#3369,.F.);
#4760=ORIENTED_EDGE('',*,*,#2699,.T.);
#4761=ORIENTED_EDGE('',*,*,#3371,.T.);
#4762=ORIENTED_EDGE('',*,*,#3111,.F.);
#4763=ORIENTED_EDGE('',*,*,#3370,.F.);
#4764=ORIENTED_EDGE('',*,*,#2698,.T.);
#4765=ORIENTED_EDGE('',*,*,#3372,.T.);
#4766=ORIENTED_EDGE('',*,*,#3112,.F.);
#4767=ORIENTED_EDGE('',*,*,#3371,.F.);
#4768=ORIENTED_EDGE('',*,*,#2697,.T.);
#4769=ORIENTED_EDGE('',*,*,#2911,.T.);
#4770=ORIENTED_EDGE('',*,*,#3113,.F.);
#4771=ORIENTED_EDGE('',*,*,#3372,.F.);
#4772=ORIENTED_EDGE('',*,*,#2689,.T.);
#4773=ORIENTED_EDGE('',*,*,#3368,.F.);
#4774=ORIENTED_EDGE('',*,*,#3107,.F.);
#4775=ORIENTED_EDGE('',*,*,#2922,.F.);
#4776=ORIENTED_EDGE('',*,*,#2726,.T.);
#4777=ORIENTED_EDGE('',*,*,#2931,.T.);
#4778=ORIENTED_EDGE('',*,*,#3117,.F.);
#4779=ORIENTED_EDGE('',*,*,#3373,.F.);
#4780=ORIENTED_EDGE('',*,*,#2727,.T.);
#4781=ORIENTED_EDGE('',*,*,#3373,.T.);
#4782=ORIENTED_EDGE('',*,*,#3116,.F.);
#4783=ORIENTED_EDGE('',*,*,#3374,.F.);
#4784=ORIENTED_EDGE('',*,*,#2728,.T.);
#4785=ORIENTED_EDGE('',*,*,#3374,.T.);
#4786=ORIENTED_EDGE('',*,*,#3115,.F.);
#4787=ORIENTED_EDGE('',*,*,#3375,.F.);
#4788=ORIENTED_EDGE('',*,*,#2729,.T.);
#4789=ORIENTED_EDGE('',*,*,#3375,.T.);
#4790=ORIENTED_EDGE('',*,*,#3114,.F.);
#4791=ORIENTED_EDGE('',*,*,#2936,.T.);
#4792=ORIENTED_EDGE('',*,*,#2732,.T.);
#4793=ORIENTED_EDGE('',*,*,#2926,.T.);
#4794=ORIENTED_EDGE('',*,*,#3135,.F.);
#4795=ORIENTED_EDGE('',*,*,#3376,.F.);
#4796=ORIENTED_EDGE('',*,*,#2733,.T.);
#4797=ORIENTED_EDGE('',*,*,#3376,.T.);
#4798=ORIENTED_EDGE('',*,*,#3134,.F.);
#4799=ORIENTED_EDGE('',*,*,#3377,.F.);
#4800=ORIENTED_EDGE('',*,*,#2734,.T.);
#4801=ORIENTED_EDGE('',*,*,#3377,.T.);
#4802=ORIENTED_EDGE('',*,*,#3133,.F.);
#4803=ORIENTED_EDGE('',*,*,#2927,.T.);
#4804=ORIENTED_EDGE('',*,*,#2761,.T.);
#4805=ORIENTED_EDGE('',*,*,#3378,.T.);
#4806=ORIENTED_EDGE('',*,*,#3130,.F.);
#4807=ORIENTED_EDGE('',*,*,#3379,.T.);
#4808=ORIENTED_EDGE('',*,*,#2760,.T.);
#4809=ORIENTED_EDGE('',*,*,#3380,.T.);
#4810=ORIENTED_EDGE('',*,*,#3131,.F.);
#4811=ORIENTED_EDGE('',*,*,#3378,.F.);
#4812=ORIENTED_EDGE('',*,*,#2759,.T.);
#4813=ORIENTED_EDGE('',*,*,#2940,.T.);
#4814=ORIENTED_EDGE('',*,*,#3132,.F.);
#4815=ORIENTED_EDGE('',*,*,#3380,.F.);
#4816=ORIENTED_EDGE('',*,*,#2754,.T.);
#4817=ORIENTED_EDGE('',*,*,#3379,.F.);
#4818=ORIENTED_EDGE('',*,*,#3129,.F.);
#4819=ORIENTED_EDGE('',*,*,#2945,.F.);
#4820=ORIENTED_EDGE('',*,*,#2753,.T.);
#4821=ORIENTED_EDGE('',*,*,#3381,.T.);
#4822=ORIENTED_EDGE('',*,*,#3063,.F.);
#4823=ORIENTED_EDGE('',*,*,#3382,.T.);
#4824=ORIENTED_EDGE('',*,*,#2752,.T.);
#4825=ORIENTED_EDGE('',*,*,#3383,.T.);
#4826=ORIENTED_EDGE('',*,*,#3064,.F.);
#4827=ORIENTED_EDGE('',*,*,#3381,.F.);
#4828=ORIENTED_EDGE('',*,*,#2751,.T.);
#4829=ORIENTED_EDGE('',*,*,#3384,.T.);
#4830=ORIENTED_EDGE('',*,*,#3065,.F.);
#4831=ORIENTED_EDGE('',*,*,#3383,.F.);
#4832=ORIENTED_EDGE('',*,*,#2750,.T.);
#4833=ORIENTED_EDGE('',*,*,#3385,.T.);
#4834=ORIENTED_EDGE('',*,*,#3066,.F.);
#4835=ORIENTED_EDGE('',*,*,#3384,.F.);
#4836=ORIENTED_EDGE('',*,*,#2749,.T.);
#4837=ORIENTED_EDGE('',*,*,#3386,.T.);
#4838=ORIENTED_EDGE('',*,*,#3067,.F.);
#4839=ORIENTED_EDGE('',*,*,#3385,.F.);
#4840=ORIENTED_EDGE('',*,*,#2748,.T.);
#4841=ORIENTED_EDGE('',*,*,#3387,.T.);
#4842=ORIENTED_EDGE('',*,*,#3068,.F.);
#4843=ORIENTED_EDGE('',*,*,#3386,.F.);
#4844=ORIENTED_EDGE('',*,*,#2747,.T.);
#4845=ORIENTED_EDGE('',*,*,#3388,.T.);
#4846=ORIENTED_EDGE('',*,*,#3069,.F.);
#4847=ORIENTED_EDGE('',*,*,#3387,.F.);
#4848=ORIENTED_EDGE('',*,*,#2746,.T.);
#4849=ORIENTED_EDGE('',*,*,#2949,.T.);
#4850=ORIENTED_EDGE('',*,*,#3070,.F.);
#4851=ORIENTED_EDGE('',*,*,#3388,.F.);
#4852=ORIENTED_EDGE('',*,*,#2735,.T.);
#4853=ORIENTED_EDGE('',*,*,#3382,.F.);
#4854=ORIENTED_EDGE('',*,*,#3062,.F.);
#4855=ORIENTED_EDGE('',*,*,#2966,.F.);
#4856=ORIENTED_EDGE('',*,*,#2767,.T.);
#4857=ORIENTED_EDGE('',*,*,#2979,.T.);
#4858=ORIENTED_EDGE('',*,*,#3123,.F.);
#4859=ORIENTED_EDGE('',*,*,#3389,.F.);
#4860=ORIENTED_EDGE('',*,*,#2768,.T.);
#4861=ORIENTED_EDGE('',*,*,#3389,.T.);
#4862=ORIENTED_EDGE('',*,*,#3122,.F.);
#4863=ORIENTED_EDGE('',*,*,#3390,.F.);
#4864=ORIENTED_EDGE('',*,*,#2769,.T.);
#4865=ORIENTED_EDGE('',*,*,#3390,.T.);
#4866=ORIENTED_EDGE('',*,*,#3121,.F.);
#4867=ORIENTED_EDGE('',*,*,#3391,.F.);
#4868=ORIENTED_EDGE('',*,*,#2770,.T.);
#4869=ORIENTED_EDGE('',*,*,#3391,.T.);
#4870=ORIENTED_EDGE('',*,*,#3120,.F.);
#4871=ORIENTED_EDGE('',*,*,#3392,.F.);
#4872=ORIENTED_EDGE('',*,*,#2771,.T.);
#4873=ORIENTED_EDGE('',*,*,#3392,.T.);
#4874=ORIENTED_EDGE('',*,*,#3119,.F.);
#4875=ORIENTED_EDGE('',*,*,#3393,.F.);
#4876=ORIENTED_EDGE('',*,*,#2772,.T.);
#4877=ORIENTED_EDGE('',*,*,#3393,.T.);
#4878=ORIENTED_EDGE('',*,*,#3118,.F.);
#4879=ORIENTED_EDGE('',*,*,#2986,.T.);
#4880=ORIENTED_EDGE('',*,*,#2777,.T.);
#4881=ORIENTED_EDGE('',*,*,#2970,.T.);
#4882=ORIENTED_EDGE('',*,*,#3128,.F.);
#4883=ORIENTED_EDGE('',*,*,#3394,.F.);
#4884=ORIENTED_EDGE('',*,*,#2778,.T.);
#4885=ORIENTED_EDGE('',*,*,#3394,.T.);
#4886=ORIENTED_EDGE('',*,*,#3127,.F.);
#4887=ORIENTED_EDGE('',*,*,#3395,.F.);
#4888=ORIENTED_EDGE('',*,*,#2779,.T.);
#4889=ORIENTED_EDGE('',*,*,#3395,.T.);
#4890=ORIENTED_EDGE('',*,*,#3126,.F.);
#4891=ORIENTED_EDGE('',*,*,#3396,.F.);
#4892=ORIENTED_EDGE('',*,*,#2780,.T.);
#4893=ORIENTED_EDGE('',*,*,#3396,.T.);
#4894=ORIENTED_EDGE('',*,*,#3125,.F.);
#4895=ORIENTED_EDGE('',*,*,#3397,.F.);
#4896=ORIENTED_EDGE('',*,*,#2781,.T.);
#4897=ORIENTED_EDGE('',*,*,#3397,.T.);
#4898=ORIENTED_EDGE('',*,*,#3124,.F.);
#4899=ORIENTED_EDGE('',*,*,#2975,.T.);
#4900=ORIENTED_EDGE('',*,*,#2793,.T.);
#4901=ORIENTED_EDGE('',*,*,#3398,.T.);
#4902=ORIENTED_EDGE('',*,*,#3057,.F.);
#4903=ORIENTED_EDGE('',*,*,#3399,.T.);
#4904=ORIENTED_EDGE('',*,*,#2792,.T.);
#4905=ORIENTED_EDGE('',*,*,#3400,.T.);
#4906=ORIENTED_EDGE('',*,*,#3058,.F.);
#4907=ORIENTED_EDGE('',*,*,#3398,.F.);
#4908=ORIENTED_EDGE('',*,*,#2791,.T.);
#4909=ORIENTED_EDGE('',*,*,#3401,.T.);
#4910=ORIENTED_EDGE('',*,*,#3059,.F.);
#4911=ORIENTED_EDGE('',*,*,#3400,.F.);
#4912=ORIENTED_EDGE('',*,*,#2790,.T.);
#4913=ORIENTED_EDGE('',*,*,#3402,.T.);
#4914=ORIENTED_EDGE('',*,*,#3060,.F.);
#4915=ORIENTED_EDGE('',*,*,#3401,.F.);
#4916=ORIENTED_EDGE('',*,*,#2789,.T.);
#4917=ORIENTED_EDGE('',*,*,#2990,.T.);
#4918=ORIENTED_EDGE('',*,*,#3061,.F.);
#4919=ORIENTED_EDGE('',*,*,#3402,.F.);
#4920=ORIENTED_EDGE('',*,*,#2782,.T.);
#4921=ORIENTED_EDGE('',*,*,#3399,.F.);
#4922=ORIENTED_EDGE('',*,*,#3056,.F.);
#4923=ORIENTED_EDGE('',*,*,#2999,.F.);
#4924=ORIENTED_EDGE('',*,*,#2801,.T.);
#4925=ORIENTED_EDGE('',*,*,#3003,.T.);
#4926=ORIENTED_EDGE('',*,*,#3055,.F.);
#4927=ORIENTED_EDGE('',*,*,#3403,.F.);
#4928=ORIENTED_EDGE('',*,*,#2802,.T.);
#4929=ORIENTED_EDGE('',*,*,#3403,.T.);
#4930=ORIENTED_EDGE('',*,*,#3054,.F.);
#4931=ORIENTED_EDGE('',*,*,#3404,.F.);
#4932=ORIENTED_EDGE('',*,*,#2803,.T.);
#4933=ORIENTED_EDGE('',*,*,#3404,.T.);
#4934=ORIENTED_EDGE('',*,*,#3053,.F.);
#4935=ORIENTED_EDGE('',*,*,#3405,.F.);
#4936=ORIENTED_EDGE('',*,*,#2804,.T.);
#4937=ORIENTED_EDGE('',*,*,#3405,.T.);
#4938=ORIENTED_EDGE('',*,*,#3052,.F.);
#4939=ORIENTED_EDGE('',*,*,#3406,.F.);
#4940=ORIENTED_EDGE('',*,*,#2805,.T.);
#4941=ORIENTED_EDGE('',*,*,#3406,.T.);
#4942=ORIENTED_EDGE('',*,*,#3051,.F.);
#4943=ORIENTED_EDGE('',*,*,#3407,.F.);
#4944=ORIENTED_EDGE('',*,*,#2806,.T.);
#4945=ORIENTED_EDGE('',*,*,#3407,.T.);
#4946=ORIENTED_EDGE('',*,*,#3050,.F.);
#4947=ORIENTED_EDGE('',*,*,#3408,.F.);
#4948=ORIENTED_EDGE('',*,*,#2807,.T.);
#4949=ORIENTED_EDGE('',*,*,#3408,.T.);
#4950=ORIENTED_EDGE('',*,*,#3049,.F.);
#4951=ORIENTED_EDGE('',*,*,#3409,.F.);
#4952=ORIENTED_EDGE('',*,*,#2808,.T.);
#4953=ORIENTED_EDGE('',*,*,#3409,.T.);
#4954=ORIENTED_EDGE('',*,*,#3048,.F.);
#4955=ORIENTED_EDGE('',*,*,#3014,.T.);
#4956=ORIENTED_EDGE('',*,*,#2814,.T.);
#4957=ORIENTED_EDGE('',*,*,#3410,.T.);
#4958=ORIENTED_EDGE('',*,*,#3046,.F.);
#4959=ORIENTED_EDGE('',*,*,#3411,.T.);
#4960=ORIENTED_EDGE('',*,*,#2813,.T.);
#4961=ORIENTED_EDGE('',*,*,#3018,.T.);
#4962=ORIENTED_EDGE('',*,*,#3047,.F.);
#4963=ORIENTED_EDGE('',*,*,#3410,.F.);
#4964=ORIENTED_EDGE('',*,*,#2809,.T.);
#4965=ORIENTED_EDGE('',*,*,#3411,.F.);
#4966=ORIENTED_EDGE('',*,*,#3045,.F.);
#4967=ORIENTED_EDGE('',*,*,#3021,.F.);
#4968=ORIENTED_EDGE('',*,*,#2819,.T.);
#4969=ORIENTED_EDGE('',*,*,#3025,.T.);
#4970=ORIENTED_EDGE('',*,*,#3044,.F.);
#4971=ORIENTED_EDGE('',*,*,#3412,.F.);
#4972=ORIENTED_EDGE('',*,*,#2820,.T.);
#4973=ORIENTED_EDGE('',*,*,#3412,.T.);
#4974=ORIENTED_EDGE('',*,*,#3043,.F.);
#4975=ORIENTED_EDGE('',*,*,#3413,.F.);
#4976=ORIENTED_EDGE('',*,*,#2821,.T.);
#4977=ORIENTED_EDGE('',*,*,#3413,.T.);
#4978=ORIENTED_EDGE('',*,*,#3042,.F.);
#4979=ORIENTED_EDGE('',*,*,#3414,.F.);
#4980=ORIENTED_EDGE('',*,*,#2822,.T.);
#4981=ORIENTED_EDGE('',*,*,#3414,.T.);
#4982=ORIENTED_EDGE('',*,*,#3041,.F.);
#4983=ORIENTED_EDGE('',*,*,#3415,.F.);
#4984=ORIENTED_EDGE('',*,*,#2823,.T.);
#4985=ORIENTED_EDGE('',*,*,#3415,.T.);
#4986=ORIENTED_EDGE('',*,*,#3040,.F.);
#4987=ORIENTED_EDGE('',*,*,#3030,.T.);
#4988=PLANE('',#5457);
#4989=PLANE('',#5458);
#4990=PLANE('',#5459);
#4991=PLANE('',#5460);
#4992=PLANE('',#5461);
#4993=PLANE('',#5462);
#4994=PLANE('',#5463);
#4995=PLANE('',#5464);
#4996=PLANE('',#5465);
#4997=PLANE('',#5466);
#4998=PLANE('',#5467);
#4999=PLANE('',#5468);
#5000=PLANE('',#5469);
#5001=PLANE('',#5470);
#5002=PLANE('',#5471);
#5003=PLANE('',#5472);
#5004=PLANE('',#5473);
#5005=PLANE('',#5474);
#5006=PLANE('',#5475);
#5007=PLANE('',#5476);
#5008=PLANE('',#5477);
#5009=PLANE('',#5478);
#5010=PLANE('',#5479);
#5011=PLANE('',#5480);
#5012=PLANE('',#5481);
#5013=PLANE('',#5482);
#5014=PLANE('',#5483);
#5015=PLANE('',#5484);
#5016=PLANE('',#5485);
#5017=PLANE('',#5486);
#5018=PLANE('',#5487);
#5019=PLANE('',#5488);
#5020=PLANE('',#5489);
#5021=PLANE('',#5490);
#5022=PLANE('',#5491);
#5023=PLANE('',#5492);
#5024=PLANE('',#5493);
#5025=PLANE('',#5494);
#5026=PLANE('',#5495);
#5027=PLANE('',#5496);
#5028=PLANE('',#5497);
#5029=PLANE('',#5498);
#5030=PLANE('',#5499);
#5031=PLANE('',#5500);
#5032=PLANE('',#5501);
#5033=PLANE('',#5502);
#5034=PLANE('',#5503);
#5035=PLANE('',#5504);
#5036=PLANE('',#5505);
#5037=PLANE('',#5506);
#5038=PLANE('',#5507);
#5039=PLANE('',#5512);
#5040=PLANE('',#5513);
#5041=PLANE('',#5514);
#5042=PLANE('',#5515);
#5043=PLANE('',#5516);
#5044=PLANE('',#5517);
#5045=PLANE('',#5518);
#5046=PLANE('',#5519);
#5047=PLANE('',#5520);
#5048=PLANE('',#5521);
#5049=PLANE('',#5522);
#5050=PLANE('',#5523);
#5051=PLANE('',#5524);
#5052=PLANE('',#5525);
#5053=PLANE('',#5526);
#5054=PLANE('',#5527);
#5055=PLANE('',#5528);
#5056=PLANE('',#5529);
#5057=PLANE('',#5530);
#5058=PLANE('',#5531);
#5059=PLANE('',#5532);
#5060=PLANE('',#5533);
#5061=PLANE('',#5534);
#5062=PLANE('',#5535);
#5063=PLANE('',#5536);
#5064=PLANE('',#5537);
#5065=PLANE('',#5538);
#5066=PLANE('',#5539);
#5067=PLANE('',#5540);
#5068=PLANE('',#5541);
#5069=PLANE('',#5542);
#5070=PLANE('',#5543);
#5071=PLANE('',#5544);
#5072=PLANE('',#5545);
#5073=PLANE('',#5546);
#5074=PLANE('',#5547);
#5075=PLANE('',#5548);
#5076=PLANE('',#5549);
#5077=PLANE('',#5550);
#5078=PLANE('',#5560);
#5079=PLANE('',#5562);
#5080=PLANE('',#5563);
#5081=PLANE('',#5566);
#5082=PLANE('',#5569);
#5083=PLANE('',#5570);
#5084=PLANE('',#5571);
#5085=PLANE('',#5572);
#5086=PLANE('',#5573);
#5087=PLANE('',#5574);
#5088=PLANE('',#5575);
#5089=PLANE('',#5576);
#5090=PLANE('',#5577);
#5091=PLANE('',#5578);
#5092=PLANE('',#5579);
#5093=PLANE('',#5580);
#5094=PLANE('',#5581);
#5095=PLANE('',#5582);
#5096=PLANE('',#5583);
#5097=PLANE('',#5584);
#5098=PLANE('',#5585);
#5099=PLANE('',#5586);
#5100=PLANE('',#5588);
#5101=PLANE('',#5590);
#5102=PLANE('',#5591);
#5103=PLANE('',#5592);
#5104=PLANE('',#5593);
#5105=PLANE('',#5594);
#5106=PLANE('',#5595);
#5107=PLANE('',#5596);
#5108=PLANE('',#5597);
#5109=PLANE('',#5598);
#5110=PLANE('',#5599);
#5111=PLANE('',#5603);
#5112=PLANE('',#5605);
#5113=PLANE('',#5606);
#5114=PLANE('',#5607);
#5115=PLANE('',#5608);
#5116=PLANE('',#5609);
#5117=PLANE('',#5610);
#5118=PLANE('',#5611);
#5119=PLANE('',#5612);
#5120=PLANE('',#5613);
#5121=PLANE('',#5614);
#5122=PLANE('',#5615);
#5123=PLANE('',#5616);
#5124=PLANE('',#5617);
#5125=PLANE('',#5618);
#5126=PLANE('',#5619);
#5127=PLANE('',#5620);
#5128=PLANE('',#5621);
#5129=PLANE('',#5622);
#5130=PLANE('',#5623);
#5131=PLANE('',#5624);
#5132=PLANE('',#5625);
#5133=PLANE('',#5626);
#5134=PLANE('',#5627);
#5135=PLANE('',#5628);
#5136=PLANE('',#5629);
#5137=PLANE('',#5630);
#5138=PLANE('',#5631);
#5139=PLANE('',#5632);
#5140=PLANE('',#5633);
#5141=PLANE('',#5634);
#5142=PLANE('',#5635);
#5143=PLANE('',#5636);
#5144=PLANE('',#5637);
#5145=PLANE('',#5638);
#5146=PLANE('',#5639);
#5147=PLANE('',#5640);
#5148=PLANE('',#5641);
#5149=PLANE('',#5642);
#5150=PLANE('',#5643);
#5151=PLANE('',#5644);
#5152=PLANE('',#5645);
#5153=PLANE('',#5646);
#5154=PLANE('',#5647);
#5155=ADVANCED_FACE('',(#1272,#1240),#4988,.T.);
#5156=ADVANCED_FACE('',(#1273),#4989,.T.);
#5157=ADVANCED_FACE('',(#1274,#1241),#4990,.T.);
#5158=ADVANCED_FACE('',(#1275,#1242,#1243),#4991,.T.);
#5159=ADVANCED_FACE('',(#1276,#1244),#4992,.T.);
#5160=ADVANCED_FACE('',(#1277,#1245),#4993,.T.);
#5161=ADVANCED_FACE('',(#1278,#1246),#4994,.T.);
#5162=ADVANCED_FACE('',(#1279),#4995,.T.);
#5163=ADVANCED_FACE('',(#1280),#4996,.T.);
#5164=ADVANCED_FACE('',(#1281),#4997,.T.);
#5165=ADVANCED_FACE('',(#1282),#4998,.T.);
#5166=ADVANCED_FACE('',(#1283),#39,.T.);
#5167=ADVANCED_FACE('',(#1284),#40,.T.);
#5168=ADVANCED_FACE('',(#1285),#41,.T.);
#5169=ADVANCED_FACE('',(#1286),#42,.T.);
#5170=ADVANCED_FACE('',(#1287),#43,.T.);
#5171=ADVANCED_FACE('',(#1288),#44,.T.);
#5172=ADVANCED_FACE('',(#1289),#45,.T.);
#5173=ADVANCED_FACE('',(#1290),#46,.T.);
#5174=ADVANCED_FACE('',(#1291),#47,.T.);
#5175=ADVANCED_FACE('',(#1292),#48,.T.);
#5176=ADVANCED_FACE('',(#1293),#4999,.T.);
#5177=ADVANCED_FACE('',(#1294),#5000,.T.);
#5178=ADVANCED_FACE('',(#1295),#5001,.T.);
#5179=ADVANCED_FACE('',(#1296),#49,.T.);
#5180=ADVANCED_FACE('',(#1297),#50,.T.);
#5181=ADVANCED_FACE('',(#1298),#51,.T.);
#5182=ADVANCED_FACE('',(#1299),#52,.T.);
#5183=ADVANCED_FACE('',(#1300),#53,.T.);
#5184=ADVANCED_FACE('',(#1301),#54,.T.);
#5185=ADVANCED_FACE('',(#1302),#55,.T.);
#5186=ADVANCED_FACE('',(#1303),#56,.T.);
#5187=ADVANCED_FACE('',(#1304),#5002,.T.);
#5188=ADVANCED_FACE('',(#1305),#5003,.T.);
#5189=ADVANCED_FACE('',(#1306),#57,.T.);
#5190=ADVANCED_FACE('',(#1307),#58,.T.);
#5191=ADVANCED_FACE('',(#1308),#59,.T.);
#5192=ADVANCED_FACE('',(#1309),#60,.T.);
#5193=ADVANCED_FACE('',(#1310),#61,.T.);
#5194=ADVANCED_FACE('',(#1311),#5004,.T.);
#5195=ADVANCED_FACE('',(#1312),#62,.T.);
#5196=ADVANCED_FACE('',(#1313),#63,.T.);
#5197=ADVANCED_FACE('',(#1314),#64,.T.);
#5198=ADVANCED_FACE('',(#1315),#65,.T.);
#5199=ADVANCED_FACE('',(#1316),#5005,.T.);
#5200=ADVANCED_FACE('',(#1317),#66,.T.);
#5201=ADVANCED_FACE('',(#1318),#67,.T.);
#5202=ADVANCED_FACE('',(#1319),#68,.T.);
#5203=ADVANCED_FACE('',(#1320),#69,.T.);
#5204=ADVANCED_FACE('',(#1321),#5006,.T.);
#5205=ADVANCED_FACE('',(#1322),#70,.T.);
#5206=ADVANCED_FACE('',(#1323),#71,.T.);
#5207=ADVANCED_FACE('',(#1324),#72,.T.);
#5208=ADVANCED_FACE('',(#1325),#73,.T.);
#5209=ADVANCED_FACE('',(#1326),#74,.T.);
#5210=ADVANCED_FACE('',(#1327),#75,.T.);
#5211=ADVANCED_FACE('',(#1328),#76,.T.);
#5212=ADVANCED_FACE('',(#1329),#77,.T.);
#5213=ADVANCED_FACE('',(#1330),#5007,.T.);
#5214=ADVANCED_FACE('',(#1331),#5008,.T.);
#5215=ADVANCED_FACE('',(#1332),#5009,.T.);
#5216=ADVANCED_FACE('',(#1333),#5010,.T.);
#5217=ADVANCED_FACE('',(#1334),#5011,.T.);
#5218=ADVANCED_FACE('',(#1335),#78,.T.);
#5219=ADVANCED_FACE('',(#1336),#79,.T.);
#5220=ADVANCED_FACE('',(#1337),#80,.T.);
#5221=ADVANCED_FACE('',(#1338),#5012,.T.);
#5222=ADVANCED_FACE('',(#1339),#81,.T.);
#5223=ADVANCED_FACE('',(#1340),#5013,.T.);
#5224=ADVANCED_FACE('',(#1341),#5014,.T.);
#5225=ADVANCED_FACE('',(#1342),#5015,.T.);
#5226=ADVANCED_FACE('',(#1343),#82,.T.);
#5227=ADVANCED_FACE('',(#1344),#83,.T.);
#5228=ADVANCED_FACE('',(#1345),#84,.T.);
#5229=ADVANCED_FACE('',(#1346),#85,.T.);
#5230=ADVANCED_FACE('',(#1347),#5016,.T.);
#5231=ADVANCED_FACE('',(#1348),#5017,.T.);
#5232=ADVANCED_FACE('',(#1349),#86,.T.);
#5233=ADVANCED_FACE('',(#1350),#87,.T.);
#5234=ADVANCED_FACE('',(#1351),#88,.T.);
#5235=ADVANCED_FACE('',(#1352),#89,.T.);
#5236=ADVANCED_FACE('',(#1353),#90,.T.);
#5237=ADVANCED_FACE('',(#1354),#91,.T.);
#5238=ADVANCED_FACE('',(#1355),#92,.T.);
#5239=ADVANCED_FACE('',(#1356),#93,.T.);
#5240=ADVANCED_FACE('',(#1357),#94,.T.);
#5241=ADVANCED_FACE('',(#1358),#5018,.T.);
#5242=ADVANCED_FACE('',(#1359),#5019,.T.);
#5243=ADVANCED_FACE('',(#1360),#5020,.T.);
#5244=ADVANCED_FACE('',(#1361),#5021,.T.);
#5245=ADVANCED_FACE('',(#1362),#5022,.T.);
#5246=ADVANCED_FACE('',(#1363),#5023,.T.);
#5247=ADVANCED_FACE('',(#1364),#5024,.T.);
#5248=ADVANCED_FACE('',(#1365),#5025,.T.);
#5249=ADVANCED_FACE('',(#1366),#5026,.T.);
#5250=ADVANCED_FACE('',(#1367),#5027,.T.);
#5251=ADVANCED_FACE('',(#1368),#5028,.T.);
#5252=ADVANCED_FACE('',(#1369),#5029,.T.);
#5253=ADVANCED_FACE('',(#1370),#5030,.T.);
#5254=ADVANCED_FACE('',(#1371),#5031,.T.);
#5255=ADVANCED_FACE('',(#1372),#5032,.T.);
#5256=ADVANCED_FACE('',(#1373),#5033,.T.);
#5257=ADVANCED_FACE('',(#1374),#5034,.T.);
#5258=ADVANCED_FACE('',(#1375),#5035,.T.);
#5259=ADVANCED_FACE('',(#1376),#5036,.T.);
#5260=ADVANCED_FACE('',(#1377),#5037,.T.);
#5261=ADVANCED_FACE('',(#1378,#1247,#1248,#1249,#1250,#1251,#1252,#1253,
#1254,#1255,#1256,#1257,#1258,#1259,#1260,#1261),#5038,.T.);
#5262=ADVANCED_FACE('',(#1379),#5039,.T.);
#5263=ADVANCED_FACE('',(#1380),#5040,.T.);
#5264=ADVANCED_FACE('',(#1381),#5041,.T.);
#5265=ADVANCED_FACE('',(#1382),#5042,.T.);
#5266=ADVANCED_FACE('',(#1383),#5043,.T.);
#5267=ADVANCED_FACE('',(#1384),#5044,.T.);
#5268=ADVANCED_FACE('',(#1385),#5045,.F.);
#5269=ADVANCED_FACE('',(#1386),#5046,.F.);
#5270=ADVANCED_FACE('',(#1387),#5047,.F.);
#5271=ADVANCED_FACE('',(#1388),#5048,.F.);
#5272=ADVANCED_FACE('',(#1389),#5049,.F.);
#5273=ADVANCED_FACE('',(#1390),#5050,.F.);
#5274=ADVANCED_FACE('',(#1391),#5051,.F.);
#5275=ADVANCED_FACE('',(#1392),#5052,.F.);
#5276=ADVANCED_FACE('',(#1393),#5053,.F.);
#5277=ADVANCED_FACE('',(#1394),#5054,.F.);
#5278=ADVANCED_FACE('',(#1395),#5055,.F.);
#5279=ADVANCED_FACE('',(#1396),#5056,.F.);
#5280=ADVANCED_FACE('',(#1397),#5057,.F.);
#5281=ADVANCED_FACE('',(#1398),#5058,.F.);
#5282=ADVANCED_FACE('',(#1399),#5059,.F.);
#5283=ADVANCED_FACE('',(#1400),#5060,.F.);
#5284=ADVANCED_FACE('',(#1401),#5061,.F.);
#5285=ADVANCED_FACE('',(#1402),#5062,.F.);
#5286=ADVANCED_FACE('',(#1403),#5063,.F.);
#5287=ADVANCED_FACE('',(#1404),#5064,.F.);
#5288=ADVANCED_FACE('',(#1405),#5065,.F.);
#5289=ADVANCED_FACE('',(#1406),#5066,.F.);
#5290=ADVANCED_FACE('',(#1407),#5067,.F.);
#5291=ADVANCED_FACE('',(#1408),#5068,.F.);
#5292=ADVANCED_FACE('',(#1409),#5069,.F.);
#5293=ADVANCED_FACE('',(#1410),#5070,.F.);
#5294=ADVANCED_FACE('',(#1411),#5071,.F.);
#5295=ADVANCED_FACE('',(#1412),#5072,.F.);
#5296=ADVANCED_FACE('',(#1413),#5073,.F.);
#5297=ADVANCED_FACE('',(#1414),#5074,.F.);
#5298=ADVANCED_FACE('',(#1415),#5075,.F.);
#5299=ADVANCED_FACE('',(#1416),#5076,.F.);
#5300=ADVANCED_FACE('',(#1417,#1262,#1263,#1264,#1265,#1266),#5077,.T.);
#5301=ADVANCED_FACE('',(#1418),#15,.F.);
#5302=ADVANCED_FACE('',(#1419),#5078,.T.);
#5303=ADVANCED_FACE('',(#1420),#16,.F.);
#5304=ADVANCED_FACE('',(#1421),#5079,.T.);
#5305=ADVANCED_FACE('',(#1422),#5080,.T.);
#5306=ADVANCED_FACE('',(#1423),#17,.T.);
#5307=ADVANCED_FACE('',(#1424),#5081,.T.);
#5308=ADVANCED_FACE('',(#1425),#18,.T.);
#5309=ADVANCED_FACE('',(#1426),#5082,.T.);
#5310=ADVANCED_FACE('',(#1427),#5083,.T.);
#5311=ADVANCED_FACE('',(#1428),#5084,.T.);
#5312=ADVANCED_FACE('',(#1429),#5085,.T.);
#5313=ADVANCED_FACE('',(#1430),#5086,.T.);
#5314=ADVANCED_FACE('',(#1431),#5087,.T.);
#5315=ADVANCED_FACE('',(#1432),#5088,.T.);
#5316=ADVANCED_FACE('',(#1433),#5089,.T.);
#5317=ADVANCED_FACE('',(#1434),#5090,.T.);
#5318=ADVANCED_FACE('',(#1435),#5091,.T.);
#5319=ADVANCED_FACE('',(#1436),#5092,.T.);
#5320=ADVANCED_FACE('',(#1437),#5093,.T.);
#5321=ADVANCED_FACE('',(#1438),#5094,.T.);
#5322=ADVANCED_FACE('',(#1439),#5095,.T.);
#5323=ADVANCED_FACE('',(#1440),#5096,.T.);
#5324=ADVANCED_FACE('',(#1441),#5097,.T.);
#5325=ADVANCED_FACE('',(#1442),#5098,.T.);
#5326=ADVANCED_FACE('',(#1443),#5099,.T.);
#5327=ADVANCED_FACE('',(#1444),#19,.F.);
#5328=ADVANCED_FACE('',(#1445),#5100,.T.);
#5329=ADVANCED_FACE('',(#1446),#20,.F.);
#5330=ADVANCED_FACE('',(#1447),#5101,.T.);
#5331=ADVANCED_FACE('',(#1448),#5102,.T.);
#5332=ADVANCED_FACE('',(#1449),#5103,.T.);
#5333=ADVANCED_FACE('',(#1450,#1267,#1268,#1269,#1270),#5104,.F.);
#5334=ADVANCED_FACE('',(#1451),#5105,.T.);
#5335=ADVANCED_FACE('',(#1452),#5106,.T.);
#5336=ADVANCED_FACE('',(#1453),#5107,.T.);
#5337=ADVANCED_FACE('',(#1454),#5108,.T.);
#5338=ADVANCED_FACE('',(#1455),#5109,.T.);
#5339=ADVANCED_FACE('',(#1456,#1271),#5110,.F.);
#5340=ADVANCED_FACE('',(#1457),#21,.T.);
#5341=ADVANCED_FACE('',(#1458),#5111,.T.);
#5342=ADVANCED_FACE('',(#1459),#22,.T.);
#5343=ADVANCED_FACE('',(#1460),#5112,.T.);
#5344=ADVANCED_FACE('',(#1461),#95,.T.);
#5345=ADVANCED_FACE('',(#1462),#96,.T.);
#5346=ADVANCED_FACE('',(#1463),#97,.T.);
#5347=ADVANCED_FACE('',(#1464),#98,.T.);
#5348=ADVANCED_FACE('',(#1465),#99,.T.);
#5349=ADVANCED_FACE('',(#1466),#100,.T.);
#5350=ADVANCED_FACE('',(#1467),#101,.T.);
#5351=ADVANCED_FACE('',(#1468),#102,.T.);
#5352=ADVANCED_FACE('',(#1469),#103,.T.);
#5353=ADVANCED_FACE('',(#1470),#104,.T.);
#5354=ADVANCED_FACE('',(#1471),#105,.T.);
#5355=ADVANCED_FACE('',(#1472),#5113,.T.);
#5356=ADVANCED_FACE('',(#1473),#5114,.T.);
#5357=ADVANCED_FACE('',(#1474),#106,.T.);
#5358=ADVANCED_FACE('',(#1475),#107,.T.);
#5359=ADVANCED_FACE('',(#1476),#108,.T.);
#5360=ADVANCED_FACE('',(#1477),#109,.T.);
#5361=ADVANCED_FACE('',(#1478),#110,.T.);
#5362=ADVANCED_FACE('',(#1479),#5115,.T.);
#5363=ADVANCED_FACE('',(#1480),#111,.T.);
#5364=ADVANCED_FACE('',(#1481),#112,.T.);
#5365=ADVANCED_FACE('',(#1482),#113,.T.);
#5366=ADVANCED_FACE('',(#1483),#114,.T.);
#5367=ADVANCED_FACE('',(#1484),#5116,.T.);
#5368=ADVANCED_FACE('',(#1485),#5117,.T.);
#5369=ADVANCED_FACE('',(#1486),#115,.T.);
#5370=ADVANCED_FACE('',(#1487),#116,.T.);
#5371=ADVANCED_FACE('',(#1488),#117,.T.);
#5372=ADVANCED_FACE('',(#1489),#118,.T.);
#5373=ADVANCED_FACE('',(#1490),#5118,.T.);
#5374=ADVANCED_FACE('',(#1491),#5119,.T.);
#5375=ADVANCED_FACE('',(#1492),#119,.T.);
#5376=ADVANCED_FACE('',(#1493),#120,.T.);
#5377=ADVANCED_FACE('',(#1494),#5120,.T.);
#5378=ADVANCED_FACE('',(#1495),#5121,.T.);
#5379=ADVANCED_FACE('',(#1496),#121,.T.);
#5380=ADVANCED_FACE('',(#1497),#122,.T.);
#5381=ADVANCED_FACE('',(#1498),#123,.T.);
#5382=ADVANCED_FACE('',(#1499),#5122,.T.);
#5383=ADVANCED_FACE('',(#1500),#5123,.T.);
#5384=ADVANCED_FACE('',(#1501),#5124,.T.);
#5385=ADVANCED_FACE('',(#1502),#124,.T.);
#5386=ADVANCED_FACE('',(#1503),#125,.T.);
#5387=ADVANCED_FACE('',(#1504),#126,.T.);
#5388=ADVANCED_FACE('',(#1505),#127,.T.);
#5389=ADVANCED_FACE('',(#1506),#5125,.T.);
#5390=ADVANCED_FACE('',(#1507),#5126,.T.);
#5391=ADVANCED_FACE('',(#1508),#5127,.T.);
#5392=ADVANCED_FACE('',(#1509),#5128,.T.);
#5393=ADVANCED_FACE('',(#1510),#5129,.T.);
#5394=ADVANCED_FACE('',(#1511),#128,.T.);
#5395=ADVANCED_FACE('',(#1512),#5130,.T.);
#5396=ADVANCED_FACE('',(#1513),#5131,.T.);
#5397=ADVANCED_FACE('',(#1514),#5132,.T.);
#5398=ADVANCED_FACE('',(#1515),#129,.T.);
#5399=ADVANCED_FACE('',(#1516),#130,.T.);
#5400=ADVANCED_FACE('',(#1517),#5133,.T.);
#5401=ADVANCED_FACE('',(#1518),#5134,.T.);
#5402=ADVANCED_FACE('',(#1519),#5135,.T.);
#5403=ADVANCED_FACE('',(#1520),#131,.T.);
#5404=ADVANCED_FACE('',(#1521),#132,.T.);
#5405=ADVANCED_FACE('',(#1522),#133,.T.);
#5406=ADVANCED_FACE('',(#1523),#134,.T.);
#5407=ADVANCED_FACE('',(#1524),#135,.T.);
#5408=ADVANCED_FACE('',(#1525),#136,.T.);
#5409=ADVANCED_FACE('',(#1526),#5136,.T.);
#5410=ADVANCED_FACE('',(#1527),#137,.T.);
#5411=ADVANCED_FACE('',(#1528),#138,.T.);
#5412=ADVANCED_FACE('',(#1529),#139,.T.);
#5413=ADVANCED_FACE('',(#1530),#140,.T.);
#5414=ADVANCED_FACE('',(#1531),#141,.T.);
#5415=ADVANCED_FACE('',(#1532),#142,.T.);
#5416=ADVANCED_FACE('',(#1533),#143,.T.);
#5417=ADVANCED_FACE('',(#1534),#144,.T.);
#5418=ADVANCED_FACE('',(#1535),#145,.T.);
#5419=ADVANCED_FACE('',(#1536),#146,.T.);
#5420=ADVANCED_FACE('',(#1537),#147,.T.);
#5421=ADVANCED_FACE('',(#1538),#5137,.T.);
#5422=ADVANCED_FACE('',(#1539),#5138,.T.);
#5423=ADVANCED_FACE('',(#1540),#5139,.T.);
#5424=ADVANCED_FACE('',(#1541),#5140,.T.);
#5425=ADVANCED_FACE('',(#1542),#5141,.T.);
#5426=ADVANCED_FACE('',(#1543),#5142,.T.);
#5427=ADVANCED_FACE('',(#1544),#5143,.T.);
#5428=ADVANCED_FACE('',(#1545),#5144,.T.);
#5429=ADVANCED_FACE('',(#1546),#5145,.T.);
#5430=ADVANCED_FACE('',(#1547),#148,.T.);
#5431=ADVANCED_FACE('',(#1548),#149,.T.);
#5432=ADVANCED_FACE('',(#1549),#5146,.T.);
#5433=ADVANCED_FACE('',(#1550),#5147,.T.);
#5434=ADVANCED_FACE('',(#1551),#5148,.T.);
#5435=ADVANCED_FACE('',(#1552),#5149,.T.);
#5436=ADVANCED_FACE('',(#1553),#5150,.T.);
#5437=ADVANCED_FACE('',(#1554),#5151,.T.);
#5438=ADVANCED_FACE('',(#1555),#150,.T.);
#5439=ADVANCED_FACE('',(#1556),#151,.T.);
#5440=ADVANCED_FACE('',(#1557),#5152,.T.);
#5441=ADVANCED_FACE('',(#1558),#5153,.T.);
#5442=ADVANCED_FACE('',(#1559),#5154,.T.);
#5443=CLOSED_SHELL('',(#5155,#5156,#5157,#5158,#5159,#5160,#5161,#5162,
#5163,#5164,#5165,#5166,#5167,#5168,#5169,#5170,#5171,#5172,#5173,#5174,
#5175,#5176,#5177,#5178,#5179,#5180,#5181,#5182,#5183,#5184,#5185,#5186,
#5187,#5188,#5189,#5190,#5191,#5192,#5193,#5194,#5195,#5196,#5197,#5198,
#5199,#5200,#5201,#5202,#5203,#5204,#5205,#5206,#5207,#5208,#5209,#5210,
#5211,#5212,#5213,#5214,#5215,#5216,#5217,#5218,#5219,#5220,#5221,#5222,
#5223,#5224,#5225,#5226,#5227,#5228,#5229,#5230,#5231,#5232,#5233,#5234,
#5235,#5236,#5237,#5238,#5239,#5240,#5241,#5242,#5243,#5244,#5245,#5246,
#5247,#5248,#5249,#5250,#5251,#5252,#5253,#5254,#5255,#5256,#5257,#5258,
#5259,#5260,#5261,#5262,#5263,#5264,#5265,#5266,#5267,#5268,#5269,#5270,
#5271,#5272,#5273,#5274,#5275,#5276,#5277,#5278,#5279,#5280,#5281,#5282,
#5283,#5284,#5285,#5286,#5287,#5288,#5289,#5290,#5291,#5292,#5293,#5294,
#5295,#5296,#5297,#5298,#5299,#5300,#5301,#5302,#5303,#5304,#5305,#5306,
#5307,#5308,#5309,#5310,#5311,#5312,#5313,#5314,#5315,#5316,#5317,#5318,
#5319,#5320,#5321,#5322,#5323,#5324,#5325,#5326,#5327,#5328,#5329,#5330,
#5331,#5332,#5333,#5334,#5335,#5336,#5337,#5338,#5339,#5340,#5341,#5342,
#5343,#5344,#5345,#5346,#5347,#5348,#5349,#5350,#5351,#5352,#5353,#5354,
#5355,#5356,#5357,#5358,#5359,#5360,#5361,#5362,#5363,#5364,#5365,#5366,
#5367,#5368,#5369,#5370,#5371,#5372,#5373,#5374,#5375,#5376,#5377,#5378,
#5379,#5380,#5381,#5382,#5383,#5384,#5385,#5386,#5387,#5388,#5389,#5390,
#5391,#5392,#5393,#5394,#5395,#5396,#5397,#5398,#5399,#5400,#5401,#5402,
#5403,#5404,#5405,#5406,#5407,#5408,#5409,#5410,#5411,#5412,#5413,#5414,
#5415,#5416,#5417,#5418,#5419,#5420,#5421,#5422,#5423,#5424,#5425,#5426,
#5427,#5428,#5429,#5430,#5431,#5432,#5433,#5434,#5435,#5436,#5437,#5438,
#5439,#5440,#5441,#5442));
#5444=DERIVED_UNIT_ELEMENT(#5446,1.);
#5445=DERIVED_UNIT_ELEMENT(#10553,-3.);
#5446=(
MASS_UNIT()
NAMED_UNIT(*)
SI_UNIT(.KILO.,.GRAM.)
);
#5447=DERIVED_UNIT((#5444,#5445));
#5448=MEASURE_REPRESENTATION_ITEM('density measure',
POSITIVE_RATIO_MEASURE(7850.),#5447);
#5449=PROPERTY_DEFINITION_REPRESENTATION(#5454,#5451);
#5450=PROPERTY_DEFINITION_REPRESENTATION(#5455,#5452);
#5451=REPRESENTATION('material name',(#5453),#10550);
#5452=REPRESENTATION('density',(#5448),#10550);
#5453=DESCRIPTIVE_REPRESENTATION_ITEM('Steel','Steel');
#5454=PROPERTY_DEFINITION('material property','material name',#10560);
#5455=PROPERTY_DEFINITION('material property','density of part',#10560);
#5456=AXIS2_PLACEMENT_3D('',#6576,#5648,#5649);
#5457=AXIS2_PLACEMENT_3D('',#6577,#5650,#5651);
#5458=AXIS2_PLACEMENT_3D('',#6738,#5652,#5653);
#5459=AXIS2_PLACEMENT_3D('',#6839,#5660,#5661);
#5460=AXIS2_PLACEMENT_3D('',#6980,#5668,#5669);
#5461=AXIS2_PLACEMENT_3D('',#7191,#5679,#5680);
#5462=AXIS2_PLACEMENT_3D('',#7230,#5692,#5693);
#5463=AXIS2_PLACEMENT_3D('',#7381,#5705,#5706);
#5464=AXIS2_PLACEMENT_3D('',#7542,#5707,#5708);
#5465=AXIS2_PLACEMENT_3D('',#7567,#5721,#5722);
#5466=AXIS2_PLACEMENT_3D('',#7610,#5736,#5737);
#5467=AXIS2_PLACEMENT_3D('',#7623,#5744,#5745);
#5468=AXIS2_PLACEMENT_3D('',#7850,#5766,#5767);
#5469=AXIS2_PLACEMENT_3D('',#7854,#5770,#5771);
#5470=AXIS2_PLACEMENT_3D('',#7858,#5774,#5775);
#5471=AXIS2_PLACEMENT_3D('',#8016,#5787,#5788);
#5472=AXIS2_PLACEMENT_3D('',#8020,#5791,#5792);
#5473=AXIS2_PLACEMENT_3D('',#8121,#5801,#5802);
#5474=AXIS2_PLACEMENT_3D('',#8203,#5810,#5811);
#5475=AXIS2_PLACEMENT_3D('',#8285,#5819,#5820);
#5476=AXIS2_PLACEMENT_3D('',#8445,#5833,#5834);
#5477=AXIS2_PLACEMENT_3D('',#8449,#5837,#5838);
#5478=AXIS2_PLACEMENT_3D('',#8455,#5842,#5843);
#5479=AXIS2_PLACEMENT_3D('',#8459,#5846,#5847);
#5480=AXIS2_PLACEMENT_3D('',#8463,#5850,#5851);
#5481=AXIS2_PLACEMENT_3D('',#8526,#5858,#5859);
#5482=AXIS2_PLACEMENT_3D('',#8551,#5864,#5865);
#5483=AXIS2_PLACEMENT_3D('',#8555,#5868,#5869);
#5484=AXIS2_PLACEMENT_3D('',#8559,#5872,#5873);
#5485=AXIS2_PLACEMENT_3D('',#8639,#5880,#5881);
#5486=AXIS2_PLACEMENT_3D('',#8643,#5884,#5885);
#5487=AXIS2_PLACEMENT_3D('',#8822,#5899,#5900);
#5488=AXIS2_PLACEMENT_3D('',#8828,#5904,#5905);
#5489=AXIS2_PLACEMENT_3D('',#8832,#5908,#5909);
#5490=AXIS2_PLACEMENT_3D('',#8836,#5912,#5913);
#5491=AXIS2_PLACEMENT_3D('',#8840,#5916,#5917);
#5492=AXIS2_PLACEMENT_3D('',#8844,#5920,#5921);
#5493=AXIS2_PLACEMENT_3D('',#8848,#5924,#5925);
#5494=AXIS2_PLACEMENT_3D('',#8854,#5929,#5930);
#5495=AXIS2_PLACEMENT_3D('',#8858,#5933,#5934);
#5496=AXIS2_PLACEMENT_3D('',#8862,#5937,#5938);
#5497=AXIS2_PLACEMENT_3D('',#8866,#5941,#5942);
#5498=AXIS2_PLACEMENT_3D('',#8870,#5945,#5946);
#5499=AXIS2_PLACEMENT_3D('',#8874,#5949,#5950);
#5500=AXIS2_PLACEMENT_3D('',#8878,#5953,#5954);
#5501=AXIS2_PLACEMENT_3D('',#8884,#5958,#5959);
#5502=AXIS2_PLACEMENT_3D('',#8888,#5962,#5963);
#5503=AXIS2_PLACEMENT_3D('',#8892,#5966,#5967);
#5504=AXIS2_PLACEMENT_3D('',#8898,#5971,#5972);
#5505=AXIS2_PLACEMENT_3D('',#8902,#5975,#5976);
#5506=AXIS2_PLACEMENT_3D('',#8906,#5979,#5980);
#5507=AXIS2_PLACEMENT_3D('',#8910,#5983,#5984);
#5508=AXIS2_PLACEMENT_3D('',#8913,#5985,#5986);
#5509=AXIS2_PLACEMENT_3D('',#8917,#5988,#5989);
#5510=AXIS2_PLACEMENT_3D('',#8921,#5991,#5992);
#5511=AXIS2_PLACEMENT_3D('',#8925,#5994,#5995);
#5512=AXIS2_PLACEMENT_3D('',#9294,#6046,#6047);
#5513=AXIS2_PLACEMENT_3D('',#9334,#6048,#6049);
#5514=AXIS2_PLACEMENT_3D('',#9354,#6052,#6053);
#5515=AXIS2_PLACEMENT_3D('',#9366,#6056,#6057);
#5516=AXIS2_PLACEMENT_3D('',#9394,#6060,#6061);
#5517=AXIS2_PLACEMENT_3D('',#9414,#6064,#6065);
#5518=AXIS2_PLACEMENT_3D('',#9448,#6067,#6068);
#5519=AXIS2_PLACEMENT_3D('',#9457,#6073,#6074);
#5520=AXIS2_PLACEMENT_3D('',#9463,#6078,#6079);
#5521=AXIS2_PLACEMENT_3D('',#9472,#6084,#6085);
#5522=AXIS2_PLACEMENT_3D('',#9478,#6089,#6090);
#5523=AXIS2_PLACEMENT_3D('',#9484,#6094,#6095);
#5524=AXIS2_PLACEMENT_3D('',#9490,#6099,#6100);
#5525=AXIS2_PLACEMENT_3D('',#9496,#6104,#6105);
#5526=AXIS2_PLACEMENT_3D('',#9502,#6109,#6110);
#5527=AXIS2_PLACEMENT_3D('',#9511,#6115,#6116);
#5528=AXIS2_PLACEMENT_3D('',#9517,#6120,#6121);
#5529=AXIS2_PLACEMENT_3D('',#9523,#6125,#6126);
#5530=AXIS2_PLACEMENT_3D('',#9529,#6130,#6131);
#5531=AXIS2_PLACEMENT_3D('',#9535,#6135,#6136);
#5532=AXIS2_PLACEMENT_3D('',#9541,#6140,#6141);
#5533=AXIS2_PLACEMENT_3D('',#9550,#6146,#6147);
#5534=AXIS2_PLACEMENT_3D('',#9556,#6151,#6152);
#5535=AXIS2_PLACEMENT_3D('',#9562,#6156,#6157);
#5536=AXIS2_PLACEMENT_3D('',#9565,#6160,#6161);
#5537=AXIS2_PLACEMENT_3D('',#9571,#6165,#6166);
#5538=AXIS2_PLACEMENT_3D('',#9577,#6170,#6171);
#5539=AXIS2_PLACEMENT_3D('',#9583,#6175,#6176);
#5540=AXIS2_PLACEMENT_3D('',#9589,#6180,#6181);
#5541=AXIS2_PLACEMENT_3D('',#9595,#6185,#6186);
#5542=AXIS2_PLACEMENT_3D('',#9598,#6189,#6190);
#5543=AXIS2_PLACEMENT_3D('',#9604,#6194,#6195);
#5544=AXIS2_PLACEMENT_3D('',#9610,#6199,#6200);
#5545=AXIS2_PLACEMENT_3D('',#9616,#6204,#6205);
#5546=AXIS2_PLACEMENT_3D('',#9622,#6209,#6210);
#5547=AXIS2_PLACEMENT_3D('',#9628,#6214,#6215);
#5548=AXIS2_PLACEMENT_3D('',#9631,#6218,#6219);
#5549=AXIS2_PLACEMENT_3D('',#9637,#6223,#6224);
#5550=AXIS2_PLACEMENT_3D('',#9640,#6227,#6228);
#5551=AXIS2_PLACEMENT_3D('',#9643,#6229,#6230);
#5552=AXIS2_PLACEMENT_3D('',#9647,#6232,#6233);
#5553=AXIS2_PLACEMENT_3D('',#9651,#6235,#6236);
#5554=AXIS2_PLACEMENT_3D('',#9655,#6238,#6239);
#5555=AXIS2_PLACEMENT_3D('',#9661,#6242,#6243);
#5556=AXIS2_PLACEMENT_3D('',#9665,#6245,#6246);
#5557=AXIS2_PLACEMENT_3D('',#9669,#6248,#6249);
#5558=AXIS2_PLACEMENT_3D('',#9672,#6251,#6252);
#5559=AXIS2_PLACEMENT_3D('',#9673,#6253,#6254);
#5560=AXIS2_PLACEMENT_3D('',#9676,#6257,#6258);
#5561=AXIS2_PLACEMENT_3D('',#9678,#6260,#6261);
#5562=AXIS2_PLACEMENT_3D('',#9680,#6263,#6264);
#5563=AXIS2_PLACEMENT_3D('',#9682,#6266,#6267);
#5564=AXIS2_PLACEMENT_3D('',#9688,#6271,#6272);
#5565=AXIS2_PLACEMENT_3D('',#9691,#6274,#6275);
#5566=AXIS2_PLACEMENT_3D('',#9692,#6276,#6277);
#5567=AXIS2_PLACEMENT_3D('',#9696,#6280,#6281);
#5568=AXIS2_PLACEMENT_3D('',#9699,#6283,#6284);
#5569=AXIS2_PLACEMENT_3D('',#9700,#6285,#6286);
#5570=AXIS2_PLACEMENT_3D('',#9740,#6287,#6288);
#5571=AXIS2_PLACEMENT_3D('',#9746,#6292,#6293);
#5572=AXIS2_PLACEMENT_3D('',#9750,#6296,#6297);
#5573=AXIS2_PLACEMENT_3D('',#9754,#6300,#6301);
#5574=AXIS2_PLACEMENT_3D('',#9756,#6303,#6304);
#5575=AXIS2_PLACEMENT_3D('',#9762,#6308,#6309);
#5576=AXIS2_PLACEMENT_3D('',#9766,#6312,#6313);
#5577=AXIS2_PLACEMENT_3D('',#9770,#6316,#6317);
#5578=AXIS2_PLACEMENT_3D('',#9772,#6319,#6320);
#5579=AXIS2_PLACEMENT_3D('',#9778,#6324,#6325);
#5580=AXIS2_PLACEMENT_3D('',#9782,#6328,#6329);
#5581=AXIS2_PLACEMENT_3D('',#9786,#6332,#6333);
#5582=AXIS2_PLACEMENT_3D('',#9788,#6335,#6336);
#5583=AXIS2_PLACEMENT_3D('',#9794,#6340,#6341);
#5584=AXIS2_PLACEMENT_3D('',#9798,#6344,#6345);
#5585=AXIS2_PLACEMENT_3D('',#9802,#6348,#6349);
#5586=AXIS2_PLACEMENT_3D('',#9804,#6351,#6352);
#5587=AXIS2_PLACEMENT_3D('',#9806,#6354,#6355);
#5588=AXIS2_PLACEMENT_3D('',#9808,#6357,#6358);
#5589=AXIS2_PLACEMENT_3D('',#9810,#6360,#6361);
#5590=AXIS2_PLACEMENT_3D('',#9811,#6362,#6363);
#5591=AXIS2_PLACEMENT_3D('',#9820,#6368,#6369);
#5592=AXIS2_PLACEMENT_3D('',#9826,#6373,#6374);
#5593=AXIS2_PLACEMENT_3D('',#9832,#6378,#6379);
#5594=AXIS2_PLACEMENT_3D('',#9834,#6381,#6382);
#5595=AXIS2_PLACEMENT_3D('',#9836,#6384,#6385);
#5596=AXIS2_PLACEMENT_3D('',#9837,#6386,#6387);
#5597=AXIS2_PLACEMENT_3D('',#9838,#6388,#6389);
#5598=AXIS2_PLACEMENT_3D('',#9839,#6390,#6391);
#5599=AXIS2_PLACEMENT_3D('',#9840,#6392,#6393);
#5600=AXIS2_PLACEMENT_3D('',#9844,#6395,#6396);
#5601=AXIS2_PLACEMENT_3D('',#9847,#6398,#6399);
#5602=AXIS2_PLACEMENT_3D('',#9848,#6400,#6401);
#5603=AXIS2_PLACEMENT_3D('',#9850,#6403,#6404);
#5604=AXIS2_PLACEMENT_3D('',#9852,#6406,#6407);
#5605=AXIS2_PLACEMENT_3D('',#9854,#6409,#6410);
#5606=AXIS2_PLACEMENT_3D('',#9974,#6420,#6421);
#5607=AXIS2_PLACEMENT_3D('',#9977,#6424,#6425);
#5608=AXIS2_PLACEMENT_3D('',#10033,#6431,#6432);
#5609=AXIS2_PLACEMENT_3D('',#10078,#6437,#6438);
#5610=AXIS2_PLACEMENT_3D('',#10080,#6440,#6441);
#5611=AXIS2_PLACEMENT_3D('',#10125,#6446,#6447);
#5612=AXIS2_PLACEMENT_3D('',#10126,#6448,#6449);
#5613=AXIS2_PLACEMENT_3D('',#10150,#6453,#6454);
#5614=AXIS2_PLACEMENT_3D('',#10151,#6455,#6456);
#5615=AXIS2_PLACEMENT_3D('',#10186,#6461,#6462);
#5616=AXIS2_PLACEMENT_3D('',#10187,#6463,#6464);
#5617=AXIS2_PLACEMENT_3D('',#10190,#6467,#6468);
#5618=AXIS2_PLACEMENT_3D('',#10235,#6473,#6474);
#5619=AXIS2_PLACEMENT_3D('',#10236,#6475,#6476);
#5620=AXIS2_PLACEMENT_3D('',#10238,#6478,#6479);
#5621=AXIS2_PLACEMENT_3D('',#10240,#6481,#6482);
#5622=AXIS2_PLACEMENT_3D('',#10242,#6484,#6485);
#5623=AXIS2_PLACEMENT_3D('',#10254,#6487,#6488);
#5624=AXIS2_PLACEMENT_3D('',#10256,#6490,#6491);
#5625=AXIS2_PLACEMENT_3D('',#10257,#6492,#6493);
#5626=AXIS2_PLACEMENT_3D('',#10281,#6497,#6498);
#5627=AXIS2_PLACEMENT_3D('',#10282,#6499,#6500);
#5628=AXIS2_PLACEMENT_3D('',#10285,#6503,#6504);
#5629=AXIS2_PLACEMENT_3D('',#10352,#6511,#6512);
#5630=AXIS2_PLACEMENT_3D('',#10472,#6522,#6523);
#5631=AXIS2_PLACEMENT_3D('',#10475,#6526,#6527);
#5632=AXIS2_PLACEMENT_3D('',#10477,#6529,#6530);
#5633=AXIS2_PLACEMENT_3D('',#10479,#6532,#6533);
#5634=AXIS2_PLACEMENT_3D('',#10481,#6535,#6536);
#5635=AXIS2_PLACEMENT_3D('',#10482,#6537,#6538);
#5636=AXIS2_PLACEMENT_3D('',#10483,#6539,#6540);
#5637=AXIS2_PLACEMENT_3D('',#10485,#6542,#6543);
#5638=AXIS2_PLACEMENT_3D('',#10487,#6545,#6546);
#5639=AXIS2_PLACEMENT_3D('',#10511,#6550,#6551);
#5640=AXIS2_PLACEMENT_3D('',#10513,#6553,#6554);
#5641=AXIS2_PLACEMENT_3D('',#10515,#6556,#6557);
#5642=AXIS2_PLACEMENT_3D('',#10516,#6558,#6559);
#5643=AXIS2_PLACEMENT_3D('',#10519,#6562,#6563);
#5644=AXIS2_PLACEMENT_3D('',#10520,#6564,#6565);
#5645=AXIS2_PLACEMENT_3D('',#10543,#6568,#6569);
#5646=AXIS2_PLACEMENT_3D('',#10545,#6571,#6572);
#5647=AXIS2_PLACEMENT_3D('',#10547,#6574,#6575);
#5648=DIRECTION('axis',(0.,0.,1.));
#5649=DIRECTION('refdir',(1.,0.,0.));
#5650=DIRECTION('center_axis',(0.,0.,1.));
#5651=DIRECTION('ref_axis',(-1.,0.,0.));
#5652=DIRECTION('center_axis',(0.,0.,1.));
#5653=DIRECTION('ref_axis',(-1.,0.,0.));
#5654=DIRECTION('',(0.,1.,0.));
#5655=DIRECTION('',(0.,-1.,0.));
#5656=DIRECTION('',(1.,0.,0.));
#5657=DIRECTION('',(0.,1.,0.));
#5658=DIRECTION('',(0.,-1.,0.));
#5659=DIRECTION('',(1.,0.,0.));
#5660=DIRECTION('center_axis',(0.,0.,1.));
#5661=DIRECTION('ref_axis',(-1.,0.,0.));
#5662=DIRECTION('',(-1.,0.,0.));
#5663=DIRECTION('',(1.,0.,0.));
#5664=DIRECTION('',(0.,1.,0.));
#5665=DIRECTION('',(0.,-1.,0.));
#5666=DIRECTION('',(-1.,0.,0.));
#5667=DIRECTION('',(1.,0.,0.));
#5668=DIRECTION('center_axis',(0.,0.,1.));
#5669=DIRECTION('ref_axis',(-1.,0.,0.));
#5670=DIRECTION('',(-1.,0.,0.));
#5671=DIRECTION('',(1.,0.,0.));
#5672=DIRECTION('',(0.,1.,0.));
#5673=DIRECTION('',(0.,-1.,0.));
#5674=DIRECTION('',(-1.,0.,0.));
#5675=DIRECTION('',(1.,0.,0.));
#5676=DIRECTION('',(0.,-1.,0.));
#5677=DIRECTION('',(-1.,0.,0.));
#5678=DIRECTION('',(1.,0.,0.));
#5679=DIRECTION('center_axis',(0.,0.,1.));
#5680=DIRECTION('ref_axis',(-1.,0.,0.));
#5681=DIRECTION('',(-1.,0.,0.));
#5682=DIRECTION('',(-0.340893206448656,-0.940102027333818,0.));
#5683=DIRECTION('',(-1.,0.,0.));
#5684=DIRECTION('',(-0.359401529578064,0.933183015563907,0.));
#5685=DIRECTION('',(-1.,0.,0.));
#5686=DIRECTION('',(0.378780434701297,-0.925486565157753,0.));
#5687=DIRECTION('',(1.,0.,0.));
#5688=DIRECTION('',(0.35850955864858,0.93352605553225,0.));
#5689=DIRECTION('',(-0.350646348535496,-0.936507948849727,0.));
#5690=DIRECTION('',(-0.352639470156023,0.935759266097899,0.));
#5691=DIRECTION('',(1.,0.,0.));
#5692=DIRECTION('center_axis',(0.,0.,1.));
#5693=DIRECTION('ref_axis',(-1.,0.,0.));
#5694=DIRECTION('',(-1.,0.,0.));
#5695=DIRECTION('',(0.,-1.,0.));
#5696=DIRECTION('',(-1.,0.,0.));
#5697=DIRECTION('',(-0.536696929861414,0.843775091761622,0.));
#5698=DIRECTION('',(-1.,0.,0.));
#5699=DIRECTION('',(0.538512347124535,-0.842617619086157,0.));
#5700=DIRECTION('',(1.,0.,0.));
#5701=DIRECTION('',(0.,1.,0.));
#5702=DIRECTION('',(0.,-1.,0.));
#5703=DIRECTION('',(-1.,0.,0.));
#5704=DIRECTION('',(1.,0.,0.));
#5705=DIRECTION('center_axis',(0.,0.,1.));
#5706=DIRECTION('ref_axis',(-1.,0.,0.));
#5707=DIRECTION('center_axis',(0.,0.,1.));
#5708=DIRECTION('ref_axis',(-1.,0.,0.));
#5709=DIRECTION('',(-1.,0.,0.));
#5710=DIRECTION('',(0.,-1.,0.));
#5711=DIRECTION('',(1.,0.,0.));
#5712=DIRECTION('',(0.,-1.,0.));
#5713=DIRECTION('',(-1.,0.,0.));
#5714=DIRECTION('',(0.,-1.,0.));
#5715=DIRECTION('',(1.,0.,0.));
#5716=DIRECTION('',(0.,-1.,0.));
#5717=DIRECTION('',(-1.,0.,0.));
#5718=DIRECTION('',(0.,-1.,0.));
#5719=DIRECTION('',(1.,0.,0.));
#5720=DIRECTION('',(1.11022300808154E-15,1.,0.));
#5721=DIRECTION('center_axis',(0.,0.,1.));
#5722=DIRECTION('ref_axis',(-1.,0.,0.));
#5723=DIRECTION('',(-1.,0.,0.));
#5724=DIRECTION('',(-1.3041562227514E-15,-1.,0.));
#5725=DIRECTION('',(-0.321685029412287,0.946846736199695,0.));
#5726=DIRECTION('',(-1.,0.,0.));
#5727=DIRECTION('',(-0.327983088867741,-0.944683594340865,0.));
#5728=DIRECTION('',(1.32647677158289E-15,1.,0.));
#5729=DIRECTION('',(-1.,0.,0.));
#5730=DIRECTION('',(-1.11022300808154E-15,-1.,0.));
#5731=DIRECTION('',(1.,0.,0.));
#5732=DIRECTION('',(0.325390736683621,0.945579646820135,0.));
#5733=DIRECTION('',(0.317049814034747,-0.948408886198634,0.));
#5734=DIRECTION('',(1.,0.,0.));
#5735=DIRECTION('',(1.11022300808154E-15,1.,0.));
#5736=DIRECTION('center_axis',(0.,0.,1.));
#5737=DIRECTION('ref_axis',(-1.,0.,0.));
#5738=DIRECTION('',(-1.,0.,0.));
#5739=DIRECTION('',(0.,-1.,0.));
#5740=DIRECTION('',(1.,0.,0.));
#5741=DIRECTION('',(-1.25876791884162E-15,-1.,0.));
#5742=DIRECTION('',(1.,0.,0.));
#5743=DIRECTION('',(1.11022300808154E-15,1.,0.));
#5744=DIRECTION('center_axis',(0.,0.,1.));
#5745=DIRECTION('ref_axis',(-1.,0.,0.));
#5746=DIRECTION('',(-1.,0.,0.));
#5747=DIRECTION('',(-0.364590778062925,-0.931167849827018,0.));
#5748=DIRECTION('',(1.,0.,0.));
#5749=DIRECTION('',(0.348517921972029,0.937302116750143,0.));
#5750=DIRECTION('',(0.336840407395871,-0.941561755778867,0.));
#5751=DIRECTION('',(1.,0.,0.));
#5752=DIRECTION('',(-0.361279537706334,0.932457557015169,0.));
#5753=DIRECTION('',(0.,0.,-1.));
#5754=DIRECTION('',(0.,0.,-1.));
#5755=DIRECTION('',(0.,0.,-1.));
#5756=DIRECTION('',(0.,0.,-1.));
#5757=DIRECTION('',(0.,0.,1.));
#5758=DIRECTION('',(0.,0.,-1.));
#5759=DIRECTION('',(0.,0.,-1.));
#5760=DIRECTION('',(0.,0.,-1.));
#5761=DIRECTION('',(0.,0.,-1.));
#5762=DIRECTION('',(0.,0.,-1.));
#5763=DIRECTION('',(0.,0.,1.));
#5764=DIRECTION('',(0.,0.,-1.));
#5765=DIRECTION('',(0.,0.,-1.));
#5766=DIRECTION('center_axis',(-1.,0.,0.));
#5767=DIRECTION('ref_axis',(0.,-1.,0.));
#5768=DIRECTION('',(0.,0.,-1.));
#5769=DIRECTION('',(0.,1.,0.));
#5770=DIRECTION('center_axis',(0.,1.,0.));
#5771=DIRECTION('ref_axis',(-1.,0.,0.));
#5772=DIRECTION('',(0.,0.,-1.));
#5773=DIRECTION('',(1.,0.,0.));
#5774=DIRECTION('center_axis',(1.,0.,0.));
#5775=DIRECTION('ref_axis',(0.,1.,0.));
#5776=DIRECTION('',(0.,0.,-1.));
#5777=DIRECTION('',(0.,-1.,0.));
#5778=DIRECTION('',(0.,0.,-1.));
#5779=DIRECTION('',(0.,0.,-1.));
#5780=DIRECTION('',(0.,0.,-1.));
#5781=DIRECTION('',(0.,0.,-1.));
#5782=DIRECTION('',(0.,0.,-1.));
#5783=DIRECTION('',(0.,0.,-1.));
#5784=DIRECTION('',(0.,0.,-1.));
#5785=DIRECTION('',(0.,0.,-1.));
#5786=DIRECTION('',(0.,0.,-1.));
#5787=DIRECTION('center_axis',(0.,-1.,0.));
#5788=DIRECTION('ref_axis',(1.,0.,0.));
#5789=DIRECTION('',(0.,0.,-1.));
#5790=DIRECTION('',(-1.,0.,0.));
#5791=DIRECTION('center_axis',(1.,0.,0.));
#5792=DIRECTION('ref_axis',(0.,1.,0.));
#5793=DIRECTION('',(0.,0.,1.));
#5794=DIRECTION('',(0.,-1.,0.));
#5795=DIRECTION('',(0.,0.,-1.));
#5796=DIRECTION('',(0.,0.,-1.));
#5797=DIRECTION('',(0.,0.,-1.));
#5798=DIRECTION('',(0.,0.,-1.));
#5799=DIRECTION('',(0.,0.,-1.));
#5800=DIRECTION('',(0.,0.,-1.));
#5801=DIRECTION('center_axis',(0.,-1.,0.));
#5802=DIRECTION('ref_axis',(1.,0.,0.));
#5803=DIRECTION('',(0.,0.,1.));
#5804=DIRECTION('',(-1.,0.,0.));
#5805=DIRECTION('',(0.,0.,-1.));
#5806=DIRECTION('',(0.,0.,-1.));
#5807=DIRECTION('',(0.,0.,-1.));
#5808=DIRECTION('',(0.,0.,-1.));
#5809=DIRECTION('',(0.,0.,-1.));
#5810=DIRECTION('center_axis',(0.,-1.,0.));
#5811=DIRECTION('ref_axis',(1.,0.,0.));
#5812=DIRECTION('',(0.,0.,-1.));
#5813=DIRECTION('',(-1.,0.,0.));
#5814=DIRECTION('',(0.,0.,-1.));
#5815=DIRECTION('',(0.,0.,-1.));
#5816=DIRECTION('',(0.,0.,-1.));
#5817=DIRECTION('',(0.,0.,-1.));
#5818=DIRECTION('',(0.,0.,-1.));
#5819=DIRECTION('center_axis',(0.,-1.,0.));
#5820=DIRECTION('ref_axis',(1.,0.,0.));
#5821=DIRECTION('',(0.,0.,-1.));
#5822=DIRECTION('',(-1.,0.,0.));
#5823=DIRECTION('',(0.,0.,-1.));
#5824=DIRECTION('',(0.,0.,-1.));
#5825=DIRECTION('',(0.,0.,-1.));
#5826=DIRECTION('',(0.,0.,-1.));
#5827=DIRECTION('',(0.,0.,-1.));
#5828=DIRECTION('',(0.,0.,-1.));
#5829=DIRECTION('',(0.,0.,-1.));
#5830=DIRECTION('',(0.,0.,-1.));
#5831=DIRECTION('',(0.,0.,-1.));
#5832=DIRECTION('',(0.,0.,-1.));
#5833=DIRECTION('center_axis',(0.936507948849727,-0.350646348535497,0.));
#5834=DIRECTION('ref_axis',(0.350646348535496,0.936507948849727,0.));
#5835=DIRECTION('',(0.,0.,1.));
#5836=DIRECTION('',(-0.350646348535496,-0.936507948849727,0.));
#5837=DIRECTION('center_axis',(-0.933183015563908,-0.359401529578064,0.));
#5838=DIRECTION('ref_axis',(0.359401529578064,-0.933183015563907,0.));
#5839=DIRECTION('',(0.,0.,-1.));
#5840=DIRECTION('',(-0.359401529578064,0.933183015563907,0.));
#5841=DIRECTION('',(0.,0.,-1.));
#5842=DIRECTION('center_axis',(0.,-1.,0.));
#5843=DIRECTION('ref_axis',(1.,0.,0.));
#5844=DIRECTION('',(0.,0.,-1.));
#5845=DIRECTION('',(-1.,0.,0.));
#5846=DIRECTION('center_axis',(0.940102027333818,-0.340893206448656,0.));
#5847=DIRECTION('ref_axis',(0.340893206448656,0.940102027333818,0.));
#5848=DIRECTION('',(0.,0.,-1.));
#5849=DIRECTION('',(-0.340893206448656,-0.940102027333818,0.));
#5850=DIRECTION('center_axis',(0.,-1.,0.));
#5851=DIRECTION('ref_axis',(1.,0.,0.));
#5852=DIRECTION('',(0.,0.,1.));
#5853=DIRECTION('',(-1.,0.,0.));
#5854=DIRECTION('',(0.,0.,-1.));
#5855=DIRECTION('',(0.,0.,-1.));
#5856=DIRECTION('',(0.,0.,-1.));
#5857=DIRECTION('',(0.,0.,-1.));
#5858=DIRECTION('center_axis',(0.,-1.,0.));
#5859=DIRECTION('ref_axis',(1.,0.,0.));
#5860=DIRECTION('',(0.,0.,-1.));
#5861=DIRECTION('',(-1.,0.,0.));
#5862=DIRECTION('',(0.,0.,-1.));
#5863=DIRECTION('',(0.,0.,-1.));
#5864=DIRECTION('center_axis',(0.842617619086157,0.538512347124535,0.));
#5865=DIRECTION('ref_axis',(-0.538512347124535,0.842617619086157,0.));
#5866=DIRECTION('',(0.,0.,-1.));
#5867=DIRECTION('',(0.538512347124535,-0.842617619086157,0.));
#5868=DIRECTION('center_axis',(0.,-1.,0.));
#5869=DIRECTION('ref_axis',(1.,0.,0.));
#5870=DIRECTION('',(0.,0.,-1.));
#5871=DIRECTION('',(-1.,0.,0.));
#5872=DIRECTION('center_axis',(-0.843775091761621,-0.536696929861414,0.));
#5873=DIRECTION('ref_axis',(0.536696929861414,-0.843775091761622,0.));
#5874=DIRECTION('',(0.,0.,-1.));
#5875=DIRECTION('',(-0.536696929861414,0.843775091761622,0.));
#5876=DIRECTION('',(0.,0.,-1.));
#5877=DIRECTION('',(0.,0.,-1.));
#5878=DIRECTION('',(0.,0.,-1.));
#5879=DIRECTION('',(0.,0.,-1.));
#5880=DIRECTION('center_axis',(0.,-1.,0.));
#5881=DIRECTION('ref_axis',(1.,0.,0.));
#5882=DIRECTION('',(0.,0.,-1.));
#5883=DIRECTION('',(-1.,0.,0.));
#5884=DIRECTION('center_axis',(1.,0.,0.));
#5885=DIRECTION('ref_axis',(0.,1.,0.));
#5886=DIRECTION('',(0.,0.,-1.));
#5887=DIRECTION('',(0.,-1.,0.));
#5888=DIRECTION('',(0.,0.,-1.));
#5889=DIRECTION('',(0.,0.,-1.));
#5890=DIRECTION('',(0.,0.,-1.));
#5891=DIRECTION('',(0.,0.,-1.));
#5892=DIRECTION('',(0.,0.,1.));
#5893=DIRECTION('',(0.,0.,-1.));
#5894=DIRECTION('',(0.,0.,-1.));
#5895=DIRECTION('',(0.,0.,-1.));
#5896=DIRECTION('',(0.,0.,-1.));
#5897=DIRECTION('',(0.,0.,-1.));
#5898=DIRECTION('',(0.,0.,1.));
#5899=DIRECTION('center_axis',(0.,1.,0.));
#5900=DIRECTION('ref_axis',(-1.,0.,0.));
#5901=DIRECTION('',(0.,0.,-1.));
#5902=DIRECTION('',(1.,0.,0.));
#5903=DIRECTION('',(0.,0.,-1.));
#5904=DIRECTION('center_axis',(1.,0.,0.));
#5905=DIRECTION('ref_axis',(0.,1.,0.));
#5906=DIRECTION('',(0.,0.,-1.));
#5907=DIRECTION('',(0.,-1.,0.));
#5908=DIRECTION('center_axis',(0.,-1.,0.));
#5909=DIRECTION('ref_axis',(1.,0.,0.));
#5910=DIRECTION('',(0.,0.,-1.));
#5911=DIRECTION('',(-1.,0.,0.));
#5912=DIRECTION('center_axis',(1.,0.,0.));
#5913=DIRECTION('ref_axis',(0.,1.,0.));
#5914=DIRECTION('',(0.,0.,-1.));
#5915=DIRECTION('',(0.,-1.,0.));
#5916=DIRECTION('center_axis',(0.,1.,0.));
#5917=DIRECTION('ref_axis',(-1.,0.,0.));
#5918=DIRECTION('',(0.,0.,-1.));
#5919=DIRECTION('',(1.,0.,0.));
#5920=DIRECTION('center_axis',(1.,0.,0.));
#5921=DIRECTION('ref_axis',(0.,1.,0.));
#5922=DIRECTION('',(0.,0.,-1.));
#5923=DIRECTION('',(0.,-1.,0.));
#5924=DIRECTION('center_axis',(0.,-1.,0.));
#5925=DIRECTION('ref_axis',(1.,0.,0.));
#5926=DIRECTION('',(0.,0.,-1.));
#5927=DIRECTION('',(-1.,0.,0.));
#5928=DIRECTION('',(0.,0.,-1.));
#5929=DIRECTION('center_axis',(-1.,1.32647677158289E-15,0.));
#5930=DIRECTION('ref_axis',(-1.32647677158289E-15,-1.,0.));
#5931=DIRECTION('',(0.,0.,-1.));
#5932=DIRECTION('',(1.32647677158289E-15,1.,0.));
#5933=DIRECTION('center_axis',(0.944683594340865,-0.327983088867741,0.));
#5934=DIRECTION('ref_axis',(0.327983088867741,0.944683594340865,0.));
#5935=DIRECTION('',(0.,0.,-1.));
#5936=DIRECTION('',(-0.327983088867741,-0.944683594340865,0.));
#5937=DIRECTION('center_axis',(0.,-1.,0.));
#5938=DIRECTION('ref_axis',(1.,0.,0.));
#5939=DIRECTION('',(0.,0.,-1.));
#5940=DIRECTION('',(-1.,0.,0.));
#5941=DIRECTION('center_axis',(-0.946846736199696,-0.321685029412288,0.));
#5942=DIRECTION('ref_axis',(0.321685029412287,-0.946846736199695,0.));
#5943=DIRECTION('',(0.,0.,-1.));
#5944=DIRECTION('',(-0.321685029412287,0.946846736199695,0.));
#5945=DIRECTION('center_axis',(1.,-1.3041562227514E-15,0.));
#5946=DIRECTION('ref_axis',(1.3041562227514E-15,1.,0.));
#5947=DIRECTION('',(0.,0.,-1.));
#5948=DIRECTION('',(-1.3041562227514E-15,-1.,0.));
#5949=DIRECTION('center_axis',(0.,-1.,0.));
#5950=DIRECTION('ref_axis',(1.,0.,0.));
#5951=DIRECTION('',(0.,0.,1.));
#5952=DIRECTION('',(-1.,0.,0.));
#5953=DIRECTION('center_axis',(1.,-1.25876791884162E-15,0.));
#5954=DIRECTION('ref_axis',(1.25876791884162E-15,1.,0.));
#5955=DIRECTION('',(0.,0.,-1.));
#5956=DIRECTION('',(-1.25876791884162E-15,-1.,0.));
#5957=DIRECTION('',(0.,0.,-1.));
#5958=DIRECTION('center_axis',(0.,1.,0.));
#5959=DIRECTION('ref_axis',(-1.,0.,0.));
#5960=DIRECTION('',(0.,0.,-1.));
#5961=DIRECTION('',(1.,0.,0.));
#5962=DIRECTION('center_axis',(1.,0.,0.));
#5963=DIRECTION('ref_axis',(0.,1.,0.));
#5964=DIRECTION('',(0.,0.,-1.));
#5965=DIRECTION('',(0.,-1.,0.));
#5966=DIRECTION('center_axis',(-0.937302116750143,0.348517921972029,0.));
#5967=DIRECTION('ref_axis',(-0.348517921972029,-0.937302116750143,0.));
#5968=DIRECTION('',(0.,0.,-1.));
#5969=DIRECTION('',(0.348517921972029,0.937302116750143,0.));
#5970=DIRECTION('',(0.,0.,-1.));
#5971=DIRECTION('center_axis',(0.,1.,0.));
#5972=DIRECTION('ref_axis',(-1.,0.,0.));
#5973=DIRECTION('',(0.,0.,-1.));
#5974=DIRECTION('',(1.,0.,0.));
#5975=DIRECTION('center_axis',(0.931167849827018,-0.364590778062925,0.));
#5976=DIRECTION('ref_axis',(0.364590778062925,0.931167849827018,0.));
#5977=DIRECTION('',(0.,0.,-1.));
#5978=DIRECTION('',(-0.364590778062925,-0.931167849827018,0.));
#5979=DIRECTION('center_axis',(0.,-1.,0.));
#5980=DIRECTION('ref_axis',(1.,0.,0.));
#5981=DIRECTION('',(0.,0.,1.));
#5982=DIRECTION('',(-1.,0.,0.));
#5983=DIRECTION('center_axis',(0.,0.,1.));
#5984=DIRECTION('ref_axis',(1.,0.,0.));
#5985=DIRECTION('center_axis',(0.,0.,-1.));
#5986=DIRECTION('ref_axis',(-0.707106781186546,0.707106781186549,0.));
#5987=DIRECTION('',(0.,1.,0.));
#5988=DIRECTION('center_axis',(0.,0.,-1.));
#5989=DIRECTION('ref_axis',(-0.707106781186548,-0.707106781186547,0.));
#5990=DIRECTION('',(-1.,0.,0.));
#5991=DIRECTION('center_axis',(0.,0.,-1.));
#5992=DIRECTION('ref_axis',(0.707106781186546,-0.707106781186549,0.));
#5993=DIRECTION('',(0.,-1.,0.));
#5994=DIRECTION('center_axis',(0.,0.,-1.));
#5995=DIRECTION('ref_axis',(0.707106781186551,0.707106781186544,0.));
#5996=DIRECTION('',(1.,0.,0.));
#5997=DIRECTION('',(-0.361279537706334,0.932457557015169,0.));
#5998=DIRECTION('',(1.,0.,0.));
#5999=DIRECTION('',(0.336840407395871,-0.941561755778867,0.));
#6000=DIRECTION('',(-1.,0.,0.));
#6001=DIRECTION('',(1.11022300808154E-15,1.,0.));
#6002=DIRECTION('',(1.,0.,0.));
#6003=DIRECTION('',(1.11022300808154E-15,1.,0.));
#6004=DIRECTION('',(1.,0.,0.));
#6005=DIRECTION('',(0.317049814034747,-0.948408886198634,0.));
#6006=DIRECTION('',(0.325390736683621,0.945579646820135,0.));
#6007=DIRECTION('',(1.,0.,0.));
#6008=DIRECTION('',(-1.11022300808154E-15,-1.,0.));
#6009=DIRECTION('',(-1.,0.,0.));
#6010=DIRECTION('',(1.11022300808154E-15,1.,0.));
#6011=DIRECTION('',(1.,0.,0.));
#6012=DIRECTION('',(0.,-1.,0.));
#6013=DIRECTION('',(-1.,0.,0.));
#6014=DIRECTION('',(0.,-1.,0.));
#6015=DIRECTION('',(-1.,0.,0.));
#6016=DIRECTION('',(0.,1.,0.));
#6017=DIRECTION('',(1.,0.,0.));
#6018=DIRECTION('',(0.,1.,0.));
#6019=DIRECTION('',(1.,0.,0.));
#6020=DIRECTION('',(0.,1.,0.));
#6021=DIRECTION('',(1.,0.,0.));
#6022=DIRECTION('',(0.,-1.,0.));
#6023=DIRECTION('',(-1.,-1.58603289232165E-16,0.));
#6024=DIRECTION('',(0.,1.,0.));
#6025=DIRECTION('',(1.,0.,0.));
#6026=DIRECTION('',(0.,-1.,0.));
#6027=DIRECTION('',(-1.,0.,0.));
#6028=DIRECTION('',(0.,1.,0.));
#6029=DIRECTION('',(1.,0.,0.));
#6030=DIRECTION('',(0.,-1.,0.));
#6031=DIRECTION('',(-1.,0.,0.));
#6032=DIRECTION('',(0.,1.,0.));
#6033=DIRECTION('',(1.,0.,0.));
#6034=DIRECTION('',(0.,-1.,0.));
#6035=DIRECTION('',(-1.,0.,0.));
#6036=DIRECTION('',(0.,1.,0.));
#6037=DIRECTION('',(1.,0.,0.));
#6038=DIRECTION('',(0.,-1.,0.));
#6039=DIRECTION('',(-1.,0.,0.));
#6040=DIRECTION('',(0.,1.,0.));
#6041=DIRECTION('',(1.,0.,0.));
#6042=DIRECTION('',(0.35850955864858,0.933526055532249,0.));
#6043=DIRECTION('',(1.,0.,0.));
#6044=DIRECTION('',(0.378780434701297,-0.925486565157753,0.));
#6045=DIRECTION('',(-1.,0.,0.));
#6046=DIRECTION('center_axis',(0.,0.,1.));
#6047=DIRECTION('ref_axis',(1.,0.,0.));
#6048=DIRECTION('center_axis',(0.,0.,1.));
#6049=DIRECTION('ref_axis',(1.,0.,0.));
#6050=DIRECTION('',(0.,-1.,0.));
#6051=DIRECTION('',(1.,0.,0.));
#6052=DIRECTION('center_axis',(0.,0.,1.));
#6053=DIRECTION('ref_axis',(1.,0.,0.));
#6054=DIRECTION('',(1.,0.,0.));
#6055=DIRECTION('',(-0.352639470156023,0.935759266097899,0.));
#6056=DIRECTION('center_axis',(0.,0.,1.));
#6057=DIRECTION('ref_axis',(1.,0.,0.));
#6058=DIRECTION('',(0.,-1.,0.));
#6059=DIRECTION('',(1.,0.,0.));
#6060=DIRECTION('center_axis',(0.,0.,1.));
#6061=DIRECTION('ref_axis',(1.,0.,0.));
#6062=DIRECTION('',(0.,-1.,0.));
#6063=DIRECTION('',(1.,0.,0.));
#6064=DIRECTION('center_axis',(0.,0.,1.));
#6065=DIRECTION('ref_axis',(1.,0.,0.));
#6066=DIRECTION('',(1.,0.,0.));
#6067=DIRECTION('center_axis',(-0.0129823275014568,-0.999915726035272,0.));
#6068=DIRECTION('ref_axis',(-0.999915726035272,0.0129823275014568,0.));
#6069=DIRECTION('',(0.999915726035272,-0.0129823275014568,0.));
#6070=DIRECTION('',(0.,0.,-1.));
#6071=DIRECTION('',(-0.999915726035272,0.0129823275014568,0.));
#6072=DIRECTION('',(0.,0.,-1.));
#6073=DIRECTION('center_axis',(0.999915726035272,-0.012982327501458,0.));
#6074=DIRECTION('ref_axis',(-0.012982327501458,-0.999915726035272,0.));
#6075=DIRECTION('',(0.012982327501458,0.999915726035272,0.));
#6076=DIRECTION('',(-0.012982327501458,-0.999915726035272,0.));
#6077=DIRECTION('',(0.,0.,-1.));
#6078=DIRECTION('center_axis',(0.00347379989969733,-0.999993966338926,0.));
#6079=DIRECTION('ref_axis',(-0.999993966338926,-0.00347379989969733,0.));
#6080=DIRECTION('',(0.999993966338926,0.00347379989969733,0.));
#6081=DIRECTION('',(0.,0.,-1.));
#6082=DIRECTION('',(-0.999993966338926,-0.00347379989969733,0.));
#6083=DIRECTION('',(0.,0.,-1.));
#6084=DIRECTION('center_axis',(0.999993966338926,0.00347379989969822,0.));
#6085=DIRECTION('ref_axis',(0.00347379989969822,-0.999993966338926,0.));
#6086=DIRECTION('',(-0.00347379989969822,0.999993966338926,0.));
#6087=DIRECTION('',(0.00347379989969822,-0.999993966338926,0.));
#6088=DIRECTION('',(0.,0.,-1.));
#6089=DIRECTION('center_axis',(0.00347379989969798,-0.999993966338926,0.));
#6090=DIRECTION('ref_axis',(-0.999993966338926,-0.00347379989969798,0.));
#6091=DIRECTION('',(0.999993966338926,0.00347379989969798,0.));
#6092=DIRECTION('',(-0.999993966338926,-0.00347379989969798,0.));
#6093=DIRECTION('',(0.,0.,-1.));
#6094=DIRECTION('center_axis',(0.999993966338926,0.00347379989969772,0.));
#6095=DIRECTION('ref_axis',(0.00347379989969772,-0.999993966338926,0.));
#6096=DIRECTION('',(-0.00347379989969772,0.999993966338926,0.));
#6097=DIRECTION('',(0.00347379989969772,-0.999993966338926,0.));
#6098=DIRECTION('',(0.,0.,-1.));
#6099=DIRECTION('center_axis',(-0.00347379989969798,0.999993966338926,0.));
#6100=DIRECTION('ref_axis',(0.999993966338926,0.00347379989969798,0.));
#6101=DIRECTION('',(-0.999993966338926,-0.00347379989969798,0.));
#6102=DIRECTION('',(0.999993966338926,0.00347379989969798,0.));
#6103=DIRECTION('',(0.,0.,-1.));
#6104=DIRECTION('center_axis',(0.999993966338926,0.00347379989969871,0.));
#6105=DIRECTION('ref_axis',(0.00347379989969871,-0.999993966338926,0.));
#6106=DIRECTION('',(-0.00347379989969871,0.999993966338926,0.));
#6107=DIRECTION('',(0.00347379989969871,-0.999993966338926,0.));
#6108=DIRECTION('',(0.,0.,-1.));
#6109=DIRECTION('center_axis',(-0.0207174641793461,-0.999785370306036,0.));
#6110=DIRECTION('ref_axis',(-0.999785370306036,0.0207174641793461,0.));
#6111=DIRECTION('',(0.999785370306036,-0.0207174641793461,0.));
#6112=DIRECTION('',(0.,0.,-1.));
#6113=DIRECTION('',(-0.999785370306036,0.0207174641793461,0.));
#6114=DIRECTION('',(0.,0.,-1.));
#6115=DIRECTION('center_axis',(0.999785370306036,-0.0207174641793497,0.));
#6116=DIRECTION('ref_axis',(-0.0207174641793497,-0.999785370306036,0.));
#6117=DIRECTION('',(0.0207174641793497,0.999785370306036,0.));
#6118=DIRECTION('',(-0.0207174641793497,-0.999785370306036,0.));
#6119=DIRECTION('',(0.,0.,-1.));
#6120=DIRECTION('center_axis',(-0.0207174641793529,-0.999785370306036,0.));
#6121=DIRECTION('ref_axis',(-0.999785370306036,0.0207174641793529,0.));
#6122=DIRECTION('',(0.999785370306036,-0.0207174641793529,0.));
#6123=DIRECTION('',(-0.999785370306036,0.0207174641793529,0.));
#6124=DIRECTION('',(0.,0.,-1.));
#6125=DIRECTION('center_axis',(0.999785370306036,-0.0207174641793492,0.));
#6126=DIRECTION('ref_axis',(-0.0207174641793492,-0.999785370306036,0.));
#6127=DIRECTION('',(0.0207174641793492,0.999785370306036,0.));
#6128=DIRECTION('',(-0.0207174641793492,-0.999785370306036,0.));
#6129=DIRECTION('',(0.,0.,-1.));
#6130=DIRECTION('center_axis',(0.0207174641793529,0.999785370306036,0.));
#6131=DIRECTION('ref_axis',(0.999785370306036,-0.0207174641793529,0.));
#6132=DIRECTION('',(-0.999785370306036,0.0207174641793529,0.));
#6133=DIRECTION('',(0.999785370306036,-0.0207174641793529,0.));
#6134=DIRECTION('',(0.,0.,-1.));
#6135=DIRECTION('center_axis',(0.999785370306036,-0.0207174641793496,0.));
#6136=DIRECTION('ref_axis',(-0.0207174641793496,-0.999785370306036,0.));
#6137=DIRECTION('',(0.0207174641793496,0.999785370306036,0.));
#6138=DIRECTION('',(-0.0207174641793496,-0.999785370306036,0.));
#6139=DIRECTION('',(0.,0.,-1.));
#6140=DIRECTION('center_axis',(0.0323470558293234,-0.999476697066607,0.));
#6141=DIRECTION('ref_axis',(-0.999476697066607,-0.0323470558293234,0.));
#6142=DIRECTION('',(0.999476697066607,0.0323470558293234,0.));
#6143=DIRECTION('',(0.,0.,-1.));
#6144=DIRECTION('',(-0.999476697066607,-0.0323470558293234,0.));
#6145=DIRECTION('',(0.,0.,-1.));
#6146=DIRECTION('center_axis',(0.999476697066607,0.0323470558293238,0.));
#6147=DIRECTION('ref_axis',(0.0323470558293238,-0.999476697066607,0.));
#6148=DIRECTION('',(-0.0323470558293238,0.999476697066607,0.));
#6149=DIRECTION('',(0.0323470558293238,-0.999476697066607,0.));
#6150=DIRECTION('',(0.,0.,-1.));
#6151=DIRECTION('center_axis',(-0.999915726035272,0.012982327501458,0.));
#6152=DIRECTION('ref_axis',(0.012982327501458,0.999915726035272,0.));
#6153=DIRECTION('',(-0.012982327501458,-0.999915726035272,0.));
#6154=DIRECTION('',(0.,0.,-1.));
#6155=DIRECTION('',(0.012982327501458,0.999915726035272,0.));
#6156=DIRECTION('center_axis',(0.0129823275014568,0.999915726035272,0.));
#6157=DIRECTION('ref_axis',(0.999915726035272,-0.0129823275014568,0.));
#6158=DIRECTION('',(-0.999915726035272,0.0129823275014568,0.));
#6159=DIRECTION('',(0.999915726035272,-0.0129823275014568,0.));
#6160=DIRECTION('center_axis',(-0.999993966338926,-0.00347379989969822,
0.));
#6161=DIRECTION('ref_axis',(-0.00347379989969822,0.999993966338926,0.));
#6162=DIRECTION('',(0.00347379989969822,-0.999993966338926,0.));
#6163=DIRECTION('',(0.,0.,-1.));
#6164=DIRECTION('',(-0.00347379989969822,0.999993966338926,0.));
#6165=DIRECTION('center_axis',(0.00347379989970023,-0.999993966338926,0.));
#6166=DIRECTION('ref_axis',(-0.999993966338926,-0.00347379989970023,0.));
#6167=DIRECTION('',(0.999993966338926,0.00347379989970023,0.));
#6168=DIRECTION('',(0.,0.,-1.));
#6169=DIRECTION('',(-0.999993966338926,-0.00347379989970023,0.));
#6170=DIRECTION('center_axis',(-0.999993966338926,-0.00347379989969772,
0.));
#6171=DIRECTION('ref_axis',(-0.00347379989969772,0.999993966338926,0.));
#6172=DIRECTION('',(0.00347379989969772,-0.999993966338926,0.));
#6173=DIRECTION('',(0.,0.,-1.));
#6174=DIRECTION('',(-0.00347379989969772,0.999993966338926,0.));
#6175=DIRECTION('center_axis',(-0.00347379989970023,0.999993966338926,0.));
#6176=DIRECTION('ref_axis',(0.999993966338926,0.00347379989970023,0.));
#6177=DIRECTION('',(-0.999993966338926,-0.00347379989970023,0.));
#6178=DIRECTION('',(0.,0.,-1.));
#6179=DIRECTION('',(0.999993966338926,0.00347379989970023,0.));
#6180=DIRECTION('center_axis',(-0.999993966338926,-0.00347379989969871,
0.));
#6181=DIRECTION('ref_axis',(-0.00347379989969871,0.999993966338926,0.));
#6182=DIRECTION('',(0.00347379989969871,-0.999993966338926,0.));
#6183=DIRECTION('',(0.,0.,-1.));
#6184=DIRECTION('',(-0.00347379989969871,0.999993966338926,0.));
#6185=DIRECTION('center_axis',(-0.00347379989969733,0.999993966338926,0.));
#6186=DIRECTION('ref_axis',(0.999993966338926,0.00347379989969733,0.));
#6187=DIRECTION('',(-0.999993966338926,-0.00347379989969733,0.));
#6188=DIRECTION('',(0.999993966338926,0.00347379989969733,0.));
#6189=DIRECTION('center_axis',(-0.999785370306036,0.0207174641793497,0.));
#6190=DIRECTION('ref_axis',(0.0207174641793497,0.999785370306036,0.));
#6191=DIRECTION('',(-0.0207174641793497,-0.999785370306036,0.));
#6192=DIRECTION('',(0.,0.,-1.));
#6193=DIRECTION('',(0.0207174641793497,0.999785370306036,0.));
#6194=DIRECTION('center_axis',(-0.0207174641793484,-0.999785370306036,0.));
#6195=DIRECTION('ref_axis',(-0.999785370306036,0.0207174641793484,0.));
#6196=DIRECTION('',(0.999785370306036,-0.0207174641793484,0.));
#6197=DIRECTION('',(0.,0.,-1.));
#6198=DIRECTION('',(-0.999785370306036,0.0207174641793484,0.));
#6199=DIRECTION('center_axis',(-0.999785370306036,0.0207174641793495,0.));
#6200=DIRECTION('ref_axis',(0.0207174641793495,0.999785370306036,0.));
#6201=DIRECTION('',(-0.0207174641793495,-0.999785370306036,0.));
#6202=DIRECTION('',(0.,0.,-1.));
#6203=DIRECTION('',(0.0207174641793495,0.999785370306036,0.));
#6204=DIRECTION('center_axis',(0.0207174641793484,0.999785370306036,0.));
#6205=DIRECTION('ref_axis',(0.999785370306036,-0.0207174641793484,0.));
#6206=DIRECTION('',(-0.999785370306036,0.0207174641793484,0.));
#6207=DIRECTION('',(0.,0.,-1.));
#6208=DIRECTION('',(0.999785370306036,-0.0207174641793484,0.));
#6209=DIRECTION('center_axis',(-0.999785370306036,0.0207174641793494,0.));
#6210=DIRECTION('ref_axis',(0.0207174641793494,0.999785370306036,0.));
#6211=DIRECTION('',(-0.0207174641793494,-0.999785370306036,0.));
#6212=DIRECTION('',(0.,0.,-1.));
#6213=DIRECTION('',(0.0207174641793494,0.999785370306036,0.));
#6214=DIRECTION('center_axis',(0.0207174641793461,0.999785370306036,0.));
#6215=DIRECTION('ref_axis',(0.999785370306036,-0.0207174641793461,0.));
#6216=DIRECTION('',(-0.999785370306036,0.0207174641793461,0.));
#6217=DIRECTION('',(0.999785370306036,-0.0207174641793461,0.));
#6218=DIRECTION('center_axis',(-0.999476697066607,-0.0323470558293238,0.));
#6219=DIRECTION('ref_axis',(-0.0323470558293238,0.999476697066607,0.));
#6220=DIRECTION('',(0.0323470558293238,-0.999476697066607,0.));
#6221=DIRECTION('',(0.,0.,-1.));
#6222=DIRECTION('',(-0.0323470558293238,0.999476697066607,0.));
#6223=DIRECTION('center_axis',(-0.0323470558293234,0.999476697066607,0.));
#6224=DIRECTION('ref_axis',(0.999476697066607,0.0323470558293234,0.));
#6225=DIRECTION('',(-0.999476697066607,-0.0323470558293234,0.));
#6226=DIRECTION('',(0.999476697066607,0.0323470558293234,0.));
#6227=DIRECTION('center_axis',(0.,0.,1.));
#6228=DIRECTION('ref_axis',(1.,0.,0.));
#6229=DIRECTION('center_axis',(0.,0.,-1.));
#6230=DIRECTION('ref_axis',(0.70710678118655,0.707106781186545,0.));
#6231=DIRECTION('',(1.,0.,0.));
#6232=DIRECTION('center_axis',(0.,0.,-1.));
#6233=DIRECTION('ref_axis',(-0.707106781186546,0.707106781186549,0.));
#6234=DIRECTION('',(0.,1.,0.));
#6235=DIRECTION('center_axis',(0.,0.,-1.));
#6236=DIRECTION('ref_axis',(-0.707106781186547,-0.707106781186548,0.));
#6237=DIRECTION('',(-1.,0.,0.));
#6238=DIRECTION('center_axis',(0.,0.,-1.));
#6239=DIRECTION('ref_axis',(0.707106781186548,-0.707106781186547,0.));
#6240=DIRECTION('',(0.,-1.,0.));
#6241=DIRECTION('',(1.,0.,0.));
#6242=DIRECTION('center_axis',(0.,0.,1.));
#6243=DIRECTION('ref_axis',(-0.707106781186548,-0.707106781186547,0.));
#6244=DIRECTION('',(0.,-1.,0.));
#6245=DIRECTION('center_axis',(0.,0.,1.));
#6246=DIRECTION('ref_axis',(-0.707106781186546,0.707106781186549,0.));
#6247=DIRECTION('',(-1.,0.,0.));
#6248=DIRECTION('center_axis',(0.,0.,1.));
#6249=DIRECTION('ref_axis',(0.707106781186551,0.707106781186544,0.));
#6250=DIRECTION('',(0.,1.,0.));
#6251=DIRECTION('center_axis',(0.,0.,1.));
#6252=DIRECTION('ref_axis',(0.707106781186546,-0.707106781186549,0.));
#6253=DIRECTION('center_axis',(0.,0.,1.));
#6254=DIRECTION('ref_axis',(-0.707106781186546,0.707106781186549,0.));
#6255=DIRECTION('',(0.,0.,-1.));
#6256=DIRECTION('',(0.,0.,-1.));
#6257=DIRECTION('center_axis',(1.,0.,0.));
#6258=DIRECTION('ref_axis',(0.,1.,0.));
#6259=DIRECTION('',(0.,0.,-1.));
#6260=DIRECTION('center_axis',(0.,0.,1.));
#6261=DIRECTION('ref_axis',(-0.707106781186548,-0.707106781186547,0.));
#6262=DIRECTION('',(0.,0.,-1.));
#6263=DIRECTION('center_axis',(0.,1.,0.));
#6264=DIRECTION('ref_axis',(-1.,0.,0.));
#6265=DIRECTION('',(0.,0.,-1.));
#6266=DIRECTION('center_axis',(-1.,0.,0.));
#6267=DIRECTION('ref_axis',(0.,-1.,0.));
#6268=DIRECTION('',(0.,0.,1.));
#6269=DIRECTION('',(0.,1.,0.));
#6270=DIRECTION('',(0.,0.,-1.));
#6271=DIRECTION('center_axis',(0.,0.,1.));
#6272=DIRECTION('ref_axis',(-0.707106781186546,0.707106781186549,0.));
#6273=DIRECTION('',(0.,0.,-1.));
#6274=DIRECTION('center_axis',(0.,0.,1.));
#6275=DIRECTION('ref_axis',(-0.707106781186546,0.707106781186549,0.));
#6276=DIRECTION('center_axis',(0.,1.,0.));
#6277=DIRECTION('ref_axis',(-1.,0.,0.));
#6278=DIRECTION('',(0.,0.,1.));
#6279=DIRECTION('',(1.,0.,0.));
#6280=DIRECTION('center_axis',(0.,0.,1.));
#6281=DIRECTION('ref_axis',(0.70710678118655,0.707106781186545,0.));
#6282=DIRECTION('',(0.,0.,-1.));
#6283=DIRECTION('center_axis',(0.,0.,1.));
#6284=DIRECTION('ref_axis',(0.70710678118655,0.707106781186545,0.));
#6285=DIRECTION('center_axis',(0.,0.,1.));
#6286=DIRECTION('ref_axis',(1.,0.,0.));
#6287=DIRECTION('center_axis',(-1.,0.,0.));
#6288=DIRECTION('ref_axis',(0.,-1.,0.));
#6289=DIRECTION('',(0.,-1.,0.));
#6290=DIRECTION('',(0.,0.,1.));
#6291=DIRECTION('',(0.,0.,1.));
#6292=DIRECTION('center_axis',(0.,-1.,0.));
#6293=DIRECTION('ref_axis',(1.,0.,0.));
#6294=DIRECTION('',(1.,0.,0.));
#6295=DIRECTION('',(0.,0.,1.));
#6296=DIRECTION('center_axis',(1.,0.,0.));
#6297=DIRECTION('ref_axis',(0.,1.,0.));
#6298=DIRECTION('',(0.,1.,0.));
#6299=DIRECTION('',(0.,0.,1.));
#6300=DIRECTION('center_axis',(0.,1.,0.));
#6301=DIRECTION('ref_axis',(-1.,0.,0.));
#6302=DIRECTION('',(-1.,0.,0.));
#6303=DIRECTION('center_axis',(-1.,0.,0.));
#6304=DIRECTION('ref_axis',(0.,-1.,0.));
#6305=DIRECTION('',(0.,-1.,0.));
#6306=DIRECTION('',(0.,0.,1.));
#6307=DIRECTION('',(0.,0.,1.));
#6308=DIRECTION('center_axis',(0.,-1.,0.));
#6309=DIRECTION('ref_axis',(1.,0.,0.));
#6310=DIRECTION('',(1.,0.,0.));
#6311=DIRECTION('',(0.,0.,1.));
#6312=DIRECTION('center_axis',(1.,0.,0.));
#6313=DIRECTION('ref_axis',(0.,1.,0.));
#6314=DIRECTION('',(0.,1.,0.));
#6315=DIRECTION('',(0.,0.,1.));
#6316=DIRECTION('center_axis',(0.,1.,0.));
#6317=DIRECTION('ref_axis',(-1.,0.,0.));
#6318=DIRECTION('',(-1.,0.,0.));
#6319=DIRECTION('center_axis',(-1.,0.,0.));
#6320=DIRECTION('ref_axis',(0.,-1.,0.));
#6321=DIRECTION('',(0.,-1.,0.));
#6322=DIRECTION('',(0.,0.,1.));
#6323=DIRECTION('',(0.,0.,1.));
#6324=DIRECTION('center_axis',(0.,-1.,0.));
#6325=DIRECTION('ref_axis',(1.,0.,0.));
#6326=DIRECTION('',(1.,0.,0.));
#6327=DIRECTION('',(0.,0.,1.));
#6328=DIRECTION('center_axis',(1.,0.,0.));
#6329=DIRECTION('ref_axis',(0.,1.,0.));
#6330=DIRECTION('',(0.,1.,0.));
#6331=DIRECTION('',(0.,0.,1.));
#6332=DIRECTION('center_axis',(0.,1.,0.));
#6333=DIRECTION('ref_axis',(-1.,0.,0.));
#6334=DIRECTION('',(-1.,0.,0.));
#6335=DIRECTION('center_axis',(-1.,0.,0.));
#6336=DIRECTION('ref_axis',(0.,-1.,0.));
#6337=DIRECTION('',(0.,-1.,0.));
#6338=DIRECTION('',(0.,0.,1.));
#6339=DIRECTION('',(0.,0.,1.));
#6340=DIRECTION('center_axis',(0.,-1.,0.));
#6341=DIRECTION('ref_axis',(1.,0.,0.));
#6342=DIRECTION('',(1.,0.,0.));
#6343=DIRECTION('',(0.,0.,1.));
#6344=DIRECTION('center_axis',(1.,0.,0.));
#6345=DIRECTION('ref_axis',(0.,1.,0.));
#6346=DIRECTION('',(0.,1.,0.));
#6347=DIRECTION('',(0.,0.,1.));
#6348=DIRECTION('center_axis',(-1.58603289232165E-16,1.,0.));
#6349=DIRECTION('ref_axis',(-1.,-1.58603289232165E-16,0.));
#6350=DIRECTION('',(-1.,-1.58603289232165E-16,0.));
#6351=DIRECTION('center_axis',(0.,-1.,0.));
#6352=DIRECTION('ref_axis',(1.,0.,0.));
#6353=DIRECTION('',(0.,0.,-1.));
#6354=DIRECTION('center_axis',(0.,0.,1.));
#6355=DIRECTION('ref_axis',(0.707106781186551,0.707106781186544,0.));
#6356=DIRECTION('',(0.,0.,-1.));
#6357=DIRECTION('center_axis',(-1.,0.,0.));
#6358=DIRECTION('ref_axis',(0.,-1.,0.));
#6359=DIRECTION('',(0.,0.,-1.));
#6360=DIRECTION('center_axis',(0.,0.,1.));
#6361=DIRECTION('ref_axis',(0.707106781186546,-0.707106781186549,0.));
#6362=DIRECTION('center_axis',(1.,0.,0.));
#6363=DIRECTION('ref_axis',(0.,1.,0.));
#6364=DIRECTION('',(0.,-1.,0.));
#6365=DIRECTION('',(0.,0.,1.));
#6366=DIRECTION('',(0.,-1.,0.));
#6367=DIRECTION('',(0.,0.,1.));
#6368=DIRECTION('center_axis',(0.,-1.,0.));
#6369=DIRECTION('ref_axis',(1.,0.,0.));
#6370=DIRECTION('',(-1.,0.,0.));
#6371=DIRECTION('',(0.,0.,1.));
#6372=DIRECTION('',(-1.,0.,0.));
#6373=DIRECTION('center_axis',(0.,1.,0.));
#6374=DIRECTION('ref_axis',(-1.,0.,0.));
#6375=DIRECTION('',(1.,0.,0.));
#6376=DIRECTION('',(0.,0.,1.));
#6377=DIRECTION('',(1.,0.,0.));
#6378=DIRECTION('center_axis',(0.,0.,1.));
#6379=DIRECTION('ref_axis',(1.,0.,0.));
#6380=DIRECTION('',(0.,1.,0.));
#6381=DIRECTION('center_axis',(-1.,0.,0.));
#6382=DIRECTION('ref_axis',(0.,-1.,0.));
#6383=DIRECTION('',(0.,1.,0.));
#6384=DIRECTION('center_axis',(0.,0.,1.));
#6385=DIRECTION('ref_axis',(-1.,0.,0.));
#6386=DIRECTION('center_axis',(0.,0.,1.));
#6387=DIRECTION('ref_axis',(-1.,0.,0.));
#6388=DIRECTION('center_axis',(0.,0.,1.));
#6389=DIRECTION('ref_axis',(-1.,0.,0.));
#6390=DIRECTION('center_axis',(0.,0.,1.));
#6391=DIRECTION('ref_axis',(-1.,0.,0.));
#6392=DIRECTION('center_axis',(0.,0.,1.));
#6393=DIRECTION('ref_axis',(1.,0.,0.));
#6394=DIRECTION('',(0.,1.,0.));
#6395=DIRECTION('center_axis',(0.,0.,1.));
#6396=DIRECTION('ref_axis',(0.707106781186548,-0.707106781186547,0.));
#6397=DIRECTION('',(1.,0.,0.));
#6398=DIRECTION('center_axis',(0.,0.,1.));
#6399=DIRECTION('ref_axis',(-0.707106781186547,-0.707106781186548,0.));
#6400=DIRECTION('center_axis',(0.,0.,1.));
#6401=DIRECTION('ref_axis',(-0.707106781186547,-0.707106781186548,0.));
#6402=DIRECTION('',(0.,0.,1.));
#6403=DIRECTION('center_axis',(0.,-1.,0.));
#6404=DIRECTION('ref_axis',(1.,0.,0.));
#6405=DIRECTION('',(0.,0.,-1.));
#6406=DIRECTION('center_axis',(0.,0.,1.));
#6407=DIRECTION('ref_axis',(0.707106781186548,-0.707106781186547,0.));
#6408=DIRECTION('',(0.,0.,1.));
#6409=DIRECTION('center_axis',(1.,0.,0.));
#6410=DIRECTION('ref_axis',(0.,1.,0.));
#6411=DIRECTION('',(0.,0.,-1.));
#6412=DIRECTION('',(0.,0.,-1.));
#6413=DIRECTION('',(0.,0.,-1.));
#6414=DIRECTION('',(0.,0.,-1.));
#6415=DIRECTION('',(0.,0.,-1.));
#6416=DIRECTION('',(0.,0.,-1.));
#6417=DIRECTION('',(0.,0.,-1.));
#6418=DIRECTION('',(0.,0.,-1.));
#6419=DIRECTION('',(0.,0.,-1.));
#6420=DIRECTION('center_axis',(0.,1.,0.));
#6421=DIRECTION('ref_axis',(-1.,0.,0.));
#6422=DIRECTION('',(0.,0.,-1.));
#6423=DIRECTION('',(0.,0.,1.));
#6424=DIRECTION('center_axis',(1.,0.,0.));
#6425=DIRECTION('ref_axis',(0.,1.,0.));
#6426=DIRECTION('',(0.,0.,-1.));
#6427=DIRECTION('',(0.,0.,-1.));
#6428=DIRECTION('',(0.,0.,-1.));
#6429=DIRECTION('',(0.,0.,-1.));
#6430=DIRECTION('',(0.,0.,-1.));
#6431=DIRECTION('center_axis',(-1.,0.,0.));
#6432=DIRECTION('ref_axis',(0.,-1.,0.));
#6433=DIRECTION('',(0.,0.,-1.));
#6434=DIRECTION('',(0.,0.,-1.));
#6435=DIRECTION('',(0.,0.,-1.));
#6436=DIRECTION('',(0.,0.,-1.));
#6437=DIRECTION('center_axis',(0.,1.,0.));
#6438=DIRECTION('ref_axis',(-1.,0.,0.));
#6439=DIRECTION('',(0.,0.,-1.));
#6440=DIRECTION('center_axis',(-1.,0.,0.));
#6441=DIRECTION('ref_axis',(0.,-1.,0.));
#6442=DIRECTION('',(0.,0.,-1.));
#6443=DIRECTION('',(0.,0.,-1.));
#6444=DIRECTION('',(0.,0.,-1.));
#6445=DIRECTION('',(0.,0.,-1.));
#6446=DIRECTION('center_axis',(0.,1.,0.));
#6447=DIRECTION('ref_axis',(-1.,0.,0.));
#6448=DIRECTION('center_axis',(0.,1.,0.));
#6449=DIRECTION('ref_axis',(-1.,0.,0.));
#6450=DIRECTION('',(0.,0.,-1.));
#6451=DIRECTION('',(0.,0.,1.));
#6452=DIRECTION('',(0.,0.,-1.));
#6453=DIRECTION('center_axis',(1.,0.,0.));
#6454=DIRECTION('ref_axis',(0.,1.,0.));
#6455=DIRECTION('center_axis',(0.,1.,0.));
#6456=DIRECTION('ref_axis',(-1.,0.,0.));
#6457=DIRECTION('',(0.,0.,-1.));
#6458=DIRECTION('',(0.,0.,1.));
#6459=DIRECTION('',(0.,0.,-1.));
#6460=DIRECTION('',(0.,0.,-1.));
#6461=DIRECTION('center_axis',(1.,0.,0.));
#6462=DIRECTION('ref_axis',(0.,1.,0.));
#6463=DIRECTION('center_axis',(-1.,0.,0.));
#6464=DIRECTION('ref_axis',(0.,-1.,0.));
#6465=DIRECTION('',(0.,0.,-1.));
#6466=DIRECTION('',(0.,0.,1.));
#6467=DIRECTION('center_axis',(0.,1.,0.));
#6468=DIRECTION('ref_axis',(-1.,0.,0.));
#6469=DIRECTION('',(0.,0.,-1.));
#6470=DIRECTION('',(0.,0.,-1.));
#6471=DIRECTION('',(0.,0.,-1.));
#6472=DIRECTION('',(0.,0.,-1.));
#6473=DIRECTION('center_axis',(0.,-1.,0.));
#6474=DIRECTION('ref_axis',(1.,0.,0.));
#6475=DIRECTION('center_axis',(0.,-1.,0.));
#6476=DIRECTION('ref_axis',(1.,0.,0.));
#6477=DIRECTION('',(0.,0.,-1.));
#6478=DIRECTION('center_axis',(0.925486565157753,0.378780434701297,0.));
#6479=DIRECTION('ref_axis',(-0.378780434701297,0.925486565157753,0.));
#6480=DIRECTION('',(0.,0.,-1.));
#6481=DIRECTION('center_axis',(0.,1.,0.));
#6482=DIRECTION('ref_axis',(-1.,0.,0.));
#6483=DIRECTION('',(0.,0.,-1.));
#6484=DIRECTION('center_axis',(-0.93352605553225,0.35850955864858,0.));
#6485=DIRECTION('ref_axis',(-0.35850955864858,-0.93352605553225,0.));
#6486=DIRECTION('',(0.,0.,-1.));
#6487=DIRECTION('center_axis',(-0.935759266097899,-0.352639470156023,0.));
#6488=DIRECTION('ref_axis',(0.352639470156023,-0.935759266097899,0.));
#6489=DIRECTION('',(0.,0.,-1.));
#6490=DIRECTION('center_axis',(0.,1.,0.));
#6491=DIRECTION('ref_axis',(-1.,0.,0.));
#6492=DIRECTION('center_axis',(0.,1.,0.));
#6493=DIRECTION('ref_axis',(-1.,0.,0.));
#6494=DIRECTION('',(0.,0.,-1.));
#6495=DIRECTION('',(0.,0.,1.));
#6496=DIRECTION('',(0.,0.,-1.));
#6497=DIRECTION('center_axis',(1.,0.,0.));
#6498=DIRECTION('ref_axis',(0.,1.,0.));
#6499=DIRECTION('center_axis',(-1.,0.,0.));
#6500=DIRECTION('ref_axis',(0.,-1.,0.));
#6501=DIRECTION('',(0.,0.,-1.));
#6502=DIRECTION('',(0.,0.,1.));
#6503=DIRECTION('center_axis',(0.,1.,0.));
#6504=DIRECTION('ref_axis',(-1.,0.,0.));
#6505=DIRECTION('',(0.,0.,-1.));
#6506=DIRECTION('',(0.,0.,-1.));
#6507=DIRECTION('',(0.,0.,-1.));
#6508=DIRECTION('',(0.,0.,-1.));
#6509=DIRECTION('',(0.,0.,-1.));
#6510=DIRECTION('',(0.,0.,-1.));
#6511=DIRECTION('center_axis',(0.,-1.,0.));
#6512=DIRECTION('ref_axis',(1.,0.,0.));
#6513=DIRECTION('',(0.,0.,-1.));
#6514=DIRECTION('',(0.,0.,-1.));
#6515=DIRECTION('',(0.,0.,-1.));
#6516=DIRECTION('',(0.,0.,-1.));
#6517=DIRECTION('',(0.,0.,-1.));
#6518=DIRECTION('',(0.,0.,-1.));
#6519=DIRECTION('',(0.,0.,-1.));
#6520=DIRECTION('',(0.,0.,-1.));
#6521=DIRECTION('',(0.,0.,-1.));
#6522=DIRECTION('center_axis',(-1.,1.11022300808154E-15,0.));
#6523=DIRECTION('ref_axis',(-1.11022300808154E-15,-1.,0.));
#6524=DIRECTION('',(0.,0.,-1.));
#6525=DIRECTION('',(0.,0.,1.));
#6526=DIRECTION('center_axis',(0.,1.,0.));
#6527=DIRECTION('ref_axis',(-1.,0.,0.));
#6528=DIRECTION('',(0.,0.,-1.));
#6529=DIRECTION('center_axis',(1.,0.,0.));
#6530=DIRECTION('ref_axis',(0.,1.,0.));
#6531=DIRECTION('',(0.,0.,-1.));
#6532=DIRECTION('center_axis',(0.,-1.,0.));
#6533=DIRECTION('ref_axis',(1.,0.,0.));
#6534=DIRECTION('',(0.,0.,-1.));
#6535=DIRECTION('center_axis',(1.,0.,0.));
#6536=DIRECTION('ref_axis',(0.,1.,0.));
#6537=DIRECTION('center_axis',(0.,-1.,0.));
#6538=DIRECTION('ref_axis',(1.,0.,0.));
#6539=DIRECTION('center_axis',(1.,-1.11022300808154E-15,0.));
#6540=DIRECTION('ref_axis',(1.11022300808154E-15,1.,0.));
#6541=DIRECTION('',(0.,0.,-1.));
#6542=DIRECTION('center_axis',(0.,1.,0.));
#6543=DIRECTION('ref_axis',(-1.,0.,0.));
#6544=DIRECTION('',(0.,0.,-1.));
#6545=DIRECTION('center_axis',(-0.945579646820135,0.325390736683621,0.));
#6546=DIRECTION('ref_axis',(-0.325390736683621,-0.945579646820135,0.));
#6547=DIRECTION('',(0.,0.,-1.));
#6548=DIRECTION('',(0.,0.,-1.));
#6549=DIRECTION('',(0.,0.,-1.));
#6550=DIRECTION('center_axis',(0.948408886198634,0.317049814034747,0.));
#6551=DIRECTION('ref_axis',(-0.317049814034747,0.948408886198634,0.));
#6552=DIRECTION('',(0.,0.,-1.));
#6553=DIRECTION('center_axis',(0.,1.,0.));
#6554=DIRECTION('ref_axis',(-1.,0.,0.));
#6555=DIRECTION('',(0.,0.,-1.));
#6556=DIRECTION('center_axis',(-1.,1.11022300808154E-15,0.));
#6557=DIRECTION('ref_axis',(-1.11022300808154E-15,-1.,0.));
#6558=DIRECTION('center_axis',(-1.,1.11022300808154E-15,0.));
#6559=DIRECTION('ref_axis',(-1.11022300808154E-15,-1.,0.));
#6560=DIRECTION('',(0.,0.,-1.));
#6561=DIRECTION('',(0.,0.,1.));
#6562=DIRECTION('center_axis',(0.,1.,0.));
#6563=DIRECTION('ref_axis',(-1.,0.,0.));
#6564=DIRECTION('center_axis',(0.,-1.,0.));
#6565=DIRECTION('ref_axis',(1.,0.,0.));
#6566=DIRECTION('',(0.,0.,-1.));
#6567=DIRECTION('',(0.,0.,-1.));
#6568=DIRECTION('center_axis',(0.941561755778867,0.336840407395871,0.));
#6569=DIRECTION('ref_axis',(-0.336840407395871,0.941561755778867,0.));
#6570=DIRECTION('',(0.,0.,-1.));
#6571=DIRECTION('center_axis',(0.,1.,0.));
#6572=DIRECTION('ref_axis',(-1.,0.,0.));
#6573=DIRECTION('',(0.,0.,-1.));
#6574=DIRECTION('center_axis',(-0.932457557015169,-0.361279537706334,0.));
#6575=DIRECTION('ref_axis',(0.361279537706334,-0.932457557015169,0.));
#6576=CARTESIAN_POINT('',(0.,0.,0.));
#6577=CARTESIAN_POINT('Origin',(19.3003063914691,41.3278931624086,4.));
#6578=CARTESIAN_POINT('',(10.6140846652303,40.801972324291,4.));
#6579=CARTESIAN_POINT('',(10.4994872850691,41.3012901193293,4.));
#6580=CARTESIAN_POINT('Ctrl Pts',(10.6140846652303,40.801972324291,4.));
#6581=CARTESIAN_POINT('Ctrl Pts',(10.5806604002702,40.881821753499,4.));
#6582=CARTESIAN_POINT('Ctrl Pts',(10.54723613531,40.9616711827069,4.));
#6583=CARTESIAN_POINT('Ctrl Pts',(10.5281365556036,41.0448098427446,4.));
#6584=CARTESIAN_POINT('Ctrl Pts',(10.5090016378616,41.1281023259015,4.));
#6585=CARTESIAN_POINT('Ctrl Pts',(10.5042444614653,41.2146962226154,4.));
#6586=CARTESIAN_POINT('Ctrl Pts',(10.4994872850691,41.3012901193293,4.));
#6587=CARTESIAN_POINT('',(10.9510562462125,40.4295303172262,4.));
#6588=CARTESIAN_POINT('Ctrl Pts',(10.9510562462125,40.4295303172262,4.));
#6589=CARTESIAN_POINT('Ctrl Pts',(10.8813937930156,40.4792140843911,4.));
#6590=CARTESIAN_POINT('Ctrl Pts',(10.8117313398186,40.528897851556,4.));
#6591=CARTESIAN_POINT('Ctrl Pts',(10.7556266230856,40.5908535665663,4.));
#6592=CARTESIAN_POINT('Ctrl Pts',(10.6993529642708,40.6529958421384,4.));
#6593=CARTESIAN_POINT('Ctrl Pts',(10.6567188147506,40.7274840832147,4.));
#6594=CARTESIAN_POINT('Ctrl Pts',(10.6140846652303,40.801972324291,4.));
#6595=CARTESIAN_POINT('',(11.4558309954916,40.2931046730669,4.));
#6596=CARTESIAN_POINT('Ctrl Pts',(11.4558309954916,40.2931046730669,4.));
#6597=CARTESIAN_POINT('Ctrl Pts',(11.3650107430438,40.2982972038049,4.));
#6598=CARTESIAN_POINT('Ctrl Pts',(11.2741904905961,40.3034897345429,4.));
#6599=CARTESIAN_POINT('Ctrl Pts',(11.1884368104253,40.3272110468538,4.));
#6600=CARTESIAN_POINT('Ctrl Pts',(11.106203903606,40.3499584375315,4.));
#6601=CARTESIAN_POINT('Ctrl Pts',(11.0286300749093,40.3897443773789,4.));
#6602=CARTESIAN_POINT('Ctrl Pts',(10.9510562462125,40.4295303172262,4.));
#6603=CARTESIAN_POINT('',(11.941506330422,40.4165698832663,4.));
#6604=CARTESIAN_POINT('Ctrl Pts',(11.941506330422,40.4165698832663,4.));
#6605=CARTESIAN_POINT('Ctrl Pts',(11.8648268955448,40.3805593332093,4.));
#6606=CARTESIAN_POINT('Ctrl Pts',(11.7881474606676,40.3445487831524,4.));
#6607=CARTESIAN_POINT('Ctrl Pts',(11.7075366420065,40.3239709383638,4.));
#6608=CARTESIAN_POINT('Ctrl Pts',(11.6262967485482,40.3032325071459,4.));
#6609=CARTESIAN_POINT('Ctrl Pts',(11.5410638720199,40.2981685901064,4.));
#6610=CARTESIAN_POINT('Ctrl Pts',(11.4558309954916,40.2931046730669,4.));
#6611=CARTESIAN_POINT('',(12.2893918198858,40.7801442093046,4.));
#6612=CARTESIAN_POINT('Ctrl Pts',(12.2893918198858,40.7801442093046,4.));
#6613=CARTESIAN_POINT('Ctrl Pts',(12.2447054990979,40.7052473843508,4.));
#6614=CARTESIAN_POINT('Ctrl Pts',(12.20001917831,40.6303505593969,4.));
#6615=CARTESIAN_POINT('Ctrl Pts',(12.1410287064825,40.5691960698755,4.));
#6616=CARTESIAN_POINT('Ctrl Pts',(12.0835688922174,40.5096283888499,4.));
#6617=CARTESIAN_POINT('Ctrl Pts',(12.0125376113197,40.4630991360581,4.));
#6618=CARTESIAN_POINT('Ctrl Pts',(11.941506330422,40.4165698832663,4.));
#6619=CARTESIAN_POINT('',(12.4121750039373,41.3244825846346,4.));
#6620=CARTESIAN_POINT('Ctrl Pts',(12.4121750039373,41.3244825846346,4.));
#6621=CARTESIAN_POINT('Ctrl Pts',(12.4077325254366,41.2270873469377,4.));
#6622=CARTESIAN_POINT('Ctrl Pts',(12.4032900469358,41.1296921092409,4.));
#6623=CARTESIAN_POINT('Ctrl Pts',(12.3814792079244,41.0362833983095,4.));
#6624=CARTESIAN_POINT('Ctrl Pts',(12.3609957992851,40.9485596387842,4.));
#6625=CARTESIAN_POINT('Ctrl Pts',(12.3251938095854,40.8643519240444,4.));
#6626=CARTESIAN_POINT('Ctrl Pts',(12.2893918198858,40.7801442093046,4.));
#6627=CARTESIAN_POINT('',(12.2955310982977,41.8613174802454,4.));
#6628=CARTESIAN_POINT('Ctrl Pts',(12.2955310982977,41.8613174802454,4.));
#6629=CARTESIAN_POINT('Ctrl Pts',(12.3295417259369,41.7782049519624,4.));
#6630=CARTESIAN_POINT('Ctrl Pts',(12.3635523535761,41.6950924236794,4.));
#6631=CARTESIAN_POINT('Ctrl Pts',(12.3830140275274,41.6087594873102,4.));
#6632=CARTESIAN_POINT('Ctrl Pts',(12.4038219005154,41.5164547462514,4.));
#6633=CARTESIAN_POINT('Ctrl Pts',(12.4079984522264,41.420468665443,4.));
#6634=CARTESIAN_POINT('Ctrl Pts',(12.4121750039373,41.3244825846346,4.));
#6635=CARTESIAN_POINT('',(11.9565129918371,42.2303489095362,4.));
#6636=CARTESIAN_POINT('Ctrl Pts',(11.9565129918371,42.2303489095362,4.));
#6637=CARTESIAN_POINT('Ctrl Pts',(12.0263321339202,42.1816860676643,4.));
#6638=CARTESIAN_POINT('Ctrl Pts',(12.0961512760034,42.1330232257925,4.));
#6639=CARTESIAN_POINT('Ctrl Pts',(12.1524546188627,42.0719246066006,4.));
#6640=CARTESIAN_POINT('Ctrl Pts',(12.2093467513282,42.0101870514218,4.));
#6641=CARTESIAN_POINT('Ctrl Pts',(12.2524389248129,41.9357522658336,4.));
#6642=CARTESIAN_POINT('Ctrl Pts',(12.2955310982977,41.8613174802454,4.));
#6643=CARTESIAN_POINT('',(11.4571953458105,42.3626816517504,4.));
#6644=CARTESIAN_POINT('Ctrl Pts',(11.4571953458105,42.3626816517504,4.));
#6645=CARTESIAN_POINT('Ctrl Pts',(11.5465469380967,42.3575735125313,4.));
#6646=CARTESIAN_POINT('Ctrl Pts',(11.635898530383,42.3524653733122,4.));
#6647=CARTESIAN_POINT('Ctrl Pts',(11.7204967779432,42.3295984661968,4.));
#6648=CARTESIAN_POINT('Ctrl Pts',(11.8021186920167,42.307536062051,4.));
#6649=CARTESIAN_POINT('Ctrl Pts',(11.8793158419269,42.2689424857936,4.));
#6650=CARTESIAN_POINT('Ctrl Pts',(11.9565129918371,42.2303489095362,4.));
#6651=CARTESIAN_POINT('',(10.7668814701353,42.0809628314169,4.));
#6652=CARTESIAN_POINT('Ctrl Pts',(10.7668814701353,42.0809628314169,4.));
#6653=CARTESIAN_POINT('Ctrl Pts',(10.8641176328681,42.1631175348458,4.));
#6654=CARTESIAN_POINT('Ctrl Pts',(10.961353795601,42.2452722382747,4.));
#6655=CARTESIAN_POINT('Ctrl Pts',(11.0731572551046,42.292251946667,4.));
#6656=CARTESIAN_POINT('Ctrl Pts',(11.1904765454349,42.3415494019781,4.));
#6657=CARTESIAN_POINT('Ctrl Pts',(11.3238359456227,42.3521155268642,4.));
#6658=CARTESIAN_POINT('Ctrl Pts',(11.4571953458105,42.3626816517504,4.));
#6659=CARTESIAN_POINT('Ctrl Pts',(10.4994872850691,41.3012901193293,4.));
#6660=CARTESIAN_POINT('Ctrl Pts',(10.507222852268,41.4544655679137,4.));
#6661=CARTESIAN_POINT('Ctrl Pts',(10.514958419467,41.6076410164981,4.));
#6662=CARTESIAN_POINT('Ctrl Pts',(10.5663359803472,41.7451851314695,4.));
#6663=CARTESIAN_POINT('Ctrl Pts',(10.6110990428212,41.8650214122488,4.));
#6664=CARTESIAN_POINT('Ctrl Pts',(10.6889902564783,41.9729921218328,4.));
#6665=CARTESIAN_POINT('Ctrl Pts',(10.7668814701353,42.0809628314169,4.));
#6666=CARTESIAN_POINT('',(10.9749305886541,41.9418086356314,4.));
#6667=CARTESIAN_POINT('',(10.7723385733877,41.2971973663958,4.));
#6668=CARTESIAN_POINT('Ctrl Pts',(10.9749305886541,41.9418086356314,4.));
#6669=CARTESIAN_POINT('Ctrl Pts',(10.9161016008703,41.8587329529486,4.));
#6670=CARTESIAN_POINT('Ctrl Pts',(10.8572726130865,41.7756572702659,4.));
#6671=CARTESIAN_POINT('Ctrl Pts',(10.8229864281927,41.6841346270235,4.));
#6672=CARTESIAN_POINT('Ctrl Pts',(10.7782585216549,41.5647391257242,4.));
#6673=CARTESIAN_POINT('Ctrl Pts',(10.7752985475213,41.43096824606,4.));
#6674=CARTESIAN_POINT('Ctrl Pts',(10.7723385733877,41.2971973663958,4.));
#6675=CARTESIAN_POINT('',(11.4585596961294,42.1348509437235,4.));
#6676=CARTESIAN_POINT('Ctrl Pts',(11.4585596961294,42.1348509437235,4.));
#6677=CARTESIAN_POINT('Ctrl Pts',(11.3681896592267,42.1268459723254,4.));
#6678=CARTESIAN_POINT('Ctrl Pts',(11.277819622324,42.1188410009273,4.));
#6679=CARTESIAN_POINT('Ctrl Pts',(11.1971340221677,42.0865904039534,4.));
#6680=CARTESIAN_POINT('Ctrl Pts',(11.1166406458839,42.0544166402016,4.));
#6681=CARTESIAN_POINT('Ctrl Pts',(11.045785617269,41.9981126379165,4.));
#6682=CARTESIAN_POINT('Ctrl Pts',(10.9749305886541,41.9418086356314,4.));
#6683=CARTESIAN_POINT('',(11.8153125685964,42.0345780498178,4.));
#6684=CARTESIAN_POINT('Ctrl Pts',(11.8153125685964,42.0345780498178,4.));
#6685=CARTESIAN_POINT('Ctrl Pts',(11.7602766272147,42.0638227832617,4.));
#6686=CARTESIAN_POINT('Ctrl Pts',(11.705240685833,42.0930675167056,4.));
#6687=CARTESIAN_POINT('Ctrl Pts',(11.6466564578329,42.1097827202471,4.));
#6688=CARTESIAN_POINT('Ctrl Pts',(11.586455430208,42.126959227722,4.));
#6689=CARTESIAN_POINT('Ctrl Pts',(11.5225075631687,42.1309050857227,4.));
#6690=CARTESIAN_POINT('Ctrl Pts',(11.4585596961294,42.1348509437235,4.));
#6691=CARTESIAN_POINT('',(12.0567858857427,41.7521769053133,4.));
#6692=CARTESIAN_POINT('Ctrl Pts',(12.0567858857427,41.7521769053133,4.));
#6693=CARTESIAN_POINT('Ctrl Pts',(12.0265410021863,41.8091881558824,4.));
#6694=CARTESIAN_POINT('Ctrl Pts',(11.9962961186298,41.8661994064515,4.));
#6695=CARTESIAN_POINT('Ctrl Pts',(11.9551486415182,41.9138413167389,4.));
#6696=CARTESIAN_POINT('Ctrl Pts',(11.915339789226,41.9599333229244,4.));
#6697=CARTESIAN_POINT('Ctrl Pts',(11.8653261789112,41.9972556863711,4.));
#6698=CARTESIAN_POINT('Ctrl Pts',(11.8153125685964,42.0345780498178,4.));
#6699=CARTESIAN_POINT('',(12.1393234175955,41.3258467859419,4.));
#6700=CARTESIAN_POINT('Ctrl Pts',(12.1393234175955,41.3258467859419,4.));
#6701=CARTESIAN_POINT('Ctrl Pts',(12.1366508393266,41.4029129207382,4.));
#6702=CARTESIAN_POINT('Ctrl Pts',(12.1339782610578,41.4799790555344,4.));
#6703=CARTESIAN_POINT('Ctrl Pts',(12.1186891836439,41.5545302874239,4.));
#6704=CARTESIAN_POINT('Ctrl Pts',(12.1048982039276,41.6217766293043,4.));
#6705=CARTESIAN_POINT('Ctrl Pts',(12.0808420448351,41.6869767673088,4.));
#6706=CARTESIAN_POINT('Ctrl Pts',(12.0567858857427,41.7521769053133,4.));
#6707=CARTESIAN_POINT('',(11.9462812585149,40.7296666747721,4.));
#6708=CARTESIAN_POINT('Ctrl Pts',(11.9462812585149,40.7296666747721,4.));
#6709=CARTESIAN_POINT('Ctrl Pts',(12.0024825204967,40.8116529353453,4.));
#6710=CARTESIAN_POINT('Ctrl Pts',(12.0586837824784,40.8936391959185,4.));
#6711=CARTESIAN_POINT('Ctrl Pts',(12.0910627288137,40.9837594873102,4.));
#6712=CARTESIAN_POINT('Ctrl Pts',(12.1293128600623,41.0902210422415,4.));
#6713=CARTESIAN_POINT('Ctrl Pts',(12.1343181388289,41.2080339140917,4.));
#6714=CARTESIAN_POINT('Ctrl Pts',(12.1393234175955,41.3258467859419,4.));
#6715=CARTESIAN_POINT('',(11.4544666451727,40.5195711797865,4.));
#6716=CARTESIAN_POINT('Ctrl Pts',(11.4544666451727,40.5195711797865,4.));
#6717=CARTESIAN_POINT('Ctrl Pts',(11.5492175681867,40.5278569731336,4.));
#6718=CARTESIAN_POINT('Ctrl Pts',(11.6439684912007,40.5361427664808,4.));
#6719=CARTESIAN_POINT('Ctrl Pts',(11.7268065256391,40.5720949417742,4.));
#6720=CARTESIAN_POINT('Ctrl Pts',(11.8075009934983,40.6071167970529,4.));
#6721=CARTESIAN_POINT('Ctrl Pts',(11.8768911260066,40.6683917359125,4.));
#6722=CARTESIAN_POINT('Ctrl Pts',(11.9462812585149,40.7296666747721,4.));
#6723=CARTESIAN_POINT('',(10.9667450827871,40.7276202983053,4.));
#6724=CARTESIAN_POINT('Ctrl Pts',(10.9667450827871,40.7276202983053,4.));
#6725=CARTESIAN_POINT('Ctrl Pts',(11.0360736331036,40.6669405600865,4.));
#6726=CARTESIAN_POINT('Ctrl Pts',(11.1054021834201,40.6062608218677,4.));
#6727=CARTESIAN_POINT('Ctrl Pts',(11.1858788770948,40.571583533922,4.));
#6728=CARTESIAN_POINT('Ctrl Pts',(11.2677215899885,40.5363176303208,4.));
#6729=CARTESIAN_POINT('Ctrl Pts',(11.3610941175806,40.5279444050537,4.));
#6730=CARTESIAN_POINT('Ctrl Pts',(11.4544666451727,40.5195711797865,4.));
#6731=CARTESIAN_POINT('Ctrl Pts',(10.7723385733877,41.2971973663958,4.));
#6732=CARTESIAN_POINT('Ctrl Pts',(10.7780734912913,41.1857548181922,4.));
#6733=CARTESIAN_POINT('Ctrl Pts',(10.7838084091948,41.0743122699887,4.));
#6734=CARTESIAN_POINT('Ctrl Pts',(10.8209402007375,40.9740390128286,4.));
#6735=CARTESIAN_POINT('Ctrl Pts',(10.8534737072665,40.8861832824436,4.));
#6736=CARTESIAN_POINT('Ctrl Pts',(10.9101093950268,40.8069017903745,4.));
#6737=CARTESIAN_POINT('Ctrl Pts',(10.9667450827871,40.7276202983053,4.));
#6738=CARTESIAN_POINT('Origin',(19.3003063914691,41.3278931624086,4.));
#6739=CARTESIAN_POINT('',(15.619542066506,41.1730499810369,4.));
#6740=CARTESIAN_POINT('',(15.619542066506,42.3272110766561,4.));
#6741=CARTESIAN_POINT('',(15.619542066506,41.8275521195324,4.));
#6742=CARTESIAN_POINT('',(15.4953945321356,40.6641823298128,4.));
#6743=CARTESIAN_POINT('Ctrl Pts',(15.4953945321356,40.6641823298128,4.));
#6744=CARTESIAN_POINT('Ctrl Pts',(15.5312826091416,40.727283128093,4.));
#6745=CARTESIAN_POINT('Ctrl Pts',(15.5671706861477,40.7903839263732,4.));
#6746=CARTESIAN_POINT('Ctrl Pts',(15.588505331925,40.8575657254847,4.));
#6747=CARTESIAN_POINT('Ctrl Pts',(15.6200162312649,40.9567920698718,4.));
#6748=CARTESIAN_POINT('Ctrl Pts',(15.6197791488855,41.0649210254544,4.));
#6749=CARTESIAN_POINT('Ctrl Pts',(15.619542066506,41.1730499810369,4.));
#6750=CARTESIAN_POINT('',(15.0792962950979,40.5318495875986,4.));
#6751=CARTESIAN_POINT('Ctrl Pts',(15.0792962950979,40.5318495875986,4.));
#6752=CARTESIAN_POINT('Ctrl Pts',(15.1657912005895,40.533798414325,4.));
#6753=CARTESIAN_POINT('Ctrl Pts',(15.252286106081,40.5357472410514,4.));
#6754=CARTESIAN_POINT('Ctrl Pts',(15.3292966527258,40.564932847658,4.));
#6755=CARTESIAN_POINT('Ctrl Pts',(15.3883849844447,40.5873262584273,4.));
#6756=CARTESIAN_POINT('Ctrl Pts',(15.4418897582901,40.62575429412,4.));
#6757=CARTESIAN_POINT('Ctrl Pts',(15.4953945321356,40.6641823298128,4.));
#6758=CARTESIAN_POINT('',(14.7907561702047,40.5986981338652,4.));
#6759=CARTESIAN_POINT('Ctrl Pts',(14.7907561702047,40.5986981338652,4.));
#6760=CARTESIAN_POINT('Ctrl Pts',(14.8338054757822,40.5792195497146,4.));
#6761=CARTESIAN_POINT('Ctrl Pts',(14.8768547813598,40.5597409655641,4.));
#6762=CARTESIAN_POINT('Ctrl Pts',(14.9218953294073,40.548561835924,4.));
#6763=CARTESIAN_POINT('Ctrl Pts',(14.9726749694657,40.5359582552861,4.));
#6764=CARTESIAN_POINT('Ctrl Pts',(15.0259856322818,40.5339039214423,4.));
#6765=CARTESIAN_POINT('Ctrl Pts',(15.0792962950979,40.5318495875986,4.));
#6766=CARTESIAN_POINT('',(14.6243167561804,40.7890118903311,4.));
#6767=CARTESIAN_POINT('Ctrl Pts',(14.6243167561804,40.7890118903311,4.));
#6768=CARTESIAN_POINT('Ctrl Pts',(14.6434784747465,40.7501488026759,4.));
#6769=CARTESIAN_POINT('Ctrl Pts',(14.6626401933126,40.7112857150208,4.));
#6770=CARTESIAN_POINT('Ctrl Pts',(14.690142337731,40.6797008461149,4.));
#6771=CARTESIAN_POINT('Ctrl Pts',(14.7179824855313,40.6477277968422,4.));
#6772=CARTESIAN_POINT('Ctrl Pts',(14.754369327868,40.6232129653537,4.));
#6773=CARTESIAN_POINT('Ctrl Pts',(14.7907561702047,40.5986981338652,4.));
#6774=CARTESIAN_POINT('',(14.5758855981146,41.1730499810369,4.));
#6775=CARTESIAN_POINT('Ctrl Pts',(14.5758855981146,41.1730499810369,4.));
#6776=CARTESIAN_POINT('Ctrl Pts',(14.5761547822131,41.0970875636418,4.));
#6777=CARTESIAN_POINT('Ctrl Pts',(14.5764239663116,41.0211251462466,4.));
#6778=CARTESIAN_POINT('Ctrl Pts',(14.5879936856542,40.9467539436014,4.));
#6779=CARTESIAN_POINT('Ctrl Pts',(14.5962577115585,40.8936320374438,4.));
#6780=CARTESIAN_POINT('Ctrl Pts',(14.6102872338694,40.8413219638874,4.));
#6781=CARTESIAN_POINT('Ctrl Pts',(14.6243167561804,40.7890118903311,4.));
#6782=CARTESIAN_POINT('',(14.5758855981146,42.3272110766561,4.));
#6783=CARTESIAN_POINT('',(14.5758855981146,41.2504715717228,4.));
#6784=CARTESIAN_POINT('',(14.3112201136862,42.3272110766561,4.));
#6785=CARTESIAN_POINT('',(16.9380959947918,42.3272110766561,4.));
#6786=CARTESIAN_POINT('',(14.3112201136862,41.1716857797296,4.));
#6787=CARTESIAN_POINT('',(14.3112201136862,41.8275521195324,4.));
#6788=CARTESIAN_POINT('',(14.387618367127,40.6703216082247,4.));
#6789=CARTESIAN_POINT('Ctrl Pts',(14.387618367127,40.6703216082247,4.));
#6790=CARTESIAN_POINT('Ctrl Pts',(14.3654156101432,40.7421750394519,4.));
#6791=CARTESIAN_POINT('Ctrl Pts',(14.3432128531594,40.814028470679,4.));
#6792=CARTESIAN_POINT('Ctrl Pts',(14.330319826058,40.887408877054,4.));
#6793=CARTESIAN_POINT('Ctrl Pts',(14.3139585897632,40.9805285268205,4.));
#6794=CARTESIAN_POINT('Ctrl Pts',(14.3125893517247,41.0761071532751,4.));
#6795=CARTESIAN_POINT('Ctrl Pts',(14.3112201136862,41.1716857797296,4.));
#6796=CARTESIAN_POINT('',(14.6427345914159,40.3899668401869,4.));
#6797=CARTESIAN_POINT('Ctrl Pts',(14.6427345914159,40.3899668401869,4.));
#6798=CARTESIAN_POINT('Ctrl Pts',(14.587504850663,40.4256744445327,4.));
#6799=CARTESIAN_POINT('Ctrl Pts',(14.5322751099101,40.4613820488785,4.));
#6800=CARTESIAN_POINT('Ctrl Pts',(14.4895971459661,40.5084866530092,4.));
#6801=CARTESIAN_POINT('Ctrl Pts',(14.4474389479153,40.5550175801325,4.));
#6802=CARTESIAN_POINT('Ctrl Pts',(14.4175286575212,40.6126695941786,4.));
#6803=CARTESIAN_POINT('Ctrl Pts',(14.387618367127,40.6703216082247,4.));
#6804=CARTESIAN_POINT('',(15.1024890584264,40.2931046730669,4.));
#6805=CARTESIAN_POINT('Ctrl Pts',(15.1024890584264,40.2931046730669,4.));
#6806=CARTESIAN_POINT('Ctrl Pts',(15.0161004026435,40.2955977994909,4.));
#6807=CARTESIAN_POINT('Ctrl Pts',(14.9297117468605,40.2980909259148,4.));
#6808=CARTESIAN_POINT('Ctrl Pts',(14.8470318955694,40.3173202520998,4.));
#6809=CARTESIAN_POINT('Ctrl Pts',(14.7771673371859,40.3335690522724,4.));
#6810=CARTESIAN_POINT('Ctrl Pts',(14.7099509643009,40.3617679462296,4.));
#6811=CARTESIAN_POINT('Ctrl Pts',(14.6427345914159,40.3899668401869,4.));
#6812=CARTESIAN_POINT('',(15.5697465581213,40.4042914754541,4.));
#6813=CARTESIAN_POINT('Ctrl Pts',(15.5697465581213,40.4042914754541,4.));
#6814=CARTESIAN_POINT('Ctrl Pts',(15.5022810986392,40.3719224890536,4.));
#6815=CARTESIAN_POINT('Ctrl Pts',(15.4348156391571,40.3395535026531,4.));
#6816=CARTESIAN_POINT('Ctrl Pts',(15.3639144343649,40.3209012991579,4.));
#6817=CARTESIAN_POINT('Ctrl Pts',(15.2799824393745,40.2988210445994,4.));
#6818=CARTESIAN_POINT('Ctrl Pts',(15.1912357489005,40.2959628588331,4.));
#6819=CARTESIAN_POINT('Ctrl Pts',(15.1024890584264,40.2931046730669,4.));
#6820=CARTESIAN_POINT('',(15.8159948033605,40.6928317493589,4.));
#6821=CARTESIAN_POINT('Ctrl Pts',(15.8159948033605,40.6928317493589,4.));
#6822=CARTESIAN_POINT('Ctrl Pts',(15.7879188882865,40.6360027036745,4.));
#6823=CARTESIAN_POINT('Ctrl Pts',(15.7598429732125,40.57917365799,4.));
#6824=CARTESIAN_POINT('Ctrl Pts',(15.7203263682638,40.5320200568827,4.));
#6825=CARTESIAN_POINT('Ctrl Pts',(15.6786263527091,40.4822610782915,4.));
#6826=CARTESIAN_POINT('Ctrl Pts',(15.6241864554152,40.4432762768728,4.));
#6827=CARTESIAN_POINT('Ctrl Pts',(15.5697465581213,40.4042914754541,4.));
#6828=CARTESIAN_POINT('',(15.8842075509344,41.1716857797296,4.));
#6829=CARTESIAN_POINT('Ctrl Pts',(15.8842075509344,41.1716857797296,4.));
#6830=CARTESIAN_POINT('Ctrl Pts',(15.8829470486492,41.0808541928284,4.));
#6831=CARTESIAN_POINT('Ctrl Pts',(15.881686546364,40.9900226059273,4.));
#6832=CARTESIAN_POINT('Ctrl Pts',(15.8671546620641,40.9012219554575,4.));
#6833=CARTESIAN_POINT('Ctrl Pts',(15.8556483316738,40.8309096957326,4.));
#6834=CARTESIAN_POINT('Ctrl Pts',(15.8358215675172,40.7618707225458,4.));
#6835=CARTESIAN_POINT('Ctrl Pts',(15.8159948033605,40.6928317493589,4.));
#6836=CARTESIAN_POINT('',(15.8842075509344,42.3272110766561,4.));
#6837=CARTESIAN_POINT('',(15.8842075509344,41.2497894710691,4.));
#6838=CARTESIAN_POINT('',(17.5922569712017,42.3272110766561,4.));
#6839=CARTESIAN_POINT('Origin',(19.3003063914691,41.3278931624086,4.));
#6840=CARTESIAN_POINT('',(29.1556955022131,40.3272110468538,4.));
#6841=CARTESIAN_POINT('',(28.4340024632726,40.3272110468538,4.));
#6842=CARTESIAN_POINT('',(23.8671544273709,40.3272110468538,4.));
#6843=CARTESIAN_POINT('',(29.4769788426672,40.3613174206408,4.));
#6844=CARTESIAN_POINT('Ctrl Pts',(29.4769788426672,40.3613174206408,4.));
#6845=CARTESIAN_POINT('Ctrl Pts',(29.4270538642875,40.3513787709927,4.));
#6846=CARTESIAN_POINT('Ctrl Pts',(29.3771288859079,40.3414401213446,4.));
#6847=CARTESIAN_POINT('Ctrl Pts',(29.3267393750463,40.335737491289,4.));
#6848=CARTESIAN_POINT('Ctrl Pts',(29.2701158068193,40.3293293468853,4.));
#6849=CARTESIAN_POINT('Ctrl Pts',(29.2129056545162,40.3282701968696,4.));
#6850=CARTESIAN_POINT('Ctrl Pts',(29.1556955022131,40.3272110468538,4.));
#6851=CARTESIAN_POINT('',(29.7157216710363,40.4615903145464,4.));
#6852=CARTESIAN_POINT('Ctrl Pts',(29.7157216710363,40.4615903145464,4.));
#6853=CARTESIAN_POINT('Ctrl Pts',(29.6800137797657,40.4406263503626,4.));
#6854=CARTESIAN_POINT('Ctrl Pts',(29.6443058884951,40.4196623861787,4.));
#6855=CARTESIAN_POINT('Ctrl Pts',(29.6065831822668,40.4034388310106,4.));
#6856=CARTESIAN_POINT('Ctrl Pts',(29.5650129225405,40.3855605431185,4.));
#6857=CARTESIAN_POINT('Ctrl Pts',(29.5209958826038,40.3734389818796,4.));
#6858=CARTESIAN_POINT('Ctrl Pts',(29.4769788426672,40.3613174206408,4.));
#6859=CARTESIAN_POINT('',(29.897849623612,40.6430363899858,4.));
#6860=CARTESIAN_POINT('Ctrl Pts',(29.897849623612,40.6430363899858,4.));
#6861=CARTESIAN_POINT('Ctrl Pts',(29.8702734803309,40.6072138139035,4.));
#6862=CARTESIAN_POINT('Ctrl Pts',(29.8426973370497,40.5713912378211,4.));
#6863=CARTESIAN_POINT('Ctrl Pts',(29.8107076329504,40.540034944454,4.));
#6864=CARTESIAN_POINT('Ctrl Pts',(29.7814987078479,40.5114043693913,4.));
#6865=CARTESIAN_POINT('Ctrl Pts',(29.7486101894421,40.4864973419688,4.));
#6866=CARTESIAN_POINT('Ctrl Pts',(29.7157216710363,40.4615903145464,4.));
#6867=CARTESIAN_POINT('',(30.0342775029455,40.9343052155169,4.));
#6868=CARTESIAN_POINT('Ctrl Pts',(30.0342775029455,40.9343052155169,4.));
#6869=CARTESIAN_POINT('Ctrl Pts',(30.0163106909716,40.8796230358859,4.));
#6870=CARTESIAN_POINT('Ctrl Pts',(29.9983438789977,40.8249408562549,4.));
#6871=CARTESIAN_POINT('Ctrl Pts',(29.9735665959631,40.7734935230406,4.));
#6872=CARTESIAN_POINT('Ctrl Pts',(29.9518238833593,40.7283471452578,4.));
#6873=CARTESIAN_POINT('Ctrl Pts',(29.9248367534856,40.6856917676218,4.));
#6874=CARTESIAN_POINT('Ctrl Pts',(29.897849623612,40.6430363899858,4.));
#6875=CARTESIAN_POINT('',(30.0874829930578,41.338125193754,4.));
#6876=CARTESIAN_POINT('Ctrl Pts',(30.0874829930578,41.338125193754,4.));
#6877=CARTESIAN_POINT('Ctrl Pts',(30.0857887821129,41.266129673887,4.));
#6878=CARTESIAN_POINT('Ctrl Pts',(30.0840945711681,41.19413415402,4.));
#6879=CARTESIAN_POINT('Ctrl Pts',(30.0741816205297,41.1232547706755,4.));
#6880=CARTESIAN_POINT('Ctrl Pts',(30.065289264706,41.0596728241634,4.));
#6881=CARTESIAN_POINT('Ctrl Pts',(30.0497833838257,40.9969890198401,4.));
#6882=CARTESIAN_POINT('Ctrl Pts',(30.0342775029455,40.9343052155169,4.));
#6883=CARTESIAN_POINT('',(30.0090385121618,41.8135684973391,4.));
#6884=CARTESIAN_POINT('Ctrl Pts',(30.0090385121618,41.8135684973391,4.));
#6885=CARTESIAN_POINT('Ctrl Pts',(30.031903712341,41.7398246290964,4.));
#6886=CARTESIAN_POINT('Ctrl Pts',(30.0547689125202,41.6660807608538,4.));
#6887=CARTESIAN_POINT('Ctrl Pts',(30.0678706807409,41.5906831866892,4.));
#6888=CARTESIAN_POINT('Ctrl Pts',(30.0822682610795,41.5078285205796,4.));
#6889=CARTESIAN_POINT('Ctrl Pts',(30.0848756270686,41.4229768571668,4.));
#6890=CARTESIAN_POINT('Ctrl Pts',(30.0874829930578,41.338125193754,4.));
#6891=CARTESIAN_POINT('',(29.7723413152014,42.155314708391,4.));
#6892=CARTESIAN_POINT('Ctrl Pts',(29.7723413152014,42.155314708391,4.));
#6893=CARTESIAN_POINT('Ctrl Pts',(29.8219988563231,42.1070292725511,4.));
#6894=CARTESIAN_POINT('Ctrl Pts',(29.8716563974449,42.0587438367112,4.));
#6895=CARTESIAN_POINT('Ctrl Pts',(29.9106431645666,42.0030296093615,4.));
#6896=CARTESIAN_POINT('Ctrl Pts',(29.951103314675,41.9452098369573,4.));
#6897=CARTESIAN_POINT('Ctrl Pts',(29.9800709134184,41.8793891671482,4.));
#6898=CARTESIAN_POINT('Ctrl Pts',(30.0090385121618,41.8135684973391,4.));
#6899=CARTESIAN_POINT('',(29.4790244740759,42.29856165711,4.));
#6900=CARTESIAN_POINT('Ctrl Pts',(29.4790244740759,42.29856165711,4.));
#6901=CARTESIAN_POINT('Ctrl Pts',(29.5336634692524,42.2831715155146,4.));
#6902=CARTESIAN_POINT('Ctrl Pts',(29.588302464429,42.2677813739193,4.));
#6903=CARTESIAN_POINT('Ctrl Pts',(29.6383023900305,42.2429681814106,4.));
#6904=CARTESIAN_POINT('Ctrl Pts',(29.6857693295599,42.2194120201929,4.));
#6905=CARTESIAN_POINT('Ctrl Pts',(29.7290553223806,42.1873633642919,4.));
#6906=CARTESIAN_POINT('Ctrl Pts',(29.7723413152014,42.155314708391,4.));
#6907=CARTESIAN_POINT('',(29.1229510945593,42.3272110766561,4.));
#6908=CARTESIAN_POINT('Ctrl Pts',(29.1229510945593,42.3272110766561,4.));
#6909=CARTESIAN_POINT('Ctrl Pts',(29.1916915198039,42.3269271789632,4.));
#6910=CARTESIAN_POINT('Ctrl Pts',(29.2604319450486,42.3266432812703,4.));
#6911=CARTESIAN_POINT('Ctrl Pts',(29.3286133450781,42.3200487217696,4.));
#6912=CARTESIAN_POINT('Ctrl Pts',(29.3789535480914,42.3151797771028,4.));
#6913=CARTESIAN_POINT('Ctrl Pts',(29.4289890110836,42.3068707171064,4.));
#6914=CARTESIAN_POINT('Ctrl Pts',(29.4790244740759,42.29856165711,4.));
#6915=CARTESIAN_POINT('',(28.4340024632726,42.3272110766561,4.));
#6916=CARTESIAN_POINT('',(24.2116287430142,42.3272110766561,4.));
#6917=CARTESIAN_POINT('',(28.4340024632726,41.8275521195324,4.));
#6918=CARTESIAN_POINT('',(28.6986709279333,42.0911947137506,4.));
#6919=CARTESIAN_POINT('',(28.6986709279333,40.5632274097593,4.));
#6920=CARTESIAN_POINT('',(28.6986709279333,40.945560286084,4.));
#6921=CARTESIAN_POINT('',(29.1188598317419,42.0911947137506,4.));
#6922=CARTESIAN_POINT('',(23.9994886597012,42.0911947137506,4.));
#6923=CARTESIAN_POINT('',(29.4612909001623,42.0502668863924,4.));
#6924=CARTESIAN_POINT('Ctrl Pts',(29.4612909001623,42.0502668863924,4.));
#6925=CARTESIAN_POINT('Ctrl Pts',(29.4152359703652,42.0621121438381,4.));
#6926=CARTESIAN_POINT('Ctrl Pts',(29.3691810405681,42.0739574012839,4.));
#6927=CARTESIAN_POINT('Ctrl Pts',(29.3224740666662,42.0809627569111,4.));
#6928=CARTESIAN_POINT('Ctrl Pts',(29.2554965376478,42.091008396151,4.));
#6929=CARTESIAN_POINT('Ctrl Pts',(29.1871781846948,42.0911015549508,4.));
#6930=CARTESIAN_POINT('Ctrl Pts',(29.1188598317419,42.0911947137506,4.));
#6931=CARTESIAN_POINT('',(29.7116304082189,41.8244825548323,4.));
#6932=CARTESIAN_POINT('Ctrl Pts',(29.7116304082189,41.8244825548323,4.));
#6933=CARTESIAN_POINT('Ctrl Pts',(29.6770949251248,41.8753306994114,4.));
#6934=CARTESIAN_POINT('Ctrl Pts',(29.6425594420307,41.9261788439904,4.));
#6935=CARTESIAN_POINT('Ctrl Pts',(29.597544733933,41.9651714212091,4.));
#6936=CARTESIAN_POINT('Ctrl Pts',(29.5576218534855,41.999753362633,4.));
#6937=CARTESIAN_POINT('Ctrl Pts',(29.5094563768239,42.0250101245127,4.));
#6938=CARTESIAN_POINT('Ctrl Pts',(29.4612909001623,42.0502668863924,4.));
#6939=CARTESIAN_POINT('',(29.8146320027624,41.3422179466875,4.));
#6940=CARTESIAN_POINT('Ctrl Pts',(29.8146320027624,41.3422179466875,4.));
#6941=CARTESIAN_POINT('Ctrl Pts',(29.812824733782,41.4362654839086,4.));
#6942=CARTESIAN_POINT('Ctrl Pts',(29.8110174648017,41.5303130211297,4.));
#6943=CARTESIAN_POINT('Ctrl Pts',(29.7888827962194,41.6196735448034,4.));
#6944=CARTESIAN_POINT('Ctrl Pts',(29.7714947204316,41.6898714586463,4.));
#6945=CARTESIAN_POINT('Ctrl Pts',(29.7415625643253,41.7571770067393,4.));
#6946=CARTESIAN_POINT('Ctrl Pts',(29.7116304082189,41.8244825548323,4.));
#6947=CARTESIAN_POINT('',(29.7621083897863,40.9568155056627,4.));
#6948=CARTESIAN_POINT('Ctrl Pts',(29.7621083897863,40.9568155056627,4.));
#6949=CARTESIAN_POINT('Ctrl Pts',(29.7774034610836,41.0151133455883,4.));
#6950=CARTESIAN_POINT('Ctrl Pts',(29.7926985323808,41.0734111855139,4.));
#6951=CARTESIAN_POINT('Ctrl Pts',(29.8014999074255,41.1326340085657,4.));
#6952=CARTESIAN_POINT('Ctrl Pts',(29.8117578307806,41.2016576755106,4.));
#6953=CARTESIAN_POINT('Ctrl Pts',(29.8131949167715,41.2719378110991,4.));
#6954=CARTESIAN_POINT('Ctrl Pts',(29.8146320027624,41.3422179466875,4.));
#6955=CARTESIAN_POINT('',(29.6154475850378,40.7037458068521,4.));
#6956=CARTESIAN_POINT('Ctrl Pts',(29.6154475850378,40.7037458068521,4.));
#6957=CARTESIAN_POINT('Ctrl Pts',(29.6455420566124,40.7392380221479,4.));
#6958=CARTESIAN_POINT('Ctrl Pts',(29.675636528187,40.7747302374436,4.));
#6959=CARTESIAN_POINT('Ctrl Pts',(29.6991801900182,40.8140801138075,4.));
#6960=CARTESIAN_POINT('Ctrl Pts',(29.7256954709492,40.8583966281146,4.));
#6961=CARTESIAN_POINT('Ctrl Pts',(29.7439019303678,40.9076060668887,4.));
#6962=CARTESIAN_POINT('Ctrl Pts',(29.7621083897863,40.9568155056627,4.));
#6963=CARTESIAN_POINT('',(29.4360519093786,40.6000623351725,4.));
#6964=CARTESIAN_POINT('Ctrl Pts',(29.4360519093786,40.6000623351725,4.));
#6965=CARTESIAN_POINT('Ctrl Pts',(29.4709182104484,40.6128686264306,4.));
#6966=CARTESIAN_POINT('Ctrl Pts',(29.5057845115181,40.6256749176888,4.));
#6967=CARTESIAN_POINT('Ctrl Pts',(29.5371747655187,40.6444007403048,4.));
#6968=CARTESIAN_POINT('Ctrl Pts',(29.5650996562129,40.6610593041283,4.));
#6969=CARTESIAN_POINT('Ctrl Pts',(29.5902736206253,40.6824025554902,4.));
#6970=CARTESIAN_POINT('Ctrl Pts',(29.6154475850378,40.7037458068521,4.));
#6971=CARTESIAN_POINT('',(29.1256833714758,40.5632274097593,4.));
#6972=CARTESIAN_POINT('Ctrl Pts',(29.1256833714758,40.5632274097593,4.));
#6973=CARTESIAN_POINT('Ctrl Pts',(29.1848373661584,40.5638052810679,4.));
#6974=CARTESIAN_POINT('Ctrl Pts',(29.2439913608411,40.5643831523765,4.));
#6975=CARTESIAN_POINT('Ctrl Pts',(29.3021846455846,40.5724361783655,4.));
#6976=CARTESIAN_POINT('Ctrl Pts',(29.3471901441651,40.5786642242872,4.));
#6977=CARTESIAN_POINT('Ctrl Pts',(29.3916210267718,40.5893632797298,4.));
#6978=CARTESIAN_POINT('Ctrl Pts',(29.4360519093786,40.6000623351725,4.));
#6979=CARTESIAN_POINT('',(24.2129948814724,40.5632274097593,4.));
#6980=CARTESIAN_POINT('Origin',(19.3003063914691,41.3278931624086,4.));
#6981=CARTESIAN_POINT('',(21.2675631684576,40.3272110468538,4.));
#6982=CARTESIAN_POINT('',(20.5049443883215,40.3272110468538,4.));
#6983=CARTESIAN_POINT('',(19.9026253898953,40.3272110468538,4.));
#6984=CARTESIAN_POINT('',(21.5902102631841,40.3606353944929,4.));
#6985=CARTESIAN_POINT('Ctrl Pts',(21.5902102631841,40.3606353944929,4.));
#6986=CARTESIAN_POINT('Ctrl Pts',(21.5415309312748,40.3509052753898,4.));
#6987=CARTESIAN_POINT('Ctrl Pts',(21.4928515993655,40.3411751562867,4.));
#6988=CARTESIAN_POINT('Ctrl Pts',(21.4437235039983,40.3355670220049,4.));
#6989=CARTESIAN_POINT('Ctrl Pts',(21.3854246867201,40.3289120195399,4.));
#6990=CARTESIAN_POINT('Ctrl Pts',(21.3264939275888,40.3280615331968,4.));
#6991=CARTESIAN_POINT('Ctrl Pts',(21.2675631684576,40.3272110468538,4.));
#6992=CARTESIAN_POINT('',(21.809173886231,40.4595439380796,4.));
#6993=CARTESIAN_POINT('Ctrl Pts',(21.809173886231,40.4595439380796,4.));
#6994=CARTESIAN_POINT('Ctrl Pts',(21.7771117703211,40.4387803959115,4.));
#6995=CARTESIAN_POINT('Ctrl Pts',(21.7450496544112,40.4180168537434,4.));
#6996=CARTESIAN_POINT('Ctrl Pts',(21.7107773465429,40.4020746297033,4.));
#6997=CARTESIAN_POINT('Ctrl Pts',(21.6724327419002,40.3842381221564,4.));
#6998=CARTESIAN_POINT('Ctrl Pts',(21.6313215025422,40.3724367583247,4.));
#6999=CARTESIAN_POINT('Ctrl Pts',(21.5902102631841,40.3606353944929,4.));
#7000=CARTESIAN_POINT('',(21.9558311147009,40.6457649416121,4.));
#7001=CARTESIAN_POINT('Ctrl Pts',(21.9558311147009,40.6457649416121,4.));
#7002=CARTESIAN_POINT('Ctrl Pts',(21.9357579423462,40.6084965579901,4.));
#7003=CARTESIAN_POINT('Ctrl Pts',(21.9156847699915,40.5712281743681,4.));
#7004=CARTESIAN_POINT('Ctrl Pts',(21.8894947213445,40.5388413614424,4.));
#7005=CARTESIAN_POINT('Ctrl Pts',(21.8660022407329,40.5097903816223,4.));
#7006=CARTESIAN_POINT('Ctrl Pts',(21.837588063482,40.484667159851,4.));
#7007=CARTESIAN_POINT('Ctrl Pts',(21.809173886231,40.4595439380796,4.));
#7008=CARTESIAN_POINT('',(22.015175883225,40.907019997278,4.));
#7009=CARTESIAN_POINT('Ctrl Pts',(22.015175883225,40.907019997278,4.));
#7010=CARTESIAN_POINT('Ctrl Pts',(22.0128167367347,40.8612379011046,4.));
#7011=CARTESIAN_POINT('Ctrl Pts',(22.0104575902444,40.8154558049313,4.));
#7012=CARTESIAN_POINT('Ctrl Pts',(22.0003390950475,40.7714469975622,4.));
#7013=CARTESIAN_POINT('Ctrl Pts',(21.9904470522327,40.7284231093007,4.));
#7014=CARTESIAN_POINT('Ctrl Pts',(21.9731390834668,40.6870940254564,4.));
#7015=CARTESIAN_POINT('Ctrl Pts',(21.9558311147009,40.6457649416121,4.));
#7016=CARTESIAN_POINT('',(21.9176316899572,41.2098849064501,4.));
#7017=CARTESIAN_POINT('Ctrl Pts',(21.9176316899572,41.2098849064501,4.));
#7018=CARTESIAN_POINT('Ctrl Pts',(21.9460786025173,41.1645971025563,4.));
#7019=CARTESIAN_POINT('Ctrl Pts',(21.9745255150774,41.1193092986625,4.));
#7020=CARTESIAN_POINT('Ctrl Pts',(21.9907904309545,41.0700486845167,4.));
#7021=CARTESIAN_POINT('Ctrl Pts',(22.007779337219,41.0185953623738,4.));
#7022=CARTESIAN_POINT('Ctrl Pts',(22.011477610222,40.9628076798259,4.));
#7023=CARTESIAN_POINT('Ctrl Pts',(22.015175883225,40.907019997278,4.));
#7024=CARTESIAN_POINT('',(21.6386414212499,41.3913309818895,4.));
#7025=CARTESIAN_POINT('Ctrl Pts',(21.6386414212499,41.3913309818895,4.));
#7026=CARTESIAN_POINT('Ctrl Pts',(21.6948511964727,41.3714603985735,4.));
#7027=CARTESIAN_POINT('Ctrl Pts',(21.7510609716954,41.3515898152575,4.));
#7028=CARTESIAN_POINT('Ctrl Pts',(21.7991126221929,41.3193665689619,4.));
#7029=CARTESIAN_POINT('Ctrl Pts',(21.8431966544879,41.289803991701,4.));
#7030=CARTESIAN_POINT('Ctrl Pts',(21.8804141722226,41.2498444490756,4.));
#7031=CARTESIAN_POINT('Ctrl Pts',(21.9176316899572,41.2098849064501,4.));
#7032=CARTESIAN_POINT('',(21.8487370652471,41.5741414076479,4.));
#7033=CARTESIAN_POINT('Ctrl Pts',(21.8487370652471,41.5741414076479,4.));
#7034=CARTESIAN_POINT('Ctrl Pts',(21.8216394157694,41.5377579236252,4.));
#7035=CARTESIAN_POINT('Ctrl Pts',(21.7945417662917,41.5013744396026,4.));
#7036=CARTESIAN_POINT('Ctrl Pts',(21.7614246053014,41.4718221372755,4.));
#7037=CARTESIAN_POINT('Ctrl Pts',(21.7252777295562,41.4395662503498,4.));
#7038=CARTESIAN_POINT('Ctrl Pts',(21.681959575403,41.4154486161196,4.));
#7039=CARTESIAN_POINT('Ctrl Pts',(21.6386414212499,41.3913309818895,4.));
#7040=CARTESIAN_POINT('',(21.9183135670934,41.8156148738058,4.));
#7041=CARTESIAN_POINT('Ctrl Pts',(21.9183135670934,41.8156148738058,4.));
#7042=CARTESIAN_POINT('Ctrl Pts',(21.9153066658665,41.7733185589859,4.));
#7043=CARTESIAN_POINT('Ctrl Pts',(21.9122997646395,41.731022244166,4.));
#7044=CARTESIAN_POINT('Ctrl Pts',(21.9009197396551,41.6911264008673,4.));
#7045=CARTESIAN_POINT('Ctrl Pts',(21.889322612782,41.6504694465043,4.));
#7046=CARTESIAN_POINT('Ctrl Pts',(21.8690298390146,41.6123054270761,4.));
#7047=CARTESIAN_POINT('Ctrl Pts',(21.8487370652471,41.5741414076479,4.));
#7048=CARTESIAN_POINT('',(21.8398690861974,42.079598481098,4.));
#7049=CARTESIAN_POINT('Ctrl Pts',(21.8398690861974,42.079598481098,4.));
#7050=CARTESIAN_POINT('Ctrl Pts',(21.8627460633604,42.037527907565,4.));
#7051=CARTESIAN_POINT('Ctrl Pts',(21.8856230405233,41.9954573340319,4.));
#7052=CARTESIAN_POINT('Ctrl Pts',(21.8987024468694,41.9505056983622,4.));
#7053=CARTESIAN_POINT('Ctrl Pts',(21.9112694095419,41.907315242115,4.));
#7054=CARTESIAN_POINT('Ctrl Pts',(21.9147914883177,41.8614650579604,4.));
#7055=CARTESIAN_POINT('Ctrl Pts',(21.9183135670934,41.8156148738058,4.));
#7056=CARTESIAN_POINT('',(21.6229522866522,42.2665016597898,4.));
#7057=CARTESIAN_POINT('Ctrl Pts',(21.6229522866522,42.2665016597898,4.));
#7058=CARTESIAN_POINT('Ctrl Pts',(21.6665468853055,42.2436353650411,4.));
#7059=CARTESIAN_POINT('Ctrl Pts',(21.7101414839589,42.2207690702923,4.));
#7060=CARTESIAN_POINT('Ctrl Pts',(21.7464173478399,42.1894211566837,4.));
#7061=CARTESIAN_POINT('Ctrl Pts',(21.782357083153,42.1583637097432,4.));
#7062=CARTESIAN_POINT('Ctrl Pts',(21.8111130846752,42.1189810954206,4.));
#7063=CARTESIAN_POINT('Ctrl Pts',(21.8398690861974,42.079598481098,4.));
#7064=CARTESIAN_POINT('',(21.2552858037267,42.3272110766561,4.));
#7065=CARTESIAN_POINT('Ctrl Pts',(21.2552858037267,42.3272110766561,4.));
#7066=CARTESIAN_POINT('Ctrl Pts',(21.3247911140091,42.3259413849482,4.));
#7067=CARTESIAN_POINT('Ctrl Pts',(21.3942964242914,42.3246716932403,4.));
#7068=CARTESIAN_POINT('Ctrl Pts',(21.4617992085729,42.3120337224396,4.));
#7069=CARTESIAN_POINT('Ctrl Pts',(21.5163900393651,42.3018131466088,4.));
#7070=CARTESIAN_POINT('Ctrl Pts',(21.5696711630086,42.2841574031993,4.));
#7071=CARTESIAN_POINT('Ctrl Pts',(21.6229522866522,42.2665016597898,4.));
#7072=CARTESIAN_POINT('',(20.5049443883215,42.3272110766561,4.));
#7073=CARTESIAN_POINT('',(20.2777960975979,42.3272110766561,4.));
#7074=CARTESIAN_POINT('',(20.5049443883215,41.8275521195324,4.));
#7075=CARTESIAN_POINT('',(20.7696104687963,41.2508127338083,4.));
#7076=CARTESIAN_POINT('',(20.7696104687963,40.5632274097593,4.));
#7077=CARTESIAN_POINT('',(20.7696104687963,40.945560286084,4.));
#7078=CARTESIAN_POINT('',(21.2320936364446,41.2508127338083,4.));
#7079=CARTESIAN_POINT('',(20.0349584301327,41.2508127338083,4.));
#7080=CARTESIAN_POINT('',(21.5247262162481,41.2173883861692,4.));
#7081=CARTESIAN_POINT('Ctrl Pts',(21.5247262162481,41.2173883861692,4.));
#7082=CARTESIAN_POINT('Ctrl Pts',(21.48356835626,41.2270870628249,4.));
#7083=CARTESIAN_POINT('Ctrl Pts',(21.4424104962718,41.2367857394806,4.));
#7084=CARTESIAN_POINT('Ctrl Pts',(21.4007485551153,41.2424567586573,4.));
#7085=CARTESIAN_POINT('Ctrl Pts',(21.3451291874947,41.2500276612992,4.));
#7086=CARTESIAN_POINT('Ctrl Pts',(21.2886114119697,41.2504201975538,4.));
#7087=CARTESIAN_POINT('Ctrl Pts',(21.2320936364446,41.2508127338083,4.));
#7088=CARTESIAN_POINT('',(21.6836620015417,41.1014265066774,4.));
#7089=CARTESIAN_POINT('Ctrl Pts',(21.6836620015417,41.1014265066774,4.));
#7090=CARTESIAN_POINT('Ctrl Pts',(21.6624358782537,41.1269829528003,4.));
#7091=CARTESIAN_POINT('Ctrl Pts',(21.6412097549658,41.1525393989233,4.));
#7092=CARTESIAN_POINT('Ctrl Pts',(21.6152787846838,41.1716857797296,4.));
#7093=CARTESIAN_POINT('Ctrl Pts',(21.5884516924103,41.1914938208099,4.));
#7094=CARTESIAN_POINT('Ctrl Pts',(21.5565889543292,41.2044411034896,4.));
#7095=CARTESIAN_POINT('Ctrl Pts',(21.5247262162481,41.2173883861692,4.));
#7096=CARTESIAN_POINT('',(21.7409611386572,40.907019997278,4.));
#7097=CARTESIAN_POINT('Ctrl Pts',(21.7409611386572,40.907019997278,4.));
#7098=CARTESIAN_POINT('Ctrl Pts',(21.738860652954,40.9426666381095,4.));
#7099=CARTESIAN_POINT('Ctrl Pts',(21.7367601672508,40.9783132789409,4.));
#7100=CARTESIAN_POINT('Ctrl Pts',(21.7266369504247,41.0115561134012,4.));
#7101=CARTESIAN_POINT('Ctrl Pts',(21.7170794139592,41.0429413546768,4.));
#7102=CARTESIAN_POINT('Ctrl Pts',(21.7003707077504,41.0721839306771,4.));
#7103=CARTESIAN_POINT('Ctrl Pts',(21.6836620015417,41.1014265066774,4.));
#7104=CARTESIAN_POINT('',(21.7013967675482,40.7385343557985,4.));
#7105=CARTESIAN_POINT('Ctrl Pts',(21.7013967675482,40.7385343557985,4.));
#7106=CARTESIAN_POINT('Ctrl Pts',(21.7129316786752,40.7643453334305,4.));
#7107=CARTESIAN_POINT('Ctrl Pts',(21.7244665898023,40.7901563110625,4.));
#7108=CARTESIAN_POINT('Ctrl Pts',(21.7310691518102,40.8171496040018,4.));
#7109=CARTESIAN_POINT('Ctrl Pts',(21.7381733805042,40.8461938637927,4.));
#7110=CARTESIAN_POINT('Ctrl Pts',(21.7395672595807,40.8766069305354,4.));
#7111=CARTESIAN_POINT('Ctrl Pts',(21.7409611386572,40.907019997278,4.));
#7112=CARTESIAN_POINT('',(21.6004419965063,40.6273474043997,4.));
#7113=CARTESIAN_POINT('Ctrl Pts',(21.6004419965063,40.6273474043997,4.));
#7114=CARTESIAN_POINT('Ctrl Pts',(21.6202163036557,40.6419439947156,4.));
#7115=CARTESIAN_POINT('Ctrl Pts',(21.6399906108051,40.6565405850315,4.));
#7116=CARTESIAN_POINT('Ctrl Pts',(21.6563761872564,40.6742437428625,4.));
#7117=CARTESIAN_POINT('Ctrl Pts',(21.6739950883051,40.6932793982147,4.));
#7118=CARTESIAN_POINT('Ctrl Pts',(21.6876959279266,40.7159068770066,4.));
#7119=CARTESIAN_POINT('Ctrl Pts',(21.7013967675482,40.7385343557985,4.));
#7120=CARTESIAN_POINT('',(21.4476454896246,40.5727772659452,4.));
#7121=CARTESIAN_POINT('Ctrl Pts',(21.4476454896246,40.5727772659452,4.));
#7122=CARTESIAN_POINT('Ctrl Pts',(21.476108837443,40.5786893424747,4.));
#7123=CARTESIAN_POINT('Ctrl Pts',(21.5045721852613,40.5846014190041,4.));
#7124=CARTESIAN_POINT('Ctrl Pts',(21.5315461797033,40.59460523192,4.));
#7125=CARTESIAN_POINT('Ctrl Pts',(21.5552801518725,40.6034074216677,4.));
#7126=CARTESIAN_POINT('Ctrl Pts',(21.5778610741894,40.6153774130337,4.));
#7127=CARTESIAN_POINT('Ctrl Pts',(21.6004419965063,40.6273474043997,4.));
#7128=CARTESIAN_POINT('',(21.2675631684576,40.5632274097593,4.));
#7129=CARTESIAN_POINT('Ctrl Pts',(21.2675631684576,40.5632274097593,4.));
#7130=CARTESIAN_POINT('Ctrl Pts',(21.3039964956524,40.5631583648059,4.));
#7131=CARTESIAN_POINT('Ctrl Pts',(21.3404298228472,40.5630893198524,4.));
#7132=CARTESIAN_POINT('Ctrl Pts',(21.3767040414129,40.5656148738058,4.));
#7133=CARTESIAN_POINT('Ctrl Pts',(21.4003964414288,40.5672644320014,4.));
#7134=CARTESIAN_POINT('Ctrl Pts',(21.4240209655267,40.5700208489733,4.));
#7135=CARTESIAN_POINT('Ctrl Pts',(21.4476454896246,40.5727772659452,4.));
#7136=CARTESIAN_POINT('',(20.2839347799633,40.5632274097593,4.));
#7137=CARTESIAN_POINT('',(20.7696104687963,42.0911947137506,4.));
#7138=CARTESIAN_POINT('',(20.7696104687963,41.4868289477022,4.));
#7139=CARTESIAN_POINT('',(20.7696104687963,41.4073610550554,4.));
#7140=CARTESIAN_POINT('',(21.1693370980535,42.0911947137506,4.));
#7141=CARTESIAN_POINT('',(20.0349584301327,42.0911947137506,4.));
#7142=CARTESIAN_POINT('',(21.4735663575445,42.0632273203524,4.));
#7143=CARTESIAN_POINT('Ctrl Pts',(21.4735663575445,42.0632273203524,4.));
#7144=CARTESIAN_POINT('Ctrl Pts',(21.4335493213449,42.0713055700179,4.));
#7145=CARTESIAN_POINT('Ctrl Pts',(21.3935322851452,42.0793838196834,4.));
#7146=CARTESIAN_POINT('Ctrl Pts',(21.3531709355627,42.0842028654011,4.));
#7147=CARTESIAN_POINT('Ctrl Pts',(21.2924131476192,42.0914571956163,4.));
#7148=CARTESIAN_POINT('Ctrl Pts',(21.2308751228363,42.0913259546835,4.));
#7149=CARTESIAN_POINT('Ctrl Pts',(21.1693370980535,42.0911947137506,4.));
#7150=CARTESIAN_POINT('',(21.6099918526922,41.9595438486727,4.));
#7151=CARTESIAN_POINT('Ctrl Pts',(21.6099918526922,41.9595438486727,4.));
#7152=CARTESIAN_POINT('Ctrl Pts',(21.5922193261294,41.9828402557311,4.));
#7153=CARTESIAN_POINT('Ctrl Pts',(21.5744467995667,42.0061366627895,4.));
#7154=CARTESIAN_POINT('Ctrl Pts',(21.5520120305334,42.0233228302391,4.));
#7155=CARTESIAN_POINT('Ctrl Pts',(21.5291041176992,42.0408714497638,4.));
#7156=CARTESIAN_POINT('Ctrl Pts',(21.5013352376218,42.0520493850581,4.));
#7157=CARTESIAN_POINT('Ctrl Pts',(21.4735663575445,42.0632273203524,4.));
#7158=CARTESIAN_POINT('',(21.6577411336218,41.7842369026335,4.));
#7159=CARTESIAN_POINT('Ctrl Pts',(21.6577411336218,41.7842369026335,4.));
#7160=CARTESIAN_POINT('Ctrl Pts',(21.6559862393846,41.8160598521415,4.));
#7161=CARTESIAN_POINT('Ctrl Pts',(21.6542313451474,41.8478828016496,4.));
#7162=CARTESIAN_POINT('Ctrl Pts',(21.6458035153661,41.8778589612635,4.));
#7163=CARTESIAN_POINT('Ctrl Pts',(21.637839121325,41.9061867696318,4.));
#7164=CARTESIAN_POINT('Ctrl Pts',(21.6239154870086,41.9328653091522,4.));
#7165=CARTESIAN_POINT('Ctrl Pts',(21.6099918526922,41.9595438486727,4.));
#7166=CARTESIAN_POINT('',(21.6065812749181,41.6096121317537,4.));
#7167=CARTESIAN_POINT('Ctrl Pts',(21.6065812749181,41.6096121317537,4.));
#7168=CARTESIAN_POINT('Ctrl Pts',(21.6214916858774,41.6351193936189,4.));
#7169=CARTESIAN_POINT('Ctrl Pts',(21.6364020968366,41.6606266554841,4.));
#7170=CARTESIAN_POINT('Ctrl Pts',(21.6449511689459,41.6880569106729,4.));
#7171=CARTESIAN_POINT('Ctrl Pts',(21.6544499192665,41.7185342703136,4.));
#7172=CARTESIAN_POINT('Ctrl Pts',(21.6560955264441,41.7513855864736,4.));
#7173=CARTESIAN_POINT('Ctrl Pts',(21.6577411336218,41.7842369026335,4.));
#7174=CARTESIAN_POINT('',(21.4544666451727,41.5100214130075,4.));
#7175=CARTESIAN_POINT('Ctrl Pts',(21.4544666451727,41.5100214130075,4.));
#7176=CARTESIAN_POINT('Ctrl Pts',(21.4855231197762,41.5209939851347,4.));
#7177=CARTESIAN_POINT('Ctrl Pts',(21.5165795943797,41.5319665572618,4.));
#7178=CARTESIAN_POINT('Ctrl Pts',(21.5429723901067,41.549925828615,4.));
#7179=CARTESIAN_POINT('Ctrl Pts',(21.5666850911751,41.5660613997537,4.));
#7180=CARTESIAN_POINT('Ctrl Pts',(21.5866331830466,41.5878367657537,4.));
#7181=CARTESIAN_POINT('Ctrl Pts',(21.6065812749181,41.6096121317537,4.));
#7182=CARTESIAN_POINT('',(21.2020791215215,41.4868289477022,4.));
#7183=CARTESIAN_POINT('Ctrl Pts',(21.2020791215215,41.4868289477022,4.));
#7184=CARTESIAN_POINT('Ctrl Pts',(21.2526484459522,41.4867978413562,4.));
#7185=CARTESIAN_POINT('Ctrl Pts',(21.3032177703829,41.4867667350103,4.));
#7186=CARTESIAN_POINT('Ctrl Pts',(21.3531709355627,41.4926269895227,4.));
#7187=CARTESIAN_POINT('Ctrl Pts',(21.3871259667459,41.496610423285,4.));
#7188=CARTESIAN_POINT('Ctrl Pts',(21.4207963059593,41.5033159181463,4.));
#7189=CARTESIAN_POINT('Ctrl Pts',(21.4544666451727,41.5100214130075,4.));
#7190=CARTESIAN_POINT('',(20.2511927564953,41.4868289477022,4.));
#7191=CARTESIAN_POINT('Origin',(19.3003063914691,41.3278931624086,4.));
#7192=CARTESIAN_POINT('',(24.6140850228582,40.3272110468538,4.));
#7193=CARTESIAN_POINT('',(24.3330479306493,40.3272110468538,4.));
#7194=CARTESIAN_POINT('',(21.8166771610592,40.3272110468538,4.));
#7195=CARTESIAN_POINT('',(24.8337305230413,40.9329408651979,4.));
#7196=CARTESIAN_POINT('',(24.4656792533228,39.9179433871614,4.));
#7197=CARTESIAN_POINT('',(25.6700194520269,40.9329408651979,4.));
#7198=CARTESIAN_POINT('',(22.0670184572552,40.9329408651979,4.));
#7199=CARTESIAN_POINT('',(25.9033072633062,40.3272110468538,4.));
#7200=CARTESIAN_POINT('',(25.1924022428747,42.1730698875902,4.));
#7201=CARTESIAN_POINT('',(26.2048078221594,40.3272110468538,4.));
#7202=CARTESIAN_POINT('',(22.6018068273876,40.3272110468538,4.));
#7203=CARTESIAN_POINT('',(25.3862536591802,42.3272110766561,4.));
#7204=CARTESIAN_POINT('',(25.5340998088776,41.9659737668065,4.));
#7205=CARTESIAN_POINT('',(25.1011241120611,42.3272110766561,4.));
#7206=CARTESIAN_POINT('',(22.3432800253247,42.3272110766561,4.));
#7207=CARTESIAN_POINT('',(24.5611122935254,40.9210697598146,4.));
#7208=CARTESIAN_POINT('',(25.1297736806188,41.7351237184198,4.));
#7209=CARTESIAN_POINT('',(24.9101281804357,41.1484934634359,4.));
#7210=CARTESIAN_POINT('',(24.5947122730133,40.306079145624,4.));
#7211=CARTESIAN_POINT('',(25.2375496072088,42.1171155816706,4.));
#7212=CARTESIAN_POINT('Ctrl Pts',(25.2375496072088,42.1171155816706,4.));
#7213=CARTESIAN_POINT('Ctrl Pts',(25.2234243841656,42.0528783209585,4.));
#7214=CARTESIAN_POINT('Ctrl Pts',(25.2092991611223,41.9886410602464,4.));
#7215=CARTESIAN_POINT('Ctrl Pts',(25.1915062112127,41.9254374748857,4.));
#7216=CARTESIAN_POINT('Ctrl Pts',(25.1734474537982,41.8612896960432,4.));
#7217=CARTESIAN_POINT('Ctrl Pts',(25.1516105672085,41.7982067072315,4.));
#7218=CARTESIAN_POINT('Ctrl Pts',(25.1297736806188,41.7351237184198,4.));
#7219=CARTESIAN_POINT('',(25.3794325036321,41.7023815459402,4.));
#7220=CARTESIAN_POINT('Ctrl Pts',(25.3794325036321,41.7023815459402,4.));
#7221=CARTESIAN_POINT('Ctrl Pts',(25.3508308435328,41.7787147573038,4.));
#7222=CARTESIAN_POINT('Ctrl Pts',(25.3222291834335,41.8550479686674,4.));
#7223=CARTESIAN_POINT('Ctrl Pts',(25.2962124985967,41.9322588539513,4.));
#7224=CARTESIAN_POINT('Ctrl Pts',(25.2755737002724,41.9935095436459,4.));
#7225=CARTESIAN_POINT('Ctrl Pts',(25.2565616537406,42.0553125626582,4.));
#7226=CARTESIAN_POINT('Ctrl Pts',(25.2375496072088,42.1171155816706,4.));
#7227=CARTESIAN_POINT('',(25.5881643933569,41.1484934634359,4.));
#7228=CARTESIAN_POINT('',(25.0632367647081,42.5414342261973,4.));
#7229=CARTESIAN_POINT('',(22.444235392413,41.1484934634359,4.));
#7230=CARTESIAN_POINT('Origin',(19.3003063914691,41.3278931624086,4.));
#7231=CARTESIAN_POINT('',(26.6850257558141,40.3272110468538,4.));
#7232=CARTESIAN_POINT('',(26.4203596753393,40.3272110468538,4.));
#7233=CARTESIAN_POINT('',(22.8603330334042,40.3272110468538,4.));
#7234=CARTESIAN_POINT('',(26.6850257558141,41.2153420097025,4.));
#7235=CARTESIAN_POINT('',(26.6850257558141,40.8275521046312,4.));
#7236=CARTESIAN_POINT('',(26.9919837159429,41.2153420097025,4.));
#7237=CARTESIAN_POINT('',(22.9926660736416,41.2153420097025,4.));
#7238=CARTESIAN_POINT('',(27.139322821549,41.2057921535166,4.));
#7239=CARTESIAN_POINT('Ctrl Pts',(27.139322821549,41.2057921535166,4.));
#7240=CARTESIAN_POINT('Ctrl Pts',(27.1195687781294,41.2085531182786,4.));
#7241=CARTESIAN_POINT('Ctrl Pts',(27.0998147347099,41.2113140830406,4.));
#7242=CARTESIAN_POINT('Ctrl Pts',(27.0799780530248,41.212954545656,4.));
#7243=CARTESIAN_POINT('Ctrl Pts',(27.0507660813918,41.2153703301177,4.));
#7244=CARTESIAN_POINT('Ctrl Pts',(27.0213748986674,41.2153561699101,4.));
#7245=CARTESIAN_POINT('Ctrl Pts',(26.9919837159429,41.2153420097025,4.));
#7246=CARTESIAN_POINT('',(27.2600591820989,41.1525862163694,4.));
#7247=CARTESIAN_POINT('Ctrl Pts',(27.2600591820989,41.1525862163694,4.));
#7248=CARTESIAN_POINT('Ctrl Pts',(27.2404969743903,41.1642769610883,4.));
#7249=CARTESIAN_POINT('Ctrl Pts',(27.2209347666817,41.1759677058071,4.));
#7250=CARTESIAN_POINT('Ctrl Pts',(27.2002030057226,41.1849874502809,4.));
#7251=CARTESIAN_POINT('Ctrl Pts',(27.180606275353,41.1935133782426,4.));
#7252=CARTESIAN_POINT('Ctrl Pts',(27.159964548451,41.1996527658796,4.));
#7253=CARTESIAN_POINT('Ctrl Pts',(27.139322821549,41.2057921535166,4.));
#7254=CARTESIAN_POINT('',(27.3944390458379,41.0188889748247,4.));
#7255=CARTESIAN_POINT('Ctrl Pts',(27.3944390458379,41.0188889748247,4.));
#7256=CARTESIAN_POINT('Ctrl Pts',(27.3718626516215,41.0471046704917,4.));
#7257=CARTESIAN_POINT('Ctrl Pts',(27.349286257405,41.0753203661587,4.));
#7258=CARTESIAN_POINT('Ctrl Pts',(27.3233271283422,41.1000623053701,4.));
#7259=CARTESIAN_POINT('Ctrl Pts',(27.3035471410059,41.1189148347864,4.));
#7260=CARTESIAN_POINT('Ctrl Pts',(27.2818031615524,41.1357505255779,4.));
#7261=CARTESIAN_POINT('Ctrl Pts',(27.2600591820989,41.1525862163694,4.));
#7262=CARTESIAN_POINT('',(27.5854349774633,40.7433092838915,4.));
#7263=CARTESIAN_POINT('Ctrl Pts',(27.5854349774633,40.7433092838915,4.));
#7264=CARTESIAN_POINT('Ctrl Pts',(27.5508481160415,40.7967459574094,4.));
#7265=CARTESIAN_POINT('Ctrl Pts',(27.5162612546198,40.8501826309273,4.));
#7266=CARTESIAN_POINT('Ctrl Pts',(27.479704682282,40.9022452181967,4.));
#7267=CARTESIAN_POINT('Ctrl Pts',(27.4520350941544,40.9416512744672,4.));
#7268=CARTESIAN_POINT('Ctrl Pts',(27.4232370699962,40.980270124646,4.));
#7269=CARTESIAN_POINT('Ctrl Pts',(27.3944390458379,41.0188889748247,4.));
#7270=CARTESIAN_POINT('',(27.8501010579382,40.3272110468538,4.));
#7271=CARTESIAN_POINT('',(26.259831024473,42.8273748613912,4.));
#7272=CARTESIAN_POINT('',(28.182978693894,40.3272110468538,4.));
#7273=CARTESIAN_POINT('',(23.5752037247036,40.3272110468538,4.));
#7274=CARTESIAN_POINT('',(27.8350949925695,40.8715494221838,4.));
#7275=CARTESIAN_POINT('',(26.6679762285806,42.6977560808692,4.));
#7276=CARTESIAN_POINT('',(27.6154483002935,41.1375794059427,4.));
#7277=CARTESIAN_POINT('Ctrl Pts',(27.6154483002935,41.1375794059427,4.));
#7278=CARTESIAN_POINT('Ctrl Pts',(27.654341094645,41.0987232776887,4.));
#7279=CARTESIAN_POINT('Ctrl Pts',(27.6932338889965,41.0598671494347,4.));
#7280=CARTESIAN_POINT('Ctrl Pts',(27.728340689591,41.0178658610971,4.));
#7281=CARTESIAN_POINT('Ctrl Pts',(27.7669834998792,40.9716341399035,4.));
#7282=CARTESIAN_POINT('Ctrl Pts',(27.8010392462244,40.9215917810437,4.));
#7283=CARTESIAN_POINT('Ctrl Pts',(27.8350949925695,40.8715494221838,4.));
#7284=CARTESIAN_POINT('',(27.4558306378637,41.2371701246889,4.));
#7285=CARTESIAN_POINT('Ctrl Pts',(27.4558306378637,41.2371701246889,4.));
#7286=CARTESIAN_POINT('Ctrl Pts',(27.4873595001105,41.2215912226825,4.));
#7287=CARTESIAN_POINT('Ctrl Pts',(27.5188883623572,41.2060123206761,4.));
#7288=CARTESIAN_POINT('Ctrl Pts',(27.548258368424,41.1870336777361,4.));
#7289=CARTESIAN_POINT('Ctrl Pts',(27.5715610272675,41.1719757018971,4.));
#7290=CARTESIAN_POINT('Ctrl Pts',(27.5935046637805,41.1547775539199,4.));
#7291=CARTESIAN_POINT('Ctrl Pts',(27.6154483002935,41.1375794059427,4.));
#7292=CARTESIAN_POINT('',(27.8814769429479,41.4227089530619,4.));
#7293=CARTESIAN_POINT('Ctrl Pts',(27.8814769429479,41.4227089530619,4.));
#7294=CARTESIAN_POINT('Ctrl Pts',(27.8252741660522,41.3780269660935,4.));
#7295=CARTESIAN_POINT('Ctrl Pts',(27.7690713891564,41.3333449791251,4.));
#7296=CARTESIAN_POINT('Ctrl Pts',(27.7061725301061,41.3033366448076,4.));
#7297=CARTESIAN_POINT('Ctrl Pts',(27.6293793347398,41.2666994797675,4.));
#7298=CARTESIAN_POINT('Ctrl Pts',(27.5426049863017,41.2519348022282,4.));
#7299=CARTESIAN_POINT('Ctrl Pts',(27.4558306378637,41.2371701246889,4.));
#7300=CARTESIAN_POINT('',(28.0192685765539,41.7815085000189,4.));
#7301=CARTESIAN_POINT('Ctrl Pts',(28.0192685765539,41.7815085000189,4.));
#7302=CARTESIAN_POINT('Ctrl Pts',(28.0139109065936,41.713763059771,4.));
#7303=CARTESIAN_POINT('Ctrl Pts',(28.0085532366332,41.6460176195231,4.));
#7304=CARTESIAN_POINT('Ctrl Pts',(27.9848218602453,41.5853965527208,4.));
#7305=CARTESIAN_POINT('Ctrl Pts',(27.9618505894118,41.5267171520419,4.));
#7306=CARTESIAN_POINT('Ctrl Pts',(27.9216637661799,41.4747130525519,4.));
#7307=CARTESIAN_POINT('Ctrl Pts',(27.8814769429479,41.4227089530619,4.));
#7308=CARTESIAN_POINT('',(27.9360485715185,42.083009058872,4.));
#7309=CARTESIAN_POINT('Ctrl Pts',(27.9360485715185,42.083009058872,4.));
#7310=CARTESIAN_POINT('Ctrl Pts',(27.9603208630893,42.0361078623948,4.));
#7311=CARTESIAN_POINT('Ctrl Pts',(27.9845931546601,41.9892066659176,4.));
#7312=CARTESIAN_POINT('Ctrl Pts',(27.9984641713415,41.9394210225733,4.));
#7313=CARTESIAN_POINT('Ctrl Pts',(28.012575285218,41.8887736260067,4.));
#7314=CARTESIAN_POINT('Ctrl Pts',(28.0159219308859,41.8351410630128,4.));
#7315=CARTESIAN_POINT('Ctrl Pts',(28.0192685765539,41.7815085000189,4.));
#7316=CARTESIAN_POINT('',(27.7136731786047,42.2733228153379,4.));
#7317=CARTESIAN_POINT('Ctrl Pts',(27.7136731786047,42.2733228153379,4.));
#7318=CARTESIAN_POINT('Ctrl Pts',(27.7579742603202,42.2515123769293,4.));
#7319=CARTESIAN_POINT('Ctrl Pts',(27.8022753420357,42.2297019385207,4.));
#7320=CARTESIAN_POINT('Ctrl Pts',(27.8388453168188,42.1988003200682,4.));
#7321=CARTESIAN_POINT('Ctrl Pts',(27.8767974224929,42.1667308013998,4.));
#7322=CARTESIAN_POINT('Ctrl Pts',(27.9064229970057,42.1248699301359,4.));
#7323=CARTESIAN_POINT('Ctrl Pts',(27.9360485715185,42.083009058872,4.));
#7324=CARTESIAN_POINT('',(27.3071265858923,42.3272110766561,4.));
#7325=CARTESIAN_POINT('Ctrl Pts',(27.3071265858923,42.3272110766561,4.));
#7326=CARTESIAN_POINT('Ctrl Pts',(27.3861360579414,42.3266031311299,4.));
#7327=CARTESIAN_POINT('Ctrl Pts',(27.4651455299906,42.3259951856037,4.));
#7328=CARTESIAN_POINT('Ctrl Pts',(27.5424600285803,42.3137390113266,4.));
#7329=CARTESIAN_POINT('Ctrl Pts',(27.6001604510581,42.3045921314185,4.));
#7330=CARTESIAN_POINT('Ctrl Pts',(27.6569168148314,42.2889574733782,4.));
#7331=CARTESIAN_POINT('Ctrl Pts',(27.7136731786047,42.2733228153379,4.));
#7332=CARTESIAN_POINT('',(26.4203596753393,42.3272110766561,4.));
#7333=CARTESIAN_POINT('',(23.3037164886807,42.3272110766561,4.));
#7334=CARTESIAN_POINT('',(26.4203596753393,41.8275521195324,4.));
#7335=CARTESIAN_POINT('',(26.6850257558141,42.1062015241774,4.));
#7336=CARTESIAN_POINT('',(26.6850257558141,41.4445370680483,4.));
#7337=CARTESIAN_POINT('',(26.6850257558141,41.3862151152285,4.));
#7338=CARTESIAN_POINT('',(27.3180401963506,42.1062015241774,4.));
#7339=CARTESIAN_POINT('',(22.9926660736416,42.1062015241774,4.));
#7340=CARTESIAN_POINT('',(27.643415991715,42.0147963112982,4.));
#7341=CARTESIAN_POINT('Ctrl Pts',(27.643415991715,42.0147963112982,4.));
#7342=CARTESIAN_POINT('Ctrl Pts',(27.6002667081952,42.0413434255201,4.));
#7343=CARTESIAN_POINT('Ctrl Pts',(27.5571174246754,42.067890539742,4.));
#7344=CARTESIAN_POINT('Ctrl Pts',(27.5105715436254,42.0833502209576,4.));
#7345=CARTESIAN_POINT('Ctrl Pts',(27.4502033857229,42.1034008130978,4.));
#7346=CARTESIAN_POINT('Ctrl Pts',(27.3841217910368,42.1048011686376,4.));
#7347=CARTESIAN_POINT('Ctrl Pts',(27.3180401963506,42.1062015241774,4.));
#7348=CARTESIAN_POINT('',(27.7464175862585,41.7815085000189,4.));
#7349=CARTESIAN_POINT('Ctrl Pts',(27.7464175862585,41.7815085000189,4.));
#7350=CARTESIAN_POINT('Ctrl Pts',(27.7422748341684,41.826566930635,4.));
#7351=CARTESIAN_POINT('Ctrl Pts',(27.7381320820783,41.8716253612511,4.));
#7352=CARTESIAN_POINT('Ctrl Pts',(27.7206683797155,41.9107717520388,4.));
#7353=CARTESIAN_POINT('Ctrl Pts',(27.7035002011,41.9492557009308,4.));
#7354=CARTESIAN_POINT('Ctrl Pts',(27.6734580964075,41.9820260061145,4.));
#7355=CARTESIAN_POINT('Ctrl Pts',(27.643415991715,42.0147963112982,4.));
#7356=CARTESIAN_POINT('',(27.6932120961462,41.6021086520346,4.));
#7357=CARTESIAN_POINT('Ctrl Pts',(27.6932120961462,41.6021086520346,4.));
#7358=CARTESIAN_POINT('Ctrl Pts',(27.7087303048954,41.6301587312659,4.));
#7359=CARTESIAN_POINT('Ctrl Pts',(27.7242485136445,41.6582088104973,4.));
#7360=CARTESIAN_POINT('Ctrl Pts',(27.7331162137304,41.688227379957,4.));
#7361=CARTESIAN_POINT('Ctrl Pts',(27.7419194612063,41.7180277671223,4.));
#7362=CARTESIAN_POINT('Ctrl Pts',(27.7441685237324,41.7497681335706,4.));
#7363=CARTESIAN_POINT('Ctrl Pts',(27.7464175862585,41.7815085000189,4.));
#7364=CARTESIAN_POINT('',(27.5376856965337,41.4820541686209,4.));
#7365=CARTESIAN_POINT('Ctrl Pts',(27.5376856965337,41.4820541686209,4.));
#7366=CARTESIAN_POINT('Ctrl Pts',(27.5694784049718,41.496029199361,4.));
#7367=CARTESIAN_POINT('Ctrl Pts',(27.6012711134098,41.5100042301011,4.));
#7368=CARTESIAN_POINT('Ctrl Pts',(27.6277268571172,41.5308262652548,4.));
#7369=CARTESIAN_POINT('Ctrl Pts',(27.6527343695593,41.5505084676882,4.));
#7370=CARTESIAN_POINT('Ctrl Pts',(27.6729732328527,41.5763085598614,4.));
#7371=CARTESIAN_POINT('Ctrl Pts',(27.6932120961462,41.6021086520346,4.));
#7372=CARTESIAN_POINT('',(27.2539199036871,41.4445370680483,4.));
#7373=CARTESIAN_POINT('Ctrl Pts',(27.2539199036871,41.4445370680483,4.));
#7374=CARTESIAN_POINT('Ctrl Pts',(27.3081711350462,41.445127884834,4.));
#7375=CARTESIAN_POINT('Ctrl Pts',(27.3624223664054,41.4457187016197,4.));
#7376=CARTESIAN_POINT('Ctrl Pts',(27.4155843896185,41.4539163059385,4.));
#7377=CARTESIAN_POINT('Ctrl Pts',(27.4567195792991,41.4602593679253,4.));
#7378=CARTESIAN_POINT('Ctrl Pts',(27.4972026379164,41.4711567682731,4.));
#7379=CARTESIAN_POINT('Ctrl Pts',(27.5376856965337,41.4820541686209,4.));
#7380=CARTESIAN_POINT('',(23.2771131475781,41.4445370680483,4.));
#7381=CARTESIAN_POINT('Origin',(19.3003063914691,41.3278931624086,4.));
#7382=CARTESIAN_POINT('',(22.4135387582098,40.801972324291,4.));
#7383=CARTESIAN_POINT('',(22.2989416760717,41.3012901193293,4.));
#7384=CARTESIAN_POINT('Ctrl Pts',(22.4135387582098,40.801972324291,4.));
#7385=CARTESIAN_POINT('Ctrl Pts',(22.380114170633,40.8818217282123,4.));
#7386=CARTESIAN_POINT('Ctrl Pts',(22.3466895830562,40.9616711321335,4.));
#7387=CARTESIAN_POINT('Ctrl Pts',(22.3275900525366,41.0448098427446,4.));
#7388=CARTESIAN_POINT('Ctrl Pts',(22.3084552062038,41.1281022802322,4.));
#7389=CARTESIAN_POINT('Ctrl Pts',(22.3036984411378,41.2146961997807,4.));
#7390=CARTESIAN_POINT('Ctrl Pts',(22.2989416760717,41.3012901193293,4.));
#7391=CARTESIAN_POINT('',(22.7505100411688,40.4295303172262,4.));
#7392=CARTESIAN_POINT('Ctrl Pts',(22.7505100411688,40.4295303172262,4.));
#7393=CARTESIAN_POINT('Ctrl Pts',(22.6808477035137,40.4792141021333,4.));
#7394=CARTESIAN_POINT('Ctrl Pts',(22.6111853658587,40.5288978870403,4.));
#7395=CARTESIAN_POINT('Ctrl Pts',(22.555080716065,40.5908535665663,4.));
#7396=CARTESIAN_POINT('Ctrl Pts',(22.4988070733536,40.6529958629072,4.));
#7397=CARTESIAN_POINT('Ctrl Pts',(22.4561729157817,40.7274840935991,4.));
#7398=CARTESIAN_POINT('Ctrl Pts',(22.4135387582098,40.801972324291,4.));
#7399=CARTESIAN_POINT('',(23.255285088471,40.2931046730669,4.));
#7400=CARTESIAN_POINT('Ctrl Pts',(23.255285088471,40.2931046730669,4.));
#7401=CARTESIAN_POINT('Ctrl Pts',(23.1644646259934,40.298297164449,4.));
#7402=CARTESIAN_POINT('Ctrl Pts',(23.0736441635157,40.303489655831,4.));
#7403=CARTESIAN_POINT('Ctrl Pts',(22.9878903073583,40.3272110468538,4.));
#7404=CARTESIAN_POINT('Ctrl Pts',(22.9056574992128,40.3499584390334,4.));
#7405=CARTESIAN_POINT('Ctrl Pts',(22.8280837701908,40.3897443781298,4.));
#7406=CARTESIAN_POINT('Ctrl Pts',(22.7505100411688,40.4295303172262,4.));
#7407=CARTESIAN_POINT('',(23.7409604234014,40.4165698832663,4.));
#7408=CARTESIAN_POINT('Ctrl Pts',(23.7409604234014,40.4165698832663,4.));
#7409=CARTESIAN_POINT('Ctrl Pts',(23.6642809885242,40.3805593332093,4.));
#7410=CARTESIAN_POINT('Ctrl Pts',(23.587601553647,40.3445487831524,4.));
#7411=CARTESIAN_POINT('Ctrl Pts',(23.5069907349859,40.3239709383638,4.));
#7412=CARTESIAN_POINT('Ctrl Pts',(23.4257508415276,40.3032325071459,4.));
#7413=CARTESIAN_POINT('Ctrl Pts',(23.3405179649993,40.2981685901064,4.));
#7414=CARTESIAN_POINT('Ctrl Pts',(23.255285088471,40.2931046730669,4.));
#7415=CARTESIAN_POINT('',(24.0888465089117,40.7801442093046,4.));
#7416=CARTESIAN_POINT('Ctrl Pts',(24.0888465089117,40.7801442093046,4.));
#7417=CARTESIAN_POINT('Ctrl Pts',(24.0441602027616,40.7052473636788,4.));
#7418=CARTESIAN_POINT('Ctrl Pts',(23.9994738966115,40.630350518053,4.));
#7419=CARTESIAN_POINT('Ctrl Pts',(23.9404833955084,40.5691960698755,4.));
#7420=CARTESIAN_POINT('Ctrl Pts',(23.8830234444394,40.5096283168608,4.));
#7421=CARTESIAN_POINT('Ctrl Pts',(23.8119919339204,40.4630991000635,4.));
#7422=CARTESIAN_POINT('Ctrl Pts',(23.7409604234014,40.4165698832663,4.));
#7423=CARTESIAN_POINT('',(24.2116296929632,41.3244825846346,4.));
#7424=CARTESIAN_POINT('Ctrl Pts',(24.2116296929632,41.3244825846346,4.));
#7425=CARTESIAN_POINT('Ctrl Pts',(24.207187508156,41.2270873250821,4.));
#7426=CARTESIAN_POINT('Ctrl Pts',(24.2027453233489,41.1296920655296,4.));
#7427=CARTESIAN_POINT('Ctrl Pts',(24.1809344929968,41.0362833983095,4.));
#7428=CARTESIAN_POINT('Ctrl Pts',(24.1604510728529,40.9485595957373,4.));
#7429=CARTESIAN_POINT('Ctrl Pts',(24.1246487908823,40.8643519025209,4.));
#7430=CARTESIAN_POINT('Ctrl Pts',(24.0888465089117,40.7801442093046,4.));
#7431=CARTESIAN_POINT('',(24.0949857873235,41.8613174802454,4.));
#7432=CARTESIAN_POINT('Ctrl Pts',(24.0949857873235,41.8613174802454,4.));
#7433=CARTESIAN_POINT('Ctrl Pts',(24.1289964149627,41.7782049519624,4.));
#7434=CARTESIAN_POINT('Ctrl Pts',(24.1630070426019,41.6950924236794,4.));
#7435=CARTESIAN_POINT('Ctrl Pts',(24.1824687165533,41.6087594873102,4.));
#7436=CARTESIAN_POINT('Ctrl Pts',(24.2032765895413,41.5164547462514,4.));
#7437=CARTESIAN_POINT('Ctrl Pts',(24.2074531412522,41.420468665443,4.));
#7438=CARTESIAN_POINT('Ctrl Pts',(24.2116296929632,41.3244825846346,4.));
#7439=CARTESIAN_POINT('',(23.755967680863,42.2303489095362,4.));
#7440=CARTESIAN_POINT('Ctrl Pts',(23.755967680863,42.2303489095362,4.));
#7441=CARTESIAN_POINT('Ctrl Pts',(23.825786422289,42.1816859760342,4.));
#7442=CARTESIAN_POINT('Ctrl Pts',(23.8956051637151,42.1330230425323,4.));
#7443=CARTESIAN_POINT('Ctrl Pts',(23.9519084138189,42.0719246066006,4.));
#7444=CARTESIAN_POINT('Ctrl Pts',(24.0088007218003,42.0101869444266,4.));
#7445=CARTESIAN_POINT('Ctrl Pts',(24.0518932545619,41.935752212336,4.));
#7446=CARTESIAN_POINT('Ctrl Pts',(24.0949857873235,41.8613174802454,4.));
#7447=CARTESIAN_POINT('',(23.2566500348364,42.3626816517504,4.));
#7448=CARTESIAN_POINT('Ctrl Pts',(23.2566500348364,42.3626816517504,4.));
#7449=CARTESIAN_POINT('Ctrl Pts',(23.3460015199842,42.3575734870876,4.));
#7450=CARTESIAN_POINT('Ctrl Pts',(23.435353005132,42.3524653224249,4.));
#7451=CARTESIAN_POINT('Ctrl Pts',(23.5199511689459,42.3295984661968,4.));
#7452=CARTESIAN_POINT('Ctrl Pts',(23.6015731807478,42.3075360628919,4.));
#7453=CARTESIAN_POINT('Ctrl Pts',(23.6787704308054,42.268942486214,4.));
#7454=CARTESIAN_POINT('Ctrl Pts',(23.755967680863,42.2303489095362,4.));
#7455=CARTESIAN_POINT('',(22.5663364571844,42.0809628314169,4.));
#7456=CARTESIAN_POINT('Ctrl Pts',(22.5663364571844,42.0809628314169,4.));
#7457=CARTESIAN_POINT('Ctrl Pts',(22.663572720003,42.1631175360236,4.));
#7458=CARTESIAN_POINT('Ctrl Pts',(22.7608089828216,42.2452722406303,4.));
#7459=CARTESIAN_POINT('Ctrl Pts',(22.8726125401769,42.292251946667,4.));
#7460=CARTESIAN_POINT('Ctrl Pts',(22.9899316796784,42.3415492929825,4.));
#7461=CARTESIAN_POINT('Ctrl Pts',(23.1232908572574,42.3521154723664,4.));
#7462=CARTESIAN_POINT('Ctrl Pts',(23.2566500348364,42.3626816517504,4.));
#7463=CARTESIAN_POINT('Ctrl Pts',(22.2989416760717,41.3012901193293,4.));
#7464=CARTESIAN_POINT('Ctrl Pts',(22.3066767746585,41.4544656396951,4.));
#7465=CARTESIAN_POINT('Ctrl Pts',(22.3144118732454,41.607641160061,4.));
#7466=CARTESIAN_POINT('Ctrl Pts',(22.3657894772802,41.7451851314695,4.));
#7467=CARTESIAN_POINT('Ctrl Pts',(22.4105526780798,41.8650215568265,4.));
#7468=CARTESIAN_POINT('Ctrl Pts',(22.4884445676321,41.9729921941217,4.));
#7469=CARTESIAN_POINT('Ctrl Pts',(22.5663364571844,42.0809628314169,4.));
#7470=CARTESIAN_POINT('',(22.77438527768,41.9418086356314,4.));
#7471=CARTESIAN_POINT('',(22.5717926663671,41.2971973663958,4.));
#7472=CARTESIAN_POINT('Ctrl Pts',(22.77438527768,41.9418086356314,4.));
#7473=CARTESIAN_POINT('Ctrl Pts',(22.7155557692231,41.8587330041643,4.));
#7474=CARTESIAN_POINT('Ctrl Pts',(22.6567262607663,41.7756573726972,4.));
#7475=CARTESIAN_POINT('Ctrl Pts',(22.6224399251257,41.6841346270235,4.));
#7476=CARTESIAN_POINT('Ctrl Pts',(22.5777119213372,41.5647392574473,4.));
#7477=CARTESIAN_POINT('Ctrl Pts',(22.5747522938521,41.4309683119215,4.));
#7478=CARTESIAN_POINT('Ctrl Pts',(22.5717926663671,41.2971973663958,4.));
#7479=CARTESIAN_POINT('',(23.2580137891088,42.1348509437235,4.));
#7480=CARTESIAN_POINT('Ctrl Pts',(23.2580137891088,42.1348509437235,4.));
#7481=CARTESIAN_POINT('Ctrl Pts',(23.1676436198719,42.126846035724,4.));
#7482=CARTESIAN_POINT('Ctrl Pts',(23.0772734506349,42.1188411277246,4.));
#7483=CARTESIAN_POINT('Ctrl Pts',(22.996587817124,42.0865904039534,4.));
#7484=CARTESIAN_POINT('Ctrl Pts',(22.9160947236569,42.054416640051,4.));
#7485=CARTESIAN_POINT('Ctrl Pts',(22.8452400006684,41.9981126378412,4.));
#7486=CARTESIAN_POINT('Ctrl Pts',(22.77438527768,41.9418086356314,4.));
#7487=CARTESIAN_POINT('',(23.6147666615759,42.0345780498178,4.));
#7488=CARTESIAN_POINT('Ctrl Pts',(23.6147666615759,42.0345780498178,4.));
#7489=CARTESIAN_POINT('Ctrl Pts',(23.5597311212342,42.0638227819105,4.));
#7490=CARTESIAN_POINT('Ctrl Pts',(23.5046955808925,42.0930675140032,4.));
#7491=CARTESIAN_POINT('Ctrl Pts',(23.4461117429052,42.1097827202471,4.));
#7492=CARTESIAN_POINT('Ctrl Pts',(23.3859103862434,42.1269594387301,4.));
#7493=CARTESIAN_POINT('Ctrl Pts',(23.3219620876761,42.1309051912268,4.));
#7494=CARTESIAN_POINT('Ctrl Pts',(23.2580137891088,42.1348509437235,4.));
#7495=CARTESIAN_POINT('',(23.8562405747686,41.7521769053133,4.));
#7496=CARTESIAN_POINT('Ctrl Pts',(23.8562405747686,41.7521769053133,4.));
#7497=CARTESIAN_POINT('Ctrl Pts',(23.8259954653481,41.8091881408708,4.));
#7498=CARTESIAN_POINT('Ctrl Pts',(23.7957503559277,41.8661993764284,4.));
#7499=CARTESIAN_POINT('Ctrl Pts',(23.7546027344976,41.9138413167389,4.));
#7500=CARTESIAN_POINT('Ctrl Pts',(23.7147938087171,41.9599332753976,4.));
#7501=CARTESIAN_POINT('Ctrl Pts',(23.6647802351465,41.9972556626077,4.));
#7502=CARTESIAN_POINT('Ctrl Pts',(23.6147666615759,42.0345780498178,4.));
#7503=CARTESIAN_POINT('',(23.9387775105749,41.3258467859419,4.));
#7504=CARTESIAN_POINT('Ctrl Pts',(23.9387775105749,41.3258467859419,4.));
#7505=CARTESIAN_POINT('Ctrl Pts',(23.9361050313203,41.4029129148447,4.));
#7506=CARTESIAN_POINT('Ctrl Pts',(23.9334325520658,41.4799790437475,4.));
#7507=CARTESIAN_POINT('Ctrl Pts',(23.9181435746465,41.5545302874239,4.));
#7508=CARTESIAN_POINT('Ctrl Pts',(23.9043526894495,41.621776618859,4.));
#7509=CARTESIAN_POINT('Ctrl Pts',(23.8802966321091,41.6869767620861,4.));
#7510=CARTESIAN_POINT('Ctrl Pts',(23.8562405747686,41.7521769053133,4.));
#7511=CARTESIAN_POINT('',(23.7457359475408,40.7296666747721,4.));
#7512=CARTESIAN_POINT('Ctrl Pts',(23.7457359475408,40.7296666747721,4.));
#7513=CARTESIAN_POINT('Ctrl Pts',(23.8019369641092,40.811652959152,4.));
#7514=CARTESIAN_POINT('Ctrl Pts',(23.8581379806776,40.893639243532,4.));
#7515=CARTESIAN_POINT('Ctrl Pts',(23.8905168217931,40.9837594873102,4.));
#7516=CARTESIAN_POINT('Ctrl Pts',(23.9287668673379,41.0902210934163,4.));
#7517=CARTESIAN_POINT('Ctrl Pts',(23.9337721889564,41.2080339396791,4.));
#7518=CARTESIAN_POINT('Ctrl Pts',(23.9387775105749,41.3258467859419,4.));
#7519=CARTESIAN_POINT('',(23.2539213341985,40.5195711797865,4.));
#7520=CARTESIAN_POINT('Ctrl Pts',(23.2539213341985,40.5195711797865,4.));
#7521=CARTESIAN_POINT('Ctrl Pts',(23.3486721401712,40.5278570086574,4.));
#7522=CARTESIAN_POINT('Ctrl Pts',(23.4434229461439,40.5361428375283,4.));
#7523=CARTESIAN_POINT('Ctrl Pts',(23.5262609166418,40.5720949417742,4.));
#7524=CARTESIAN_POINT('Ctrl Pts',(23.6069554796576,40.6071167961748,4.));
#7525=CARTESIAN_POINT('Ctrl Pts',(23.6763457135992,40.6683917354734,4.));
#7526=CARTESIAN_POINT('Ctrl Pts',(23.7457359475408,40.7296666747721,4.));
#7527=CARTESIAN_POINT('',(22.7661991757665,40.7276202983053,4.));
#7528=CARTESIAN_POINT('Ctrl Pts',(22.7661991757665,40.7276202983053,4.));
#7529=CARTESIAN_POINT('Ctrl Pts',(22.8355278297937,40.6669405601106,4.));
#7530=CARTESIAN_POINT('Ctrl Pts',(22.9048564838208,40.6062608219159,4.));
#7531=CARTESIAN_POINT('Ctrl Pts',(22.9853332680975,40.571583533922,4.));
#7532=CARTESIAN_POINT('Ctrl Pts',(23.0671760868025,40.5363176243808,4.));
#7533=CARTESIAN_POINT('Ctrl Pts',(23.1605487105005,40.5279444020837,4.));
#7534=CARTESIAN_POINT('Ctrl Pts',(23.2539213341985,40.5195711797865,4.));
#7535=CARTESIAN_POINT('Ctrl Pts',(22.5717926663671,41.2971973663958,4.));
#7536=CARTESIAN_POINT('Ctrl Pts',(22.5775275842707,41.1857548181922,4.));
#7537=CARTESIAN_POINT('Ctrl Pts',(22.5832625021742,41.0743122699887,4.));
#7538=CARTESIAN_POINT('Ctrl Pts',(22.620394293717,40.9740390128286,4.));
#7539=CARTESIAN_POINT('Ctrl Pts',(22.6529278002459,40.8861832824436,4.));
#7540=CARTESIAN_POINT('Ctrl Pts',(22.7095634880062,40.8069017903745,4.));
#7541=CARTESIAN_POINT('Ctrl Pts',(22.7661991757665,40.7276202983053,4.));
#7542=CARTESIAN_POINT('Origin',(19.3003063914691,41.3278931624086,4.));
#7543=CARTESIAN_POINT('',(20.1502371472631,40.3272110468538,4.));
#7544=CARTESIAN_POINT('',(18.657740418366,40.3272110468538,4.));
#7545=CARTESIAN_POINT('',(18.9790234049175,40.3272110468538,4.));
#7546=CARTESIAN_POINT('',(20.1502371472631,40.5632274097593,4.));
#7547=CARTESIAN_POINT('',(20.1502371472631,40.8275521046312,4.));
#7548=CARTESIAN_POINT('',(18.9224064988409,40.5632274097593,4.));
#7549=CARTESIAN_POINT('',(19.7252717693661,40.5632274097593,4.));
#7550=CARTESIAN_POINT('',(18.9224064988409,41.243991280237,4.));
#7551=CARTESIAN_POINT('',(18.9224064988409,40.945560286084,4.));
#7552=CARTESIAN_POINT('',(20.0288177174841,41.243991280237,4.));
#7553=CARTESIAN_POINT('',(19.111356445155,41.243991280237,4.));
#7554=CARTESIAN_POINT('',(20.0288177174841,41.4786434418352,4.));
#7555=CARTESIAN_POINT('',(20.0288177174841,41.2859422213228,4.));
#7556=CARTESIAN_POINT('',(18.9224064988409,41.4786434418352,4.));
#7557=CARTESIAN_POINT('',(19.6645620544766,41.4786434418352,4.));
#7558=CARTESIAN_POINT('',(18.9224064988409,42.0911947137506,4.));
#7559=CARTESIAN_POINT('',(18.9224064988409,41.4032683021219,4.));
#7560=CARTESIAN_POINT('',(20.103851620606,42.0911947137506,4.));
#7561=CARTESIAN_POINT('',(19.111356445155,42.0911947137506,4.));
#7562=CARTESIAN_POINT('',(20.103851620606,42.3272110766561,4.));
#7563=CARTESIAN_POINT('',(20.103851620606,41.7095439380796,4.));
#7564=CARTESIAN_POINT('',(18.657740418366,42.3272110766561,4.));
#7565=CARTESIAN_POINT('',(19.7020790060375,42.3272110766561,4.));
#7566=CARTESIAN_POINT('',(18.657740418366,41.8275521195324,4.));
#7567=CARTESIAN_POINT('Origin',(19.3003063914691,41.3278931624086,4.));
#7568=CARTESIAN_POINT('',(16.571793023995,40.3272110468538,4.));
#7569=CARTESIAN_POINT('',(16.316676799706,40.3272110468538,4.));
#7570=CARTESIAN_POINT('',(17.8084915955876,40.3272110468538,4.));
#7571=CARTESIAN_POINT('',(16.571793023995,42.0298031217249,4.));
#7572=CARTESIAN_POINT('',(16.571793023995,40.8275521046312,4.));
#7573=CARTESIAN_POINT('',(17.1502376241003,40.3272110468538,4.));
#7574=CARTESIAN_POINT('',(16.8198641429645,41.2996313454044,4.));
#7575=CARTESIAN_POINT('',(17.3889822406088,40.3272110468538,4.));
#7576=CARTESIAN_POINT('',(18.2252720077847,40.3272110468538,4.));
#7577=CARTESIAN_POINT('',(17.9701555413519,42.0011537021788,4.));
#7578=CARTESIAN_POINT('',(17.6468113828362,41.0698315327028,4.));
#7579=CARTESIAN_POINT('',(17.9701555413519,40.3272110468538,4.));
#7580=CARTESIAN_POINT('',(17.9701555413519,41.6645234322937,4.));
#7581=CARTESIAN_POINT('',(18.2252717656408,40.3272110468538,4.));
#7582=CARTESIAN_POINT('',(18.6352309664105,40.3272110468538,4.));
#7583=CARTESIAN_POINT('',(18.2252717656408,42.3272110766561,4.));
#7584=CARTESIAN_POINT('',(18.2252717656408,40.8275521046312,4.));
#7585=CARTESIAN_POINT('',(17.86920077031,42.3272110766561,4.));
#7586=CARTESIAN_POINT('',(18.7627890785549,42.3272110766561,4.));
#7587=CARTESIAN_POINT('',(17.3903465909277,40.9356694168241,4.));
#7588=CARTESIAN_POINT('',(17.7912263845614,42.1006189096859,4.));
#7589=CARTESIAN_POINT('',(17.2839344186102,40.6150691455992,4.));
#7590=CARTESIAN_POINT('Ctrl Pts',(17.2839344186102,40.6150691455992,4.));
#7591=CARTESIAN_POINT('Ctrl Pts',(17.2983716373488,40.6600139279183,4.));
#7592=CARTESIAN_POINT('Ctrl Pts',(17.3128088560875,40.7049587102374,4.));
#7593=CARTESIAN_POINT('Ctrl Pts',(17.327590648583,40.7497895008715,4.));
#7594=CARTESIAN_POINT('Ctrl Pts',(17.3480684339861,40.8118953185749,4.));
#7595=CARTESIAN_POINT('Ctrl Pts',(17.3692075124569,40.8737823676995,4.));
#7596=CARTESIAN_POINT('Ctrl Pts',(17.3903465909277,40.9356694168241,4.));
#7597=CARTESIAN_POINT('',(17.1884364527975,40.9111127502115,4.));
#7598=CARTESIAN_POINT('Ctrl Pts',(17.1884364527975,40.9111127502115,4.));
#7599=CARTESIAN_POINT('Ctrl Pts',(17.2074866137682,40.8535301967012,4.));
#7600=CARTESIAN_POINT('Ctrl Pts',(17.2265367747389,40.7959476431909,4.));
#7601=CARTESIAN_POINT('Ctrl Pts',(17.2450531167303,40.7381934172304,4.));
#7602=CARTESIAN_POINT('Ctrl Pts',(17.2581927595532,40.6972096256703,4.));
#7603=CARTESIAN_POINT('Ctrl Pts',(17.2710635890817,40.6561393856347,4.));
#7604=CARTESIAN_POINT('Ctrl Pts',(17.2839344186102,40.6150691455992,4.));
#7605=CARTESIAN_POINT('',(16.7150396746908,42.3272110766561,4.));
#7606=CARTESIAN_POINT('',(17.2319182059172,40.7810433440148,4.));
#7607=CARTESIAN_POINT('',(16.3166767997061,42.3272110766561,4.));
#7608=CARTESIAN_POINT('',(18.0076730330799,42.3272110766561,4.));
#7609=CARTESIAN_POINT('',(16.3166767997061,41.8275521195324,4.));
#7610=CARTESIAN_POINT('Origin',(19.3003063914691,41.3278931624086,4.));
#7611=CARTESIAN_POINT('',(13.9919835967336,40.3272110468538,4.));
#7612=CARTESIAN_POINT('',(12.7423251313482,40.3272110468538,4.));
#7613=CARTESIAN_POINT('',(16.0213157614086,40.3272110468538,4.));
#7614=CARTESIAN_POINT('',(13.9919835967336,40.5632274097593,4.));
#7615=CARTESIAN_POINT('',(13.9919835967336,40.8275521046312,4.));
#7616=CARTESIAN_POINT('',(13.0069906157766,40.5632274097593,4.));
#7617=CARTESIAN_POINT('',(16.6461449941014,40.5632274097593,4.));
#7618=CARTESIAN_POINT('',(13.0069906157766,42.3272110766561,4.));
#7619=CARTESIAN_POINT('',(13.0069906157766,40.945560286084,4.));
#7620=CARTESIAN_POINT('',(12.7423251313482,42.3272110766561,4.));
#7621=CARTESIAN_POINT('',(16.1536485036228,42.3272110766561,4.));
#7622=CARTESIAN_POINT('',(12.7423251313482,41.8275521195324,4.));
#7623=CARTESIAN_POINT('Origin',(19.3003063914691,41.3278931624086,4.));
#7624=CARTESIAN_POINT('',(9.55951458638055,40.3272110468538,4.));
#7625=CARTESIAN_POINT('',(9.2880273503576,40.3272110468538,4.));
#7626=CARTESIAN_POINT('',(14.2941668709133,40.3272110468538,4.));
#7627=CARTESIAN_POINT('',(10.3425974292074,42.3272110766561,4.));
#7628=CARTESIAN_POINT('',(10.3767823458487,42.4145196352943,4.));
#7629=CARTESIAN_POINT('',(10.0724748415266,42.3272110766561,4.));
#7630=CARTESIAN_POINT('',(14.8214519103382,42.3272110766561,4.));
#7631=CARTESIAN_POINT('',(9.53222936814172,40.87427797381,4.));
#7632=CARTESIAN_POINT('',(10.4696810447637,43.3954551800694,4.));
#7633=CARTESIAN_POINT('',(9.42445314352853,40.5468563980253,4.));
#7634=CARTESIAN_POINT('Ctrl Pts',(9.42445314352853,40.5468563980253,4.));
#7635=CARTESIAN_POINT('Ctrl Pts',(9.44060867191277,40.6016097535625,4.));
#7636=CARTESIAN_POINT('Ctrl Pts',(9.45676420029701,40.6563631090997,4.));
#7637=CARTESIAN_POINT('Ctrl Pts',(9.47458944146974,40.7105671114119,4.));
#7638=CARTESIAN_POINT('Ctrl Pts',(9.49265889824796,40.7655137383605,4.));
#7639=CARTESIAN_POINT('Ctrl Pts',(9.51244413319484,40.8198958560852,4.));
#7640=CARTESIAN_POINT('Ctrl Pts',(9.53222936814172,40.87427797381,4.));
#7641=CARTESIAN_POINT('',(9.31940532152993,40.87427797381,4.));
#7642=CARTESIAN_POINT('Ctrl Pts',(9.31940532152993,40.87427797381,4.));
#7643=CARTESIAN_POINT('Ctrl Pts',(9.33916881486744,40.8180647900992,4.));
#7644=CARTESIAN_POINT('Ctrl Pts',(9.35893230820495,40.7618516063883,4.));
#7645=CARTESIAN_POINT('Ctrl Pts',(9.3770450991903,40.7051101571711,4.));
#7646=CARTESIAN_POINT('Ctrl Pts',(9.39378809506561,40.652659827955,4.));
#7647=CARTESIAN_POINT('Ctrl Pts',(9.40912061929707,40.5997581129902,4.));
#7648=CARTESIAN_POINT('Ctrl Pts',(9.42445314352853,40.5468563980253,4.));
#7649=CARTESIAN_POINT('',(8.79962361281259,42.3272110766561,4.));
#7650=CARTESIAN_POINT('',(9.81369572588215,39.4926000908488,4.));
#7651=CARTESIAN_POINT('',(8.51312978988034,42.3272110766561,4.));
#7652=CARTESIAN_POINT('',(14.0499650021408,42.3272110766561,4.));
#7653=CARTESIAN_POINT('',(9.38544062762951,40.0757887074584,4.));
#7654=CARTESIAN_POINT('Ctrl Pts',(11.8153125685964,42.0345780498178,1.));
#7655=CARTESIAN_POINT('Ctrl Pts',(11.8153125685964,42.0345780498178,5.));
#7656=CARTESIAN_POINT('Ctrl Pts',(11.8653261789112,41.9972556863711,1.));
#7657=CARTESIAN_POINT('Ctrl Pts',(11.8653261789112,41.9972556863711,5.));
#7658=CARTESIAN_POINT('Ctrl Pts',(11.9670351727199,41.9213559461037,1.));
#7659=CARTESIAN_POINT('Ctrl Pts',(11.9670351727199,41.9213559461037,5.));
#7660=CARTESIAN_POINT('Ctrl Pts',(12.0265410021863,41.8091881558824,1.));
#7661=CARTESIAN_POINT('Ctrl Pts',(12.0265410021863,41.8091881558824,5.));
#7662=CARTESIAN_POINT('Ctrl Pts',(12.0567858857427,41.7521769053133,1.));
#7663=CARTESIAN_POINT('Ctrl Pts',(12.0567858857427,41.7521769053133,5.));
#7664=CARTESIAN_POINT('',(11.8153125685964,42.0345780498178,1.5));
#7665=CARTESIAN_POINT('',(11.8153125685964,42.0345780498178,4.));
#7666=CARTESIAN_POINT('',(12.0567858857427,41.7521769053133,1.5));
#7667=CARTESIAN_POINT('Ctrl Pts',(12.0567858857427,41.7521769053133,1.5));
#7668=CARTESIAN_POINT('Ctrl Pts',(12.0265410021863,41.8091881558824,1.5));
#7669=CARTESIAN_POINT('Ctrl Pts',(11.9962961186298,41.8661994064515,1.5));
#7670=CARTESIAN_POINT('Ctrl Pts',(11.9551486415182,41.9138413167389,1.5));
#7671=CARTESIAN_POINT('Ctrl Pts',(11.915339789226,41.9599333229244,1.5));
#7672=CARTESIAN_POINT('Ctrl Pts',(11.8653261789112,41.9972556863711,1.5));
#7673=CARTESIAN_POINT('Ctrl Pts',(11.8153125685964,42.0345780498178,1.5));
#7674=CARTESIAN_POINT('',(12.0567858857427,41.7521769053133,4.));
#7675=CARTESIAN_POINT('Ctrl Pts',(11.4585596961294,42.1348509437235,1.));
#7676=CARTESIAN_POINT('Ctrl Pts',(11.4585596961294,42.1348509437235,5.));
#7677=CARTESIAN_POINT('Ctrl Pts',(11.5225075631687,42.1309050857227,1.));
#7678=CARTESIAN_POINT('Ctrl Pts',(11.5225075631687,42.1309050857227,5.));
#7679=CARTESIAN_POINT('Ctrl Pts',(11.6486858699622,42.1231193423597,1.));
#7680=CARTESIAN_POINT('Ctrl Pts',(11.6486858699622,42.1231193423597,5.));
#7681=CARTESIAN_POINT('Ctrl Pts',(11.7602766272147,42.0638227832617,1.));
#7682=CARTESIAN_POINT('Ctrl Pts',(11.7602766272147,42.0638227832617,5.));
#7683=CARTESIAN_POINT('Ctrl Pts',(11.8153125685964,42.0345780498178,1.));
#7684=CARTESIAN_POINT('Ctrl Pts',(11.8153125685964,42.0345780498178,5.));
#7685=CARTESIAN_POINT('',(11.4585596961294,42.1348509437235,1.5));
#7686=CARTESIAN_POINT('',(11.4585596961294,42.1348509437235,4.));
#7687=CARTESIAN_POINT('Ctrl Pts',(11.8153125685964,42.0345780498178,1.5));
#7688=CARTESIAN_POINT('Ctrl Pts',(11.7602766272147,42.0638227832617,1.5));
#7689=CARTESIAN_POINT('Ctrl Pts',(11.705240685833,42.0930675167056,1.5));
#7690=CARTESIAN_POINT('Ctrl Pts',(11.6466564578329,42.1097827202471,1.5));
#7691=CARTESIAN_POINT('Ctrl Pts',(11.586455430208,42.126959227722,1.5));
#7692=CARTESIAN_POINT('Ctrl Pts',(11.5225075631687,42.1309050857227,1.5));
#7693=CARTESIAN_POINT('Ctrl Pts',(11.4585596961294,42.1348509437235,1.5));
#7694=CARTESIAN_POINT('Ctrl Pts',(10.9749305886541,41.9418086356314,1.));
#7695=CARTESIAN_POINT('Ctrl Pts',(10.9749305886541,41.9418086356314,5.));
#7696=CARTESIAN_POINT('Ctrl Pts',(11.045785617269,41.9981126379165,1.));
#7697=CARTESIAN_POINT('Ctrl Pts',(11.045785617269,41.9981126379165,5.));
#7698=CARTESIAN_POINT('Ctrl Pts',(11.1876648813156,42.1108551004241,1.));
#7699=CARTESIAN_POINT('Ctrl Pts',(11.1876648813156,42.1108551004241,5.));
#7700=CARTESIAN_POINT('Ctrl Pts',(11.3681896592267,42.1268459723254,1.));
#7701=CARTESIAN_POINT('Ctrl Pts',(11.3681896592267,42.1268459723254,5.));
#7702=CARTESIAN_POINT('Ctrl Pts',(11.4585596961294,42.1348509437235,1.));
#7703=CARTESIAN_POINT('Ctrl Pts',(11.4585596961294,42.1348509437235,5.));
#7704=CARTESIAN_POINT('',(10.9749305886541,41.9418086356314,1.5));
#7705=CARTESIAN_POINT('',(10.9749305886541,41.9418086356314,4.));
#7706=CARTESIAN_POINT('Ctrl Pts',(11.4585596961294,42.1348509437235,1.5));
#7707=CARTESIAN_POINT('Ctrl Pts',(11.3681896592267,42.1268459723254,1.5));
#7708=CARTESIAN_POINT('Ctrl Pts',(11.277819622324,42.1188410009273,1.5));
#7709=CARTESIAN_POINT('Ctrl Pts',(11.1971340221677,42.0865904039534,1.5));
#7710=CARTESIAN_POINT('Ctrl Pts',(11.1166406458839,42.0544166402016,1.5));
#7711=CARTESIAN_POINT('Ctrl Pts',(11.045785617269,41.9981126379165,1.5));
#7712=CARTESIAN_POINT('Ctrl Pts',(10.9749305886541,41.9418086356314,1.5));
#7713=CARTESIAN_POINT('Ctrl Pts',(10.7723385733877,41.2971973663958,1.));
#7714=CARTESIAN_POINT('Ctrl Pts',(10.7723385733877,41.2971973663958,5.));
#7715=CARTESIAN_POINT('Ctrl Pts',(10.7752985475213,41.43096824606,1.));
#7716=CARTESIAN_POINT('Ctrl Pts',(10.7752985475213,41.43096824606,5.));
#7717=CARTESIAN_POINT('Ctrl Pts',(10.7805274903656,41.6672812178675,1.));
#7718=CARTESIAN_POINT('Ctrl Pts',(10.7805274903656,41.6672812178675,5.));
#7719=CARTESIAN_POINT('Ctrl Pts',(10.9161016008703,41.8587329529486,1.));
#7720=CARTESIAN_POINT('Ctrl Pts',(10.9161016008703,41.8587329529486,5.));
#7721=CARTESIAN_POINT('Ctrl Pts',(10.9749305886541,41.9418086356314,1.));
#7722=CARTESIAN_POINT('Ctrl Pts',(10.9749305886541,41.9418086356314,5.));
#7723=CARTESIAN_POINT('',(10.7723385733877,41.2971973663958,1.5));
#7724=CARTESIAN_POINT('',(10.7723385733877,41.2971973663958,4.));
#7725=CARTESIAN_POINT('Ctrl Pts',(10.9749305886541,41.9418086356314,1.5));
#7726=CARTESIAN_POINT('Ctrl Pts',(10.9161016008703,41.8587329529486,1.5));
#7727=CARTESIAN_POINT('Ctrl Pts',(10.8572726130865,41.7756572702659,1.5));
#7728=CARTESIAN_POINT('Ctrl Pts',(10.8229864281927,41.6841346270235,1.5));
#7729=CARTESIAN_POINT('Ctrl Pts',(10.7782585216549,41.5647391257242,1.5));
#7730=CARTESIAN_POINT('Ctrl Pts',(10.7752985475213,41.43096824606,1.5));
#7731=CARTESIAN_POINT('Ctrl Pts',(10.7723385733877,41.2971973663958,1.5));
#7732=CARTESIAN_POINT('Ctrl Pts',(11.941506330422,40.4165698832663,1.));
#7733=CARTESIAN_POINT('Ctrl Pts',(11.941506330422,40.4165698832663,5.));
#7734=CARTESIAN_POINT('Ctrl Pts',(12.0125376113197,40.4630991360581,1.));
#7735=CARTESIAN_POINT('Ctrl Pts',(12.0125376113197,40.4630991360581,5.));
#7736=CARTESIAN_POINT('Ctrl Pts',(12.156492357569,40.557397122722,1.));
#7737=CARTESIAN_POINT('Ctrl Pts',(12.156492357569,40.557397122722,5.));
#7738=CARTESIAN_POINT('Ctrl Pts',(12.2447054990979,40.7052473843508,1.));
#7739=CARTESIAN_POINT('Ctrl Pts',(12.2447054990979,40.7052473843508,5.));
#7740=CARTESIAN_POINT('Ctrl Pts',(12.2893918198858,40.7801442093046,1.));
#7741=CARTESIAN_POINT('Ctrl Pts',(12.2893918198858,40.7801442093046,5.));
#7742=CARTESIAN_POINT('',(11.941506330422,40.4165698832663,1.5));
#7743=CARTESIAN_POINT('',(11.941506330422,40.4165698832663,4.));
#7744=CARTESIAN_POINT('',(12.2893918198858,40.7801442093046,1.5));
#7745=CARTESIAN_POINT('Ctrl Pts',(12.2893918198858,40.7801442093046,1.5));
#7746=CARTESIAN_POINT('Ctrl Pts',(12.2447054990979,40.7052473843508,1.5));
#7747=CARTESIAN_POINT('Ctrl Pts',(12.20001917831,40.6303505593969,1.5));
#7748=CARTESIAN_POINT('Ctrl Pts',(12.1410287064825,40.5691960698755,1.5));
#7749=CARTESIAN_POINT('Ctrl Pts',(12.0835688922174,40.5096283888499,1.5));
#7750=CARTESIAN_POINT('Ctrl Pts',(12.0125376113197,40.4630991360581,1.5));
#7751=CARTESIAN_POINT('Ctrl Pts',(11.941506330422,40.4165698832663,1.5));
#7752=CARTESIAN_POINT('',(12.2893918198858,40.7801442093046,4.));
#7753=CARTESIAN_POINT('Ctrl Pts',(11.4558309954916,40.2931046730669,1.));
#7754=CARTESIAN_POINT('Ctrl Pts',(11.4558309954916,40.2931046730669,5.));
#7755=CARTESIAN_POINT('Ctrl Pts',(11.5410638720199,40.2981685901064,1.));
#7756=CARTESIAN_POINT('Ctrl Pts',(11.5410638720199,40.2981685901064,5.));
#7757=CARTESIAN_POINT('Ctrl Pts',(11.7108696309254,40.3082572121376,1.));
#7758=CARTESIAN_POINT('Ctrl Pts',(11.7108696309254,40.3082572121376,5.));
#7759=CARTESIAN_POINT('Ctrl Pts',(11.8648268955448,40.3805593332093,1.));
#7760=CARTESIAN_POINT('Ctrl Pts',(11.8648268955448,40.3805593332093,5.));
#7761=CARTESIAN_POINT('Ctrl Pts',(11.941506330422,40.4165698832663,1.));
#7762=CARTESIAN_POINT('Ctrl Pts',(11.941506330422,40.4165698832663,5.));
#7763=CARTESIAN_POINT('',(11.4558309954916,40.2931046730669,1.5));
#7764=CARTESIAN_POINT('',(11.4558309954916,40.2931046730669,4.));
#7765=CARTESIAN_POINT('Ctrl Pts',(11.941506330422,40.4165698832663,1.5));
#7766=CARTESIAN_POINT('Ctrl Pts',(11.8648268955448,40.3805593332093,1.5));
#7767=CARTESIAN_POINT('Ctrl Pts',(11.7881474606676,40.3445487831524,1.5));
#7768=CARTESIAN_POINT('Ctrl Pts',(11.7075366420065,40.3239709383638,1.5));
#7769=CARTESIAN_POINT('Ctrl Pts',(11.6262967485482,40.3032325071459,1.5));
#7770=CARTESIAN_POINT('Ctrl Pts',(11.5410638720199,40.2981685901064,1.5));
#7771=CARTESIAN_POINT('Ctrl Pts',(11.4558309954916,40.2931046730669,1.5));
#7772=CARTESIAN_POINT('Ctrl Pts',(10.9510562462125,40.4295303172262,1.));
#7773=CARTESIAN_POINT('Ctrl Pts',(10.9510562462125,40.4295303172262,5.));
#7774=CARTESIAN_POINT('Ctrl Pts',(11.0286300749093,40.3897443773789,1.));
#7775=CARTESIAN_POINT('Ctrl Pts',(11.0286300749093,40.3897443773789,5.));
#7776=CARTESIAN_POINT('Ctrl Pts',(11.1870990288422,40.3084690764847,1.));
#7777=CARTESIAN_POINT('Ctrl Pts',(11.1870990288422,40.3084690764847,5.));
#7778=CARTESIAN_POINT('Ctrl Pts',(11.3650107430438,40.2982972038049,1.));
#7779=CARTESIAN_POINT('Ctrl Pts',(11.3650107430438,40.2982972038049,5.));
#7780=CARTESIAN_POINT('Ctrl Pts',(11.4558309954916,40.2931046730669,1.));
#7781=CARTESIAN_POINT('Ctrl Pts',(11.4558309954916,40.2931046730669,5.));
#7782=CARTESIAN_POINT('',(10.9510562462125,40.4295303172262,1.5));
#7783=CARTESIAN_POINT('',(10.9510562462125,40.4295303172262,4.));
#7784=CARTESIAN_POINT('Ctrl Pts',(11.4558309954916,40.2931046730669,1.5));
#7785=CARTESIAN_POINT('Ctrl Pts',(11.3650107430438,40.2982972038049,1.5));
#7786=CARTESIAN_POINT('Ctrl Pts',(11.2741904905961,40.3034897345429,1.5));
#7787=CARTESIAN_POINT('Ctrl Pts',(11.1884368104253,40.3272110468538,1.5));
#7788=CARTESIAN_POINT('Ctrl Pts',(11.106203903606,40.3499584375315,1.5));
#7789=CARTESIAN_POINT('Ctrl Pts',(11.0286300749093,40.3897443773789,1.5));
#7790=CARTESIAN_POINT('Ctrl Pts',(10.9510562462125,40.4295303172262,1.5));
#7791=CARTESIAN_POINT('Ctrl Pts',(10.6140846652303,40.801972324291,1.));
#7792=CARTESIAN_POINT('Ctrl Pts',(10.6140846652303,40.801972324291,5.));
#7793=CARTESIAN_POINT('Ctrl Pts',(10.6567188147506,40.7274840832147,1.));
#7794=CARTESIAN_POINT('Ctrl Pts',(10.6567188147506,40.7274840832147,5.));
#7795=CARTESIAN_POINT('Ctrl Pts',(10.7418591195904,40.5787312260898,1.));
#7796=CARTESIAN_POINT('Ctrl Pts',(10.7418591195904,40.5787312260898,5.));
#7797=CARTESIAN_POINT('Ctrl Pts',(10.8813937930156,40.4792140843911,1.));
#7798=CARTESIAN_POINT('Ctrl Pts',(10.8813937930156,40.4792140843911,5.));
#7799=CARTESIAN_POINT('Ctrl Pts',(10.9510562462125,40.4295303172262,1.));
#7800=CARTESIAN_POINT('Ctrl Pts',(10.9510562462125,40.4295303172262,5.));
#7801=CARTESIAN_POINT('',(10.6140846652303,40.801972324291,1.5));
#7802=CARTESIAN_POINT('',(10.6140846652303,40.801972324291,4.));
#7803=CARTESIAN_POINT('Ctrl Pts',(10.9510562462125,40.4295303172262,1.5));
#7804=CARTESIAN_POINT('Ctrl Pts',(10.8813937930156,40.4792140843911,1.5));
#7805=CARTESIAN_POINT('Ctrl Pts',(10.8117313398186,40.528897851556,1.5));
#7806=CARTESIAN_POINT('Ctrl Pts',(10.7556266230856,40.5908535665663,1.5));
#7807=CARTESIAN_POINT('Ctrl Pts',(10.6993529642708,40.6529958421384,1.5));
#7808=CARTESIAN_POINT('Ctrl Pts',(10.6567188147506,40.7274840832147,1.5));
#7809=CARTESIAN_POINT('Ctrl Pts',(10.6140846652303,40.801972324291,1.5));
#7810=CARTESIAN_POINT('Ctrl Pts',(10.4994872850691,41.3012901193293,1.));
#7811=CARTESIAN_POINT('Ctrl Pts',(10.4994872850691,41.3012901193293,5.));
#7812=CARTESIAN_POINT('Ctrl Pts',(10.5042444614653,41.2146962226154,1.));
#7813=CARTESIAN_POINT('Ctrl Pts',(10.5042444614653,41.2146962226154,5.));
#7814=CARTESIAN_POINT('Ctrl Pts',(10.5137500287867,41.0416683493001,1.));
#7815=CARTESIAN_POINT('Ctrl Pts',(10.5137500287867,41.0416683493001,5.));
#7816=CARTESIAN_POINT('Ctrl Pts',(10.5806604002702,40.881821753499,1.));
#7817=CARTESIAN_POINT('Ctrl Pts',(10.5806604002702,40.881821753499,5.));
#7818=CARTESIAN_POINT('Ctrl Pts',(10.6140846652303,40.801972324291,1.));
#7819=CARTESIAN_POINT('Ctrl Pts',(10.6140846652303,40.801972324291,5.));
#7820=CARTESIAN_POINT('',(10.4994872850691,41.3012901193293,1.5));
#7821=CARTESIAN_POINT('',(10.4994872850691,41.3012901193293,4.));
#7822=CARTESIAN_POINT('Ctrl Pts',(10.6140846652303,40.801972324291,1.5));
#7823=CARTESIAN_POINT('Ctrl Pts',(10.5806604002702,40.881821753499,1.5));
#7824=CARTESIAN_POINT('Ctrl Pts',(10.54723613531,40.9616711827069,1.5));
#7825=CARTESIAN_POINT('Ctrl Pts',(10.5281365556036,41.0448098427446,1.5));
#7826=CARTESIAN_POINT('Ctrl Pts',(10.5090016378616,41.1281023259015,1.5));
#7827=CARTESIAN_POINT('Ctrl Pts',(10.5042444614653,41.2146962226154,1.5));
#7828=CARTESIAN_POINT('Ctrl Pts',(10.4994872850691,41.3012901193293,1.5));
#7829=CARTESIAN_POINT('Ctrl Pts',(14.3112201136862,41.1716857797296,1.));
#7830=CARTESIAN_POINT('Ctrl Pts',(14.3112201136862,41.1716857797296,5.));
#7831=CARTESIAN_POINT('Ctrl Pts',(14.3125893517247,41.0761071532751,1.));
#7832=CARTESIAN_POINT('Ctrl Pts',(14.3125893517247,41.0761071532751,5.));
#7833=CARTESIAN_POINT('Ctrl Pts',(14.3150375805448,40.9052103907709,1.));
#7834=CARTESIAN_POINT('Ctrl Pts',(14.3150375805448,40.9052103907709,5.));
#7835=CARTESIAN_POINT('Ctrl Pts',(14.3654156101432,40.7421750394519,1.));
#7836=CARTESIAN_POINT('Ctrl Pts',(14.3654156101432,40.7421750394519,5.));
#7837=CARTESIAN_POINT('Ctrl Pts',(14.387618367127,40.6703216082247,1.));
#7838=CARTESIAN_POINT('Ctrl Pts',(14.387618367127,40.6703216082247,5.));
#7839=CARTESIAN_POINT('',(14.3112201136862,41.1716857797296,1.5));
#7840=CARTESIAN_POINT('',(14.3112201136862,41.1716857797296,4.));
#7841=CARTESIAN_POINT('',(14.387618367127,40.6703216082247,1.5));
#7842=CARTESIAN_POINT('Ctrl Pts',(14.387618367127,40.6703216082247,1.5));
#7843=CARTESIAN_POINT('Ctrl Pts',(14.3654156101432,40.7421750394519,1.5));
#7844=CARTESIAN_POINT('Ctrl Pts',(14.3432128531594,40.814028470679,1.5));
#7845=CARTESIAN_POINT('Ctrl Pts',(14.330319826058,40.887408877054,1.5));
#7846=CARTESIAN_POINT('Ctrl Pts',(14.3139585897632,40.9805285268205,1.5));
#7847=CARTESIAN_POINT('Ctrl Pts',(14.3125893517247,41.0761071532751,1.5));
#7848=CARTESIAN_POINT('Ctrl Pts',(14.3112201136862,41.1716857797296,1.5));
#7849=CARTESIAN_POINT('',(14.387618367127,40.6703216082247,4.));
#7850=CARTESIAN_POINT('Origin',(14.3112201136862,42.3272110766561,4.));
#7851=CARTESIAN_POINT('',(14.3112201136862,42.3272110766561,1.5));
#7852=CARTESIAN_POINT('',(14.3112201136862,42.3272110766561,4.));
#7853=CARTESIAN_POINT('',(14.3112201136862,33.0166311310646,1.5));
#7854=CARTESIAN_POINT('Origin',(14.5758855981146,42.3272110766561,4.));
#7855=CARTESIAN_POINT('',(14.5758855981146,42.3272110766561,1.5));
#7856=CARTESIAN_POINT('',(14.5758855981146,42.3272110766561,4.));
#7857=CARTESIAN_POINT('',(16.8413600568431,42.3272110766561,1.5));
#7858=CARTESIAN_POINT('Origin',(14.5758855981146,41.1730499810369,4.));
#7859=CARTESIAN_POINT('',(14.5758855981146,41.1730499810369,1.5));
#7860=CARTESIAN_POINT('',(14.5758855981146,41.1730499810369,4.));
#7861=CARTESIAN_POINT('',(14.5758855981146,33.5943937795278,1.5));
#7862=CARTESIAN_POINT('Ctrl Pts',(14.6243167561804,40.7890118903311,1.));
#7863=CARTESIAN_POINT('Ctrl Pts',(14.6243167561804,40.7890118903311,5.));
#7864=CARTESIAN_POINT('Ctrl Pts',(14.6102872338694,40.8413219638874,1.));
#7865=CARTESIAN_POINT('Ctrl Pts',(14.6102872338694,40.8413219638874,5.));
#7866=CARTESIAN_POINT('Ctrl Pts',(14.576616239287,40.966866666286,1.));
#7867=CARTESIAN_POINT('Ctrl Pts',(14.576616239287,40.966866666286,5.));
#7868=CARTESIAN_POINT('Ctrl Pts',(14.5761547822131,41.0970875636418,1.));
#7869=CARTESIAN_POINT('Ctrl Pts',(14.5761547822131,41.0970875636418,5.));
#7870=CARTESIAN_POINT('Ctrl Pts',(14.5758855981146,41.1730499810369,1.));
#7871=CARTESIAN_POINT('Ctrl Pts',(14.5758855981146,41.1730499810369,5.));
#7872=CARTESIAN_POINT('',(14.6243167561804,40.7890118903311,1.5));
#7873=CARTESIAN_POINT('',(14.6243167561804,40.7890118903311,4.));
#7874=CARTESIAN_POINT('Ctrl Pts',(14.5758855981146,41.1730499810369,1.5));
#7875=CARTESIAN_POINT('Ctrl Pts',(14.5761547822131,41.0970875636418,1.5));
#7876=CARTESIAN_POINT('Ctrl Pts',(14.5764239663116,41.0211251462466,1.5));
#7877=CARTESIAN_POINT('Ctrl Pts',(14.5879936856542,40.9467539436014,1.5));
#7878=CARTESIAN_POINT('Ctrl Pts',(14.5962577115585,40.8936320374438,1.5));
#7879=CARTESIAN_POINT('Ctrl Pts',(14.6102872338694,40.8413219638874,1.5));
#7880=CARTESIAN_POINT('Ctrl Pts',(14.6243167561804,40.7890118903311,1.5));
#7881=CARTESIAN_POINT('Ctrl Pts',(14.7907561702047,40.5986981338652,1.));
#7882=CARTESIAN_POINT('Ctrl Pts',(14.7907561702047,40.5986981338652,5.));
#7883=CARTESIAN_POINT('Ctrl Pts',(14.754369327868,40.6232129653537,1.));
#7884=CARTESIAN_POINT('Ctrl Pts',(14.754369327868,40.6232129653537,5.));
#7885=CARTESIAN_POINT('Ctrl Pts',(14.6820374108122,40.671944997154,1.));
#7886=CARTESIAN_POINT('Ctrl Pts',(14.6820374108122,40.671944997154,5.));
#7887=CARTESIAN_POINT('Ctrl Pts',(14.6434784747465,40.7501488026759,1.));
#7888=CARTESIAN_POINT('Ctrl Pts',(14.6434784747465,40.7501488026759,5.));
#7889=CARTESIAN_POINT('Ctrl Pts',(14.6243167561804,40.7890118903311,1.));
#7890=CARTESIAN_POINT('Ctrl Pts',(14.6243167561804,40.7890118903311,5.));
#7891=CARTESIAN_POINT('',(14.7907561702047,40.5986981338652,1.5));
#7892=CARTESIAN_POINT('',(14.7907561702047,40.5986981338652,4.));
#7893=CARTESIAN_POINT('Ctrl Pts',(14.6243167561804,40.7890118903311,1.5));
#7894=CARTESIAN_POINT('Ctrl Pts',(14.6434784747465,40.7501488026759,1.5));
#7895=CARTESIAN_POINT('Ctrl Pts',(14.6626401933126,40.7112857150208,1.5));
#7896=CARTESIAN_POINT('Ctrl Pts',(14.690142337731,40.6797008461149,1.5));
#7897=CARTESIAN_POINT('Ctrl Pts',(14.7179824855313,40.6477277968422,1.5));
#7898=CARTESIAN_POINT('Ctrl Pts',(14.754369327868,40.6232129653537,1.5));
#7899=CARTESIAN_POINT('Ctrl Pts',(14.7907561702047,40.5986981338652,1.5));
#7900=CARTESIAN_POINT('Ctrl Pts',(15.0792962950979,40.5318495875986,1.));
#7901=CARTESIAN_POINT('Ctrl Pts',(15.0792962950979,40.5318495875986,5.));
#7902=CARTESIAN_POINT('Ctrl Pts',(15.0259856322818,40.5339039214423,1.));
#7903=CARTESIAN_POINT('Ctrl Pts',(15.0259856322818,40.5339039214423,5.));
#7904=CARTESIAN_POINT('Ctrl Pts',(14.9253894537107,40.5377804092456,1.));
#7905=CARTESIAN_POINT('Ctrl Pts',(14.9253894537107,40.5377804092456,5.));
#7906=CARTESIAN_POINT('Ctrl Pts',(14.8338054757822,40.5792195497146,1.));
#7907=CARTESIAN_POINT('Ctrl Pts',(14.8338054757822,40.5792195497146,5.));
#7908=CARTESIAN_POINT('Ctrl Pts',(14.7907561702047,40.5986981338652,1.));
#7909=CARTESIAN_POINT('Ctrl Pts',(14.7907561702047,40.5986981338652,5.));
#7910=CARTESIAN_POINT('',(15.0792962950979,40.5318495875986,1.5));
#7911=CARTESIAN_POINT('',(15.0792962950979,40.5318495875986,4.));
#7912=CARTESIAN_POINT('Ctrl Pts',(14.7907561702047,40.5986981338652,1.5));
#7913=CARTESIAN_POINT('Ctrl Pts',(14.8338054757822,40.5792195497146,1.5));
#7914=CARTESIAN_POINT('Ctrl Pts',(14.8768547813598,40.5597409655641,1.5));
#7915=CARTESIAN_POINT('Ctrl Pts',(14.9218953294073,40.548561835924,1.5));
#7916=CARTESIAN_POINT('Ctrl Pts',(14.9726749694657,40.5359582552861,1.5));
#7917=CARTESIAN_POINT('Ctrl Pts',(15.0259856322818,40.5339039214423,1.5));
#7918=CARTESIAN_POINT('Ctrl Pts',(15.0792962950979,40.5318495875986,1.5));
#7919=CARTESIAN_POINT('Ctrl Pts',(15.4953945321356,40.6641823298128,1.));
#7920=CARTESIAN_POINT('Ctrl Pts',(15.4953945321356,40.6641823298128,5.));
#7921=CARTESIAN_POINT('Ctrl Pts',(15.4418897582901,40.62575429412,1.));
#7922=CARTESIAN_POINT('Ctrl Pts',(15.4418897582901,40.62575429412,5.));
#7923=CARTESIAN_POINT('Ctrl Pts',(15.3186515571829,40.5372425287112,1.));
#7924=CARTESIAN_POINT('Ctrl Pts',(15.3186515571829,40.5372425287112,5.));
#7925=CARTESIAN_POINT('Ctrl Pts',(15.1657912005895,40.533798414325,1.));
#7926=CARTESIAN_POINT('Ctrl Pts',(15.1657912005895,40.533798414325,5.));
#7927=CARTESIAN_POINT('Ctrl Pts',(15.0792962950979,40.5318495875986,1.));
#7928=CARTESIAN_POINT('Ctrl Pts',(15.0792962950979,40.5318495875986,5.));
#7929=CARTESIAN_POINT('',(15.4953945321356,40.6641823298128,1.5));
#7930=CARTESIAN_POINT('',(15.4953945321356,40.6641823298128,4.));
#7931=CARTESIAN_POINT('Ctrl Pts',(15.0792962950979,40.5318495875986,1.5));
#7932=CARTESIAN_POINT('Ctrl Pts',(15.1657912005895,40.533798414325,1.5));
#7933=CARTESIAN_POINT('Ctrl Pts',(15.252286106081,40.5357472410514,1.5));
#7934=CARTESIAN_POINT('Ctrl Pts',(15.3292966527258,40.564932847658,1.5));
#7935=CARTESIAN_POINT('Ctrl Pts',(15.3883849844447,40.5873262584273,1.5));
#7936=CARTESIAN_POINT('Ctrl Pts',(15.4418897582901,40.62575429412,1.5));
#7937=CARTESIAN_POINT('Ctrl Pts',(15.4953945321356,40.6641823298128,1.5));
#7938=CARTESIAN_POINT('Ctrl Pts',(15.619542066506,41.1730499810369,1.));
#7939=CARTESIAN_POINT('Ctrl Pts',(15.619542066506,41.1730499810369,5.));
#7940=CARTESIAN_POINT('Ctrl Pts',(15.6197791488855,41.0649210254544,1.));
#7941=CARTESIAN_POINT('Ctrl Pts',(15.6197791488855,41.0649210254544,5.));
#7942=CARTESIAN_POINT('Ctrl Pts',(15.6201767493299,40.8835827037811,1.));
#7943=CARTESIAN_POINT('Ctrl Pts',(15.6201767493299,40.8835827037811,5.));
#7944=CARTESIAN_POINT('Ctrl Pts',(15.5312826091416,40.727283128093,1.));
#7945=CARTESIAN_POINT('Ctrl Pts',(15.5312826091416,40.727283128093,5.));
#7946=CARTESIAN_POINT('Ctrl Pts',(15.4953945321356,40.6641823298128,1.));
#7947=CARTESIAN_POINT('Ctrl Pts',(15.4953945321356,40.6641823298128,5.));
#7948=CARTESIAN_POINT('',(15.619542066506,41.1730499810369,1.5));
#7949=CARTESIAN_POINT('',(15.619542066506,41.1730499810369,4.));
#7950=CARTESIAN_POINT('Ctrl Pts',(15.4953945321356,40.6641823298128,1.5));
#7951=CARTESIAN_POINT('Ctrl Pts',(15.5312826091416,40.727283128093,1.5));
#7952=CARTESIAN_POINT('Ctrl Pts',(15.5671706861477,40.7903839263732,1.5));
#7953=CARTESIAN_POINT('Ctrl Pts',(15.588505331925,40.8575657254847,1.5));
#7954=CARTESIAN_POINT('Ctrl Pts',(15.6200162312649,40.9567920698718,1.5));
#7955=CARTESIAN_POINT('Ctrl Pts',(15.6197791488855,41.0649210254544,1.5));
#7956=CARTESIAN_POINT('Ctrl Pts',(15.619542066506,41.1730499810369,1.5));
#7957=CARTESIAN_POINT('Ctrl Pts',(29.7116304082189,41.8244825548323,1.));
#7958=CARTESIAN_POINT('Ctrl Pts',(29.7116304082189,41.8244825548323,5.));
#7959=CARTESIAN_POINT('Ctrl Pts',(29.7415625643253,41.7571770067393,1.));
#7960=CARTESIAN_POINT('Ctrl Pts',(29.7415625643253,41.7571770067393,5.));
#7961=CARTESIAN_POINT('Ctrl Pts',(29.8095977493954,41.604192858037,1.));
#7962=CARTESIAN_POINT('Ctrl Pts',(29.8095977493954,41.604192858037,5.));
#7963=CARTESIAN_POINT('Ctrl Pts',(29.812824733782,41.4362654839086,1.));
#7964=CARTESIAN_POINT('Ctrl Pts',(29.812824733782,41.4362654839086,5.));
#7965=CARTESIAN_POINT('Ctrl Pts',(29.8146320027624,41.3422179466875,1.));
#7966=CARTESIAN_POINT('Ctrl Pts',(29.8146320027624,41.3422179466875,5.));
#7967=CARTESIAN_POINT('',(29.7116304082189,41.8244825548323,1.5));
#7968=CARTESIAN_POINT('',(29.7116304082189,41.8244825548323,4.));
#7969=CARTESIAN_POINT('',(29.8146320027624,41.3422179466875,1.5));
#7970=CARTESIAN_POINT('Ctrl Pts',(29.8146320027624,41.3422179466875,1.5));
#7971=CARTESIAN_POINT('Ctrl Pts',(29.812824733782,41.4362654839086,1.5));
#7972=CARTESIAN_POINT('Ctrl Pts',(29.8110174648017,41.5303130211297,1.5));
#7973=CARTESIAN_POINT('Ctrl Pts',(29.7888827962194,41.6196735448034,1.5));
#7974=CARTESIAN_POINT('Ctrl Pts',(29.7714947204316,41.6898714586463,1.5));
#7975=CARTESIAN_POINT('Ctrl Pts',(29.7415625643253,41.7571770067393,1.5));
#7976=CARTESIAN_POINT('Ctrl Pts',(29.7116304082189,41.8244825548323,1.5));
#7977=CARTESIAN_POINT('',(29.8146320027624,41.3422179466875,4.));
#7978=CARTESIAN_POINT('Ctrl Pts',(29.4612909001623,42.0502668863924,1.));
#7979=CARTESIAN_POINT('Ctrl Pts',(29.4612909001623,42.0502668863924,5.));
#7980=CARTESIAN_POINT('Ctrl Pts',(29.5094563768239,42.0250101245127,1.));
#7981=CARTESIAN_POINT('Ctrl Pts',(29.5094563768239,42.0250101245127,5.));
#7982=CARTESIAN_POINT('Ctrl Pts',(29.6119304316243,41.9712753131846,1.));
#7983=CARTESIAN_POINT('Ctrl Pts',(29.6119304316243,41.9712753131846,5.));
#7984=CARTESIAN_POINT('Ctrl Pts',(29.6770949251248,41.8753306994114,1.));
#7985=CARTESIAN_POINT('Ctrl Pts',(29.6770949251248,41.8753306994114,5.));
#7986=CARTESIAN_POINT('Ctrl Pts',(29.7116304082189,41.8244825548323,1.));
#7987=CARTESIAN_POINT('Ctrl Pts',(29.7116304082189,41.8244825548323,5.));
#7988=CARTESIAN_POINT('',(29.4612909001623,42.0502668863924,1.5));
#7989=CARTESIAN_POINT('',(29.4612909001623,42.0502668863924,4.));
#7990=CARTESIAN_POINT('Ctrl Pts',(29.7116304082189,41.8244825548323,1.5));
#7991=CARTESIAN_POINT('Ctrl Pts',(29.6770949251248,41.8753306994114,1.5));
#7992=CARTESIAN_POINT('Ctrl Pts',(29.6425594420307,41.9261788439904,1.5));
#7993=CARTESIAN_POINT('Ctrl Pts',(29.597544733933,41.9651714212091,1.5));
#7994=CARTESIAN_POINT('Ctrl Pts',(29.5576218534855,41.999753362633,1.5));
#7995=CARTESIAN_POINT('Ctrl Pts',(29.5094563768239,42.0250101245127,1.5));
#7996=CARTESIAN_POINT('Ctrl Pts',(29.4612909001623,42.0502668863924,1.5));
#7997=CARTESIAN_POINT('Ctrl Pts',(29.1188598317419,42.0911947137506,1.));
#7998=CARTESIAN_POINT('Ctrl Pts',(29.1188598317419,42.0911947137506,5.));
#7999=CARTESIAN_POINT('Ctrl Pts',(29.1871781846948,42.0911015549508,1.));
#8000=CARTESIAN_POINT('Ctrl Pts',(29.1871781846948,42.0911015549508,5.));
#8001=CARTESIAN_POINT('Ctrl Pts',(29.3031385390048,42.0909434315921,1.));
#8002=CARTESIAN_POINT('Ctrl Pts',(29.3031385390048,42.0909434315921,5.));
#8003=CARTESIAN_POINT('Ctrl Pts',(29.4152359703652,42.0621121438381,1.));
#8004=CARTESIAN_POINT('Ctrl Pts',(29.4152359703652,42.0621121438381,5.));
#8005=CARTESIAN_POINT('Ctrl Pts',(29.4612909001623,42.0502668863924,1.));
#8006=CARTESIAN_POINT('Ctrl Pts',(29.4612909001623,42.0502668863924,5.));
#8007=CARTESIAN_POINT('',(29.1188598317419,42.0911947137506,1.5));
#8008=CARTESIAN_POINT('',(29.1188598317419,42.0911947137506,4.));
#8009=CARTESIAN_POINT('Ctrl Pts',(29.4612909001623,42.0502668863924,1.5));
#8010=CARTESIAN_POINT('Ctrl Pts',(29.4152359703652,42.0621121438381,1.5));
#8011=CARTESIAN_POINT('Ctrl Pts',(29.3691810405681,42.0739574012839,1.5));
#8012=CARTESIAN_POINT('Ctrl Pts',(29.3224740666662,42.0809627569111,1.5));
#8013=CARTESIAN_POINT('Ctrl Pts',(29.2554965376478,42.091008396151,1.5));
#8014=CARTESIAN_POINT('Ctrl Pts',(29.1871781846948,42.0911015549508,1.5));
#8015=CARTESIAN_POINT('Ctrl Pts',(29.1188598317419,42.0911947137506,1.5));
#8016=CARTESIAN_POINT('Origin',(28.6986709279333,42.0911947137506,4.));
#8017=CARTESIAN_POINT('',(28.6986709279333,42.0911947137506,1.5));
#8018=CARTESIAN_POINT('',(28.6986709279333,42.0911947137506,4.));
#8019=CARTESIAN_POINT('',(24.2451799158709,42.0911947137506,1.5));
#8020=CARTESIAN_POINT('Origin',(28.6986709279333,40.5632274097593,4.));
#8021=CARTESIAN_POINT('',(28.6986709279333,40.5632274097593,1.5));
#8022=CARTESIAN_POINT('',(28.6986709279333,40.5632274097593,4.));
#8023=CARTESIAN_POINT('',(28.6986709279333,33.4763855980751,1.5));
#8024=CARTESIAN_POINT('Ctrl Pts',(30.0342775029455,40.9343052155169,1.));
#8025=CARTESIAN_POINT('Ctrl Pts',(30.0342775029455,40.9343052155169,5.));
#8026=CARTESIAN_POINT('Ctrl Pts',(30.0497833838257,40.9969890198401,1.));
#8027=CARTESIAN_POINT('Ctrl Pts',(30.0497833838257,40.9969890198401,5.));
#8028=CARTESIAN_POINT('Ctrl Pts',(30.0825747889043,41.1295509836073,1.));
#8029=CARTESIAN_POINT('Ctrl Pts',(30.0825747889043,41.1295509836073,5.));
#8030=CARTESIAN_POINT('Ctrl Pts',(30.0857887821129,41.266129673887,1.));
#8031=CARTESIAN_POINT('Ctrl Pts',(30.0857887821129,41.266129673887,5.));
#8032=CARTESIAN_POINT('Ctrl Pts',(30.0874829930578,41.338125193754,1.));
#8033=CARTESIAN_POINT('Ctrl Pts',(30.0874829930578,41.338125193754,5.));
#8034=CARTESIAN_POINT('',(30.0342775029455,40.9343052155169,1.5));
#8035=CARTESIAN_POINT('',(30.0342775029455,40.9343052155169,4.));
#8036=CARTESIAN_POINT('',(30.0874829930578,41.338125193754,1.5));
#8037=CARTESIAN_POINT('Ctrl Pts',(30.0874829930578,41.338125193754,1.5));
#8038=CARTESIAN_POINT('Ctrl Pts',(30.0857887821129,41.266129673887,1.5));
#8039=CARTESIAN_POINT('Ctrl Pts',(30.0840945711681,41.19413415402,1.5));
#8040=CARTESIAN_POINT('Ctrl Pts',(30.0741816205297,41.1232547706755,1.5));
#8041=CARTESIAN_POINT('Ctrl Pts',(30.065289264706,41.0596728241634,1.5));
#8042=CARTESIAN_POINT('Ctrl Pts',(30.0497833838257,40.9969890198401,1.5));
#8043=CARTESIAN_POINT('Ctrl Pts',(30.0342775029455,40.9343052155169,1.5));
#8044=CARTESIAN_POINT('',(30.0874829930578,41.338125193754,4.));
#8045=CARTESIAN_POINT('Ctrl Pts',(29.897849623612,40.6430363899858,1.));
#8046=CARTESIAN_POINT('Ctrl Pts',(29.897849623612,40.6430363899858,5.));
#8047=CARTESIAN_POINT('Ctrl Pts',(29.9248367534856,40.6856917676218,1.));
#8048=CARTESIAN_POINT('Ctrl Pts',(29.9248367534856,40.6856917676218,5.));
#8049=CARTESIAN_POINT('Ctrl Pts',(29.9825775325177,40.776955816305,1.));
#8050=CARTESIAN_POINT('Ctrl Pts',(29.9825775325177,40.776955816305,5.));
#8051=CARTESIAN_POINT('Ctrl Pts',(30.0163106909716,40.8796230358859,1.));
#8052=CARTESIAN_POINT('Ctrl Pts',(30.0163106909716,40.8796230358859,5.));
#8053=CARTESIAN_POINT('Ctrl Pts',(30.0342775029455,40.9343052155169,1.));
#8054=CARTESIAN_POINT('Ctrl Pts',(30.0342775029455,40.9343052155169,5.));
#8055=CARTESIAN_POINT('',(29.897849623612,40.6430363899858,1.5));
#8056=CARTESIAN_POINT('',(29.897849623612,40.6430363899858,4.));
#8057=CARTESIAN_POINT('Ctrl Pts',(30.0342775029455,40.9343052155169,1.5));
#8058=CARTESIAN_POINT('Ctrl Pts',(30.0163106909716,40.8796230358859,1.5));
#8059=CARTESIAN_POINT('Ctrl Pts',(29.9983438789977,40.8249408562549,1.5));
#8060=CARTESIAN_POINT('Ctrl Pts',(29.9735665959631,40.7734935230406,1.5));
#8061=CARTESIAN_POINT('Ctrl Pts',(29.9518238833593,40.7283471452578,1.5));
#8062=CARTESIAN_POINT('Ctrl Pts',(29.9248367534856,40.6856917676218,1.5));
#8063=CARTESIAN_POINT('Ctrl Pts',(29.897849623612,40.6430363899858,1.5));
#8064=CARTESIAN_POINT('Ctrl Pts',(29.7157216710363,40.4615903145464,1.));
#8065=CARTESIAN_POINT('Ctrl Pts',(29.7157216710363,40.4615903145464,5.));
#8066=CARTESIAN_POINT('Ctrl Pts',(29.7486101894421,40.4864973419688,1.));
#8067=CARTESIAN_POINT('Ctrl Pts',(29.7486101894421,40.4864973419688,5.));
#8068=CARTESIAN_POINT('Ctrl Pts',(29.8175183137861,40.5386826219954,1.));
#8069=CARTESIAN_POINT('Ctrl Pts',(29.8175183137861,40.5386826219954,5.));
#8070=CARTESIAN_POINT('Ctrl Pts',(29.8702734803309,40.6072138139035,1.));
#8071=CARTESIAN_POINT('Ctrl Pts',(29.8702734803309,40.6072138139035,5.));
#8072=CARTESIAN_POINT('Ctrl Pts',(29.897849623612,40.6430363899858,1.));
#8073=CARTESIAN_POINT('Ctrl Pts',(29.897849623612,40.6430363899858,5.));
#8074=CARTESIAN_POINT('',(29.7157216710363,40.4615903145464,1.5));
#8075=CARTESIAN_POINT('',(29.7157216710363,40.4615903145464,4.));
#8076=CARTESIAN_POINT('Ctrl Pts',(29.897849623612,40.6430363899858,1.5));
#8077=CARTESIAN_POINT('Ctrl Pts',(29.8702734803309,40.6072138139035,1.5));
#8078=CARTESIAN_POINT('Ctrl Pts',(29.8426973370497,40.5713912378211,1.5));
#8079=CARTESIAN_POINT('Ctrl Pts',(29.8107076329504,40.540034944454,1.5));
#8080=CARTESIAN_POINT('Ctrl Pts',(29.7814987078479,40.5114043693913,1.5));
#8081=CARTESIAN_POINT('Ctrl Pts',(29.7486101894421,40.4864973419688,1.5));
#8082=CARTESIAN_POINT('Ctrl Pts',(29.7157216710363,40.4615903145464,1.5));
#8083=CARTESIAN_POINT('Ctrl Pts',(29.4769788426672,40.3613174206408,1.));
#8084=CARTESIAN_POINT('Ctrl Pts',(29.4769788426672,40.3613174206408,5.));
#8085=CARTESIAN_POINT('Ctrl Pts',(29.5209958826038,40.3734389818796,1.));
#8086=CARTESIAN_POINT('Ctrl Pts',(29.5209958826038,40.3734389818796,5.));
#8087=CARTESIAN_POINT('Ctrl Pts',(29.6049559461709,40.3965601879764,1.));
#8088=CARTESIAN_POINT('Ctrl Pts',(29.6049559461709,40.3965601879764,5.));
#8089=CARTESIAN_POINT('Ctrl Pts',(29.6800137797657,40.4406263503626,1.));
#8090=CARTESIAN_POINT('Ctrl Pts',(29.6800137797657,40.4406263503626,5.));
#8091=CARTESIAN_POINT('Ctrl Pts',(29.7157216710363,40.4615903145464,1.));
#8092=CARTESIAN_POINT('Ctrl Pts',(29.7157216710363,40.4615903145464,5.));
#8093=CARTESIAN_POINT('',(29.4769788426672,40.3613174206408,1.5));
#8094=CARTESIAN_POINT('',(29.4769788426672,40.3613174206408,4.));
#8095=CARTESIAN_POINT('Ctrl Pts',(29.7157216710363,40.4615903145464,1.5));
#8096=CARTESIAN_POINT('Ctrl Pts',(29.6800137797657,40.4406263503626,1.5));
#8097=CARTESIAN_POINT('Ctrl Pts',(29.6443058884951,40.4196623861787,1.5));
#8098=CARTESIAN_POINT('Ctrl Pts',(29.6065831822668,40.4034388310106,1.5));
#8099=CARTESIAN_POINT('Ctrl Pts',(29.5650129225405,40.3855605431185,1.5));
#8100=CARTESIAN_POINT('Ctrl Pts',(29.5209958826038,40.3734389818796,1.5));
#8101=CARTESIAN_POINT('Ctrl Pts',(29.4769788426672,40.3613174206408,1.5));
#8102=CARTESIAN_POINT('Ctrl Pts',(29.1556955022131,40.3272110468538,1.));
#8103=CARTESIAN_POINT('Ctrl Pts',(29.1556955022131,40.3272110468538,5.));
#8104=CARTESIAN_POINT('Ctrl Pts',(29.2129056545162,40.3282701968696,1.));
#8105=CARTESIAN_POINT('Ctrl Pts',(29.2129056545162,40.3282701968696,5.));
#8106=CARTESIAN_POINT('Ctrl Pts',(29.3210273208962,40.3302718881785,1.));
#8107=CARTESIAN_POINT('Ctrl Pts',(29.3210273208962,40.3302718881785,5.));
#8108=CARTESIAN_POINT('Ctrl Pts',(29.4270538642875,40.3513787709927,1.));
#8109=CARTESIAN_POINT('Ctrl Pts',(29.4270538642875,40.3513787709927,5.));
#8110=CARTESIAN_POINT('Ctrl Pts',(29.4769788426672,40.3613174206408,1.));
#8111=CARTESIAN_POINT('Ctrl Pts',(29.4769788426672,40.3613174206408,5.));
#8112=CARTESIAN_POINT('',(29.1556955022131,40.3272110468538,1.5));
#8113=CARTESIAN_POINT('',(29.1556955022131,40.3272110468538,4.));
#8114=CARTESIAN_POINT('Ctrl Pts',(29.4769788426672,40.3613174206408,1.5));
#8115=CARTESIAN_POINT('Ctrl Pts',(29.4270538642875,40.3513787709927,1.5));
#8116=CARTESIAN_POINT('Ctrl Pts',(29.3771288859079,40.3414401213446,1.5));
#8117=CARTESIAN_POINT('Ctrl Pts',(29.3267393750463,40.335737491289,1.5));
#8118=CARTESIAN_POINT('Ctrl Pts',(29.2701158068193,40.3293293468853,1.5));
#8119=CARTESIAN_POINT('Ctrl Pts',(29.2129056545162,40.3282701968696,1.5));
#8120=CARTESIAN_POINT('Ctrl Pts',(29.1556955022131,40.3272110468538,1.5));
#8121=CARTESIAN_POINT('Origin',(28.4340024632726,40.3272110468538,4.));
#8122=CARTESIAN_POINT('',(28.4340024632726,40.3272110468538,1.5));
#8123=CARTESIAN_POINT('',(28.4340024632726,40.3272110468538,4.));
#8124=CARTESIAN_POINT('',(24.2635977511065,40.3272110468538,1.5));
#8125=CARTESIAN_POINT('Ctrl Pts',(21.6577411336218,41.7842369026335,1.));
#8126=CARTESIAN_POINT('Ctrl Pts',(21.6577411336218,41.7842369026335,5.));
#8127=CARTESIAN_POINT('Ctrl Pts',(21.6560955264441,41.7513855864736,1.));
#8128=CARTESIAN_POINT('Ctrl Pts',(21.6560955264441,41.7513855864736,5.));
#8129=CARTESIAN_POINT('Ctrl Pts',(21.6529688387085,41.6889674050675,1.));
#8130=CARTESIAN_POINT('Ctrl Pts',(21.6529688387085,41.6889674050675,5.));
#8131=CARTESIAN_POINT('Ctrl Pts',(21.6214916858774,41.6351193936189,1.));
#8132=CARTESIAN_POINT('Ctrl Pts',(21.6214916858774,41.6351193936189,5.));
#8133=CARTESIAN_POINT('Ctrl Pts',(21.6065812749181,41.6096121317537,1.));
#8134=CARTESIAN_POINT('Ctrl Pts',(21.6065812749181,41.6096121317537,5.));
#8135=CARTESIAN_POINT('',(21.6577411336218,41.7842369026335,1.5));
#8136=CARTESIAN_POINT('',(21.6577411336218,41.7842369026335,4.));
#8137=CARTESIAN_POINT('',(21.6065812749181,41.6096121317537,1.5));
#8138=CARTESIAN_POINT('Ctrl Pts',(21.6065812749181,41.6096121317537,1.5));
#8139=CARTESIAN_POINT('Ctrl Pts',(21.6214916858774,41.6351193936189,1.5));
#8140=CARTESIAN_POINT('Ctrl Pts',(21.6364020968366,41.6606266554841,1.5));
#8141=CARTESIAN_POINT('Ctrl Pts',(21.6449511689459,41.6880569106729,1.5));
#8142=CARTESIAN_POINT('Ctrl Pts',(21.6544499192665,41.7185342703136,1.5));
#8143=CARTESIAN_POINT('Ctrl Pts',(21.6560955264441,41.7513855864736,1.5));
#8144=CARTESIAN_POINT('Ctrl Pts',(21.6577411336218,41.7842369026335,1.5));
#8145=CARTESIAN_POINT('',(21.6065812749181,41.6096121317537,4.));
#8146=CARTESIAN_POINT('Ctrl Pts',(21.6099918526922,41.9595438486727,1.));
#8147=CARTESIAN_POINT('Ctrl Pts',(21.6099918526922,41.9595438486727,5.));
#8148=CARTESIAN_POINT('Ctrl Pts',(21.6239154870086,41.9328653091522,1.));
#8149=CARTESIAN_POINT('Ctrl Pts',(21.6239154870086,41.9328653091522,5.));
#8150=CARTESIAN_POINT('Ctrl Pts',(21.6525729503331,41.8779558472629,1.));
#8151=CARTESIAN_POINT('Ctrl Pts',(21.6525729503331,41.8779558472629,5.));
#8152=CARTESIAN_POINT('Ctrl Pts',(21.6559862393846,41.8160598521415,1.));
#8153=CARTESIAN_POINT('Ctrl Pts',(21.6559862393846,41.8160598521415,5.));
#8154=CARTESIAN_POINT('Ctrl Pts',(21.6577411336218,41.7842369026335,1.));
#8155=CARTESIAN_POINT('Ctrl Pts',(21.6577411336218,41.7842369026335,5.));
#8156=CARTESIAN_POINT('',(21.6099918526922,41.9595438486727,1.5));
#8157=CARTESIAN_POINT('',(21.6099918526922,41.9595438486727,4.));
#8158=CARTESIAN_POINT('Ctrl Pts',(21.6577411336218,41.7842369026335,1.5));
#8159=CARTESIAN_POINT('Ctrl Pts',(21.6559862393846,41.8160598521415,1.5));
#8160=CARTESIAN_POINT('Ctrl Pts',(21.6542313451474,41.8478828016496,1.5));
#8161=CARTESIAN_POINT('Ctrl Pts',(21.6458035153661,41.8778589612635,1.5));
#8162=CARTESIAN_POINT('Ctrl Pts',(21.637839121325,41.9061867696318,1.5));
#8163=CARTESIAN_POINT('Ctrl Pts',(21.6239154870086,41.9328653091522,1.5));
#8164=CARTESIAN_POINT('Ctrl Pts',(21.6099918526922,41.9595438486727,1.5));
#8165=CARTESIAN_POINT('Ctrl Pts',(21.4735663575445,42.0632273203524,1.));
#8166=CARTESIAN_POINT('Ctrl Pts',(21.4735663575445,42.0632273203524,5.));
#8167=CARTESIAN_POINT('Ctrl Pts',(21.5013352376218,42.0520493850581,1.));
#8168=CARTESIAN_POINT('Ctrl Pts',(21.5013352376218,42.0520493850581,5.));
#8169=CARTESIAN_POINT('Ctrl Pts',(21.5562994547584,42.0299243853843,1.));
#8170=CARTESIAN_POINT('Ctrl Pts',(21.5562994547584,42.0299243853843,5.));
#8171=CARTESIAN_POINT('Ctrl Pts',(21.5922193261294,41.9828402557311,1.));
#8172=CARTESIAN_POINT('Ctrl Pts',(21.5922193261294,41.9828402557311,5.));
#8173=CARTESIAN_POINT('Ctrl Pts',(21.6099918526922,41.9595438486727,1.));
#8174=CARTESIAN_POINT('Ctrl Pts',(21.6099918526922,41.9595438486727,5.));
#8175=CARTESIAN_POINT('',(21.4735663575445,42.0632273203524,1.5));
#8176=CARTESIAN_POINT('',(21.4735663575445,42.0632273203524,4.));
#8177=CARTESIAN_POINT('Ctrl Pts',(21.6099918526922,41.9595438486727,1.5));
#8178=CARTESIAN_POINT('Ctrl Pts',(21.5922193261294,41.9828402557311,1.5));
#8179=CARTESIAN_POINT('Ctrl Pts',(21.5744467995667,42.0061366627895,1.5));
#8180=CARTESIAN_POINT('Ctrl Pts',(21.5520120305334,42.0233228302391,1.5));
#8181=CARTESIAN_POINT('Ctrl Pts',(21.5291041176992,42.0408714497638,1.5));
#8182=CARTESIAN_POINT('Ctrl Pts',(21.5013352376218,42.0520493850581,1.5));
#8183=CARTESIAN_POINT('Ctrl Pts',(21.4735663575445,42.0632273203524,1.5));
#8184=CARTESIAN_POINT('Ctrl Pts',(21.1693370980535,42.0911947137506,1.));
#8185=CARTESIAN_POINT('Ctrl Pts',(21.1693370980535,42.0911947137506,5.));
#8186=CARTESIAN_POINT('Ctrl Pts',(21.2308751228363,42.0913259546835,1.));
#8187=CARTESIAN_POINT('Ctrl Pts',(21.2308751228363,42.0913259546835,5.));
#8188=CARTESIAN_POINT('Ctrl Pts',(21.3332928079055,42.0915443788622,1.));
#8189=CARTESIAN_POINT('Ctrl Pts',(21.3332928079055,42.0915443788622,5.));
#8190=CARTESIAN_POINT('Ctrl Pts',(21.4335493213449,42.0713055700179,1.));
#8191=CARTESIAN_POINT('Ctrl Pts',(21.4335493213449,42.0713055700179,5.));
#8192=CARTESIAN_POINT('Ctrl Pts',(21.4735663575445,42.0632273203524,1.));
#8193=CARTESIAN_POINT('Ctrl Pts',(21.4735663575445,42.0632273203524,5.));
#8194=CARTESIAN_POINT('',(21.1693370980535,42.0911947137506,1.5));
#8195=CARTESIAN_POINT('',(21.1693370980535,42.0911947137506,4.));
#8196=CARTESIAN_POINT('Ctrl Pts',(21.4735663575445,42.0632273203524,1.5));
#8197=CARTESIAN_POINT('Ctrl Pts',(21.4335493213449,42.0713055700179,1.5));
#8198=CARTESIAN_POINT('Ctrl Pts',(21.3935322851452,42.0793838196834,1.5));
#8199=CARTESIAN_POINT('Ctrl Pts',(21.3531709355627,42.0842028654011,1.5));
#8200=CARTESIAN_POINT('Ctrl Pts',(21.2924131476192,42.0914571956163,1.5));
#8201=CARTESIAN_POINT('Ctrl Pts',(21.2308751228363,42.0913259546835,1.5));
#8202=CARTESIAN_POINT('Ctrl Pts',(21.1693370980535,42.0911947137506,1.5));
#8203=CARTESIAN_POINT('Origin',(20.7696104687963,42.0911947137506,4.));
#8204=CARTESIAN_POINT('',(20.7696104687963,42.0911947137506,1.5));
#8205=CARTESIAN_POINT('',(20.7696104687963,42.0911947137506,4.));
#8206=CARTESIAN_POINT('',(20.2704185490268,42.0911947137506,1.5));
#8207=CARTESIAN_POINT('Ctrl Pts',(21.7409611386572,40.907019997278,1.));
#8208=CARTESIAN_POINT('Ctrl Pts',(21.7409611386572,40.907019997278,5.));
#8209=CARTESIAN_POINT('Ctrl Pts',(21.7395672595807,40.8766069305354,1.));
#8210=CARTESIAN_POINT('Ctrl Pts',(21.7395672595807,40.8766069305354,5.));
#8211=CARTESIAN_POINT('Ctrl Pts',(21.7368779305081,40.8179284225083,1.));
#8212=CARTESIAN_POINT('Ctrl Pts',(21.7368779305081,40.8179284225083,5.));
#8213=CARTESIAN_POINT('Ctrl Pts',(21.7129316786752,40.7643453334305,1.));
#8214=CARTESIAN_POINT('Ctrl Pts',(21.7129316786752,40.7643453334305,5.));
#8215=CARTESIAN_POINT('Ctrl Pts',(21.7013967675482,40.7385343557985,1.));
#8216=CARTESIAN_POINT('Ctrl Pts',(21.7013967675482,40.7385343557985,5.));
#8217=CARTESIAN_POINT('',(21.7409611386572,40.907019997278,1.5));
#8218=CARTESIAN_POINT('',(21.7409611386572,40.907019997278,4.));
#8219=CARTESIAN_POINT('',(21.7013967675482,40.7385343557985,1.5));
#8220=CARTESIAN_POINT('Ctrl Pts',(21.7013967675482,40.7385343557985,1.5));
#8221=CARTESIAN_POINT('Ctrl Pts',(21.7129316786752,40.7643453334305,1.5));
#8222=CARTESIAN_POINT('Ctrl Pts',(21.7244665898023,40.7901563110625,1.5));
#8223=CARTESIAN_POINT('Ctrl Pts',(21.7310691518102,40.8171496040018,1.5));
#8224=CARTESIAN_POINT('Ctrl Pts',(21.7381733805042,40.8461938637927,1.5));
#8225=CARTESIAN_POINT('Ctrl Pts',(21.7395672595807,40.8766069305354,1.5));
#8226=CARTESIAN_POINT('Ctrl Pts',(21.7409611386572,40.907019997278,1.5));
#8227=CARTESIAN_POINT('',(21.7013967675482,40.7385343557985,4.));
#8228=CARTESIAN_POINT('Ctrl Pts',(21.6836620015417,41.1014265066774,1.));
#8229=CARTESIAN_POINT('Ctrl Pts',(21.6836620015417,41.1014265066774,5.));
#8230=CARTESIAN_POINT('Ctrl Pts',(21.7003707077504,41.0721839306771,1.));
#8231=CARTESIAN_POINT('Ctrl Pts',(21.7003707077504,41.0721839306771,5.));
#8232=CARTESIAN_POINT('Ctrl Pts',(21.7347770556522,41.0119680030739,1.));
#8233=CARTESIAN_POINT('Ctrl Pts',(21.7347770556522,41.0119680030739,5.));
#8234=CARTESIAN_POINT('Ctrl Pts',(21.738860652954,40.9426666381095,1.));
#8235=CARTESIAN_POINT('Ctrl Pts',(21.738860652954,40.9426666381095,5.));
#8236=CARTESIAN_POINT('Ctrl Pts',(21.7409611386572,40.907019997278,1.));
#8237=CARTESIAN_POINT('Ctrl Pts',(21.7409611386572,40.907019997278,5.));
#8238=CARTESIAN_POINT('',(21.6836620015417,41.1014265066774,1.5));
#8239=CARTESIAN_POINT('',(21.6836620015417,41.1014265066774,4.));
#8240=CARTESIAN_POINT('Ctrl Pts',(21.7409611386572,40.907019997278,1.5));
#8241=CARTESIAN_POINT('Ctrl Pts',(21.738860652954,40.9426666381095,1.5));
#8242=CARTESIAN_POINT('Ctrl Pts',(21.7367601672508,40.9783132789409,1.5));
#8243=CARTESIAN_POINT('Ctrl Pts',(21.7266369504247,41.0115561134012,1.5));
#8244=CARTESIAN_POINT('Ctrl Pts',(21.7170794139592,41.0429413546768,1.5));
#8245=CARTESIAN_POINT('Ctrl Pts',(21.7003707077504,41.0721839306771,1.5));
#8246=CARTESIAN_POINT('Ctrl Pts',(21.6836620015417,41.1014265066774,1.5));
#8247=CARTESIAN_POINT('Ctrl Pts',(21.5247262162481,41.2173883861692,1.));
#8248=CARTESIAN_POINT('Ctrl Pts',(21.5247262162481,41.2173883861692,5.));
#8249=CARTESIAN_POINT('Ctrl Pts',(21.5565889543292,41.2044411034896,1.));
#8250=CARTESIAN_POINT('Ctrl Pts',(21.5565889543292,41.2044411034896,5.));
#8251=CARTESIAN_POINT('Ctrl Pts',(21.6192500997017,41.1789790242387,1.));
#8252=CARTESIAN_POINT('Ctrl Pts',(21.6192500997017,41.1789790242387,5.));
#8253=CARTESIAN_POINT('Ctrl Pts',(21.6624358782537,41.1269829528003,1.));
#8254=CARTESIAN_POINT('Ctrl Pts',(21.6624358782537,41.1269829528003,5.));
#8255=CARTESIAN_POINT('Ctrl Pts',(21.6836620015417,41.1014265066774,1.));
#8256=CARTESIAN_POINT('Ctrl Pts',(21.6836620015417,41.1014265066774,5.));
#8257=CARTESIAN_POINT('',(21.5247262162481,41.2173883861692,1.5));
#8258=CARTESIAN_POINT('',(21.5247262162481,41.2173883861692,4.));
#8259=CARTESIAN_POINT('Ctrl Pts',(21.6836620015417,41.1014265066774,1.5));
#8260=CARTESIAN_POINT('Ctrl Pts',(21.6624358782537,41.1269829528003,1.5));
#8261=CARTESIAN_POINT('Ctrl Pts',(21.6412097549658,41.1525393989233,1.5));
#8262=CARTESIAN_POINT('Ctrl Pts',(21.6152787846838,41.1716857797296,1.5));
#8263=CARTESIAN_POINT('Ctrl Pts',(21.5884516924103,41.1914938208099,1.5));
#8264=CARTESIAN_POINT('Ctrl Pts',(21.5565889543292,41.2044411034896,1.5));
#8265=CARTESIAN_POINT('Ctrl Pts',(21.5247262162481,41.2173883861692,1.5));
#8266=CARTESIAN_POINT('Ctrl Pts',(21.2320936364446,41.2508127338083,1.));
#8267=CARTESIAN_POINT('Ctrl Pts',(21.2320936364446,41.2508127338083,5.));
#8268=CARTESIAN_POINT('Ctrl Pts',(21.2886114119697,41.2504201975538,1.));
#8269=CARTESIAN_POINT('Ctrl Pts',(21.2886114119697,41.2504201975538,5.));
#8270=CARTESIAN_POINT('Ctrl Pts',(21.3874640851923,41.2497336302262,1.));
#8271=CARTESIAN_POINT('Ctrl Pts',(21.3874640851923,41.2497336302262,5.));
#8272=CARTESIAN_POINT('Ctrl Pts',(21.48356835626,41.2270870628249,1.));
#8273=CARTESIAN_POINT('Ctrl Pts',(21.48356835626,41.2270870628249,5.));
#8274=CARTESIAN_POINT('Ctrl Pts',(21.5247262162481,41.2173883861692,1.));
#8275=CARTESIAN_POINT('Ctrl Pts',(21.5247262162481,41.2173883861692,5.));
#8276=CARTESIAN_POINT('',(21.2320936364446,41.2508127338083,1.5));
#8277=CARTESIAN_POINT('',(21.2320936364446,41.2508127338083,4.));
#8278=CARTESIAN_POINT('Ctrl Pts',(21.5247262162481,41.2173883861692,1.5));
#8279=CARTESIAN_POINT('Ctrl Pts',(21.48356835626,41.2270870628249,1.5));
#8280=CARTESIAN_POINT('Ctrl Pts',(21.4424104962718,41.2367857394806,1.5));
#8281=CARTESIAN_POINT('Ctrl Pts',(21.4007485551153,41.2424567586573,1.5));
#8282=CARTESIAN_POINT('Ctrl Pts',(21.3451291874947,41.2500276612992,1.5));
#8283=CARTESIAN_POINT('Ctrl Pts',(21.2886114119697,41.2504201975538,1.5));
#8284=CARTESIAN_POINT('Ctrl Pts',(21.2320936364446,41.2508127338083,1.5));
#8285=CARTESIAN_POINT('Origin',(20.7696104687963,41.2508127338083,4.));
#8286=CARTESIAN_POINT('',(20.7696104687963,41.2508127338083,1.5));
#8287=CARTESIAN_POINT('',(20.7696104687963,41.2508127338083,4.));
#8288=CARTESIAN_POINT('',(20.3017968182223,41.2508127338083,1.5));
#8289=CARTESIAN_POINT('Ctrl Pts',(21.6386414212499,41.3913309818895,1.));
#8290=CARTESIAN_POINT('Ctrl Pts',(21.6386414212499,41.3913309818895,5.));
#8291=CARTESIAN_POINT('Ctrl Pts',(21.681959575403,41.4154486161196,1.));
#8292=CARTESIAN_POINT('Ctrl Pts',(21.681959575403,41.4154486161196,5.));
#8293=CARTESIAN_POINT('Ctrl Pts',(21.7649650954851,41.4616624221221,1.));
#8294=CARTESIAN_POINT('Ctrl Pts',(21.7649650954851,41.4616624221221,5.));
#8295=CARTESIAN_POINT('Ctrl Pts',(21.8216394157694,41.5377579236252,1.));
#8296=CARTESIAN_POINT('Ctrl Pts',(21.8216394157694,41.5377579236252,5.));
#8297=CARTESIAN_POINT('Ctrl Pts',(21.8487370652471,41.5741414076479,1.));
#8298=CARTESIAN_POINT('Ctrl Pts',(21.8487370652471,41.5741414076479,5.));
#8299=CARTESIAN_POINT('',(21.6386414212499,41.3913309818895,1.5));
#8300=CARTESIAN_POINT('',(21.6386414212499,41.3913309818895,4.));
#8301=CARTESIAN_POINT('',(21.8487370652471,41.5741414076479,1.5));
#8302=CARTESIAN_POINT('Ctrl Pts',(21.8487370652471,41.5741414076479,1.5));
#8303=CARTESIAN_POINT('Ctrl Pts',(21.8216394157694,41.5377579236252,1.5));
#8304=CARTESIAN_POINT('Ctrl Pts',(21.7945417662917,41.5013744396026,1.5));
#8305=CARTESIAN_POINT('Ctrl Pts',(21.7614246053014,41.4718221372755,1.5));
#8306=CARTESIAN_POINT('Ctrl Pts',(21.7252777295562,41.4395662503498,1.5));
#8307=CARTESIAN_POINT('Ctrl Pts',(21.681959575403,41.4154486161196,1.5));
#8308=CARTESIAN_POINT('Ctrl Pts',(21.6386414212499,41.3913309818895,1.5));
#8309=CARTESIAN_POINT('',(21.8487370652471,41.5741414076479,4.));
#8310=CARTESIAN_POINT('Ctrl Pts',(21.9176316899572,41.2098849064501,1.));
#8311=CARTESIAN_POINT('Ctrl Pts',(21.9176316899572,41.2098849064501,5.));
#8312=CARTESIAN_POINT('Ctrl Pts',(21.8804141722226,41.2498444490756,1.));
#8313=CARTESIAN_POINT('Ctrl Pts',(21.8804141722226,41.2498444490756,5.));
#8314=CARTESIAN_POINT('Ctrl Pts',(21.802629513474,41.3333599432854,1.));
#8315=CARTESIAN_POINT('Ctrl Pts',(21.802629513474,41.3333599432854,5.));
#8316=CARTESIAN_POINT('Ctrl Pts',(21.6948511964727,41.3714603985735,1.));
#8317=CARTESIAN_POINT('Ctrl Pts',(21.6948511964727,41.3714603985735,5.));
#8318=CARTESIAN_POINT('Ctrl Pts',(21.6386414212499,41.3913309818895,1.));
#8319=CARTESIAN_POINT('Ctrl Pts',(21.6386414212499,41.3913309818895,5.));
#8320=CARTESIAN_POINT('',(21.9176316899572,41.2098849064501,1.5));
#8321=CARTESIAN_POINT('',(21.9176316899572,41.2098849064501,4.));
#8322=CARTESIAN_POINT('Ctrl Pts',(21.6386414212499,41.3913309818895,1.5));
#8323=CARTESIAN_POINT('Ctrl Pts',(21.6948511964727,41.3714603985735,1.5));
#8324=CARTESIAN_POINT('Ctrl Pts',(21.7510609716954,41.3515898152575,1.5));
#8325=CARTESIAN_POINT('Ctrl Pts',(21.7991126221929,41.3193665689619,1.5));
#8326=CARTESIAN_POINT('Ctrl Pts',(21.8431966544879,41.289803991701,1.5));
#8327=CARTESIAN_POINT('Ctrl Pts',(21.8804141722226,41.2498444490756,1.5));
#8328=CARTESIAN_POINT('Ctrl Pts',(21.9176316899572,41.2098849064501,1.5));
#8329=CARTESIAN_POINT('Ctrl Pts',(22.015175883225,40.907019997278,1.));
#8330=CARTESIAN_POINT('Ctrl Pts',(22.015175883225,40.907019997278,5.));
#8331=CARTESIAN_POINT('Ctrl Pts',(22.011477610222,40.9628076798259,1.));
#8332=CARTESIAN_POINT('Ctrl Pts',(22.011477610222,40.9628076798259,5.));
#8333=CARTESIAN_POINT('Ctrl Pts',(22.0042386678935,41.0720056260773,1.));
#8334=CARTESIAN_POINT('Ctrl Pts',(22.0042386678935,41.0720056260773,5.));
#8335=CARTESIAN_POINT('Ctrl Pts',(21.9460786025173,41.1645971025563,1.));
#8336=CARTESIAN_POINT('Ctrl Pts',(21.9460786025173,41.1645971025563,5.));
#8337=CARTESIAN_POINT('Ctrl Pts',(21.9176316899572,41.2098849064501,1.));
#8338=CARTESIAN_POINT('Ctrl Pts',(21.9176316899572,41.2098849064501,5.));
#8339=CARTESIAN_POINT('',(22.015175883225,40.907019997278,1.5));
#8340=CARTESIAN_POINT('',(22.015175883225,40.907019997278,4.));
#8341=CARTESIAN_POINT('Ctrl Pts',(21.9176316899572,41.2098849064501,1.5));
#8342=CARTESIAN_POINT('Ctrl Pts',(21.9460786025173,41.1645971025563,1.5));
#8343=CARTESIAN_POINT('Ctrl Pts',(21.9745255150774,41.1193092986625,1.5));
#8344=CARTESIAN_POINT('Ctrl Pts',(21.9907904309545,41.0700486845167,1.5));
#8345=CARTESIAN_POINT('Ctrl Pts',(22.007779337219,41.0185953623738,1.5));
#8346=CARTESIAN_POINT('Ctrl Pts',(22.011477610222,40.9628076798259,1.5));
#8347=CARTESIAN_POINT('Ctrl Pts',(22.015175883225,40.907019997278,1.5));
#8348=CARTESIAN_POINT('Ctrl Pts',(21.9558311147009,40.6457649416121,1.));
#8349=CARTESIAN_POINT('Ctrl Pts',(21.9558311147009,40.6457649416121,5.));
#8350=CARTESIAN_POINT('Ctrl Pts',(21.9731390834668,40.6870940254564,1.));
#8351=CARTESIAN_POINT('Ctrl Pts',(21.9731390834668,40.6870940254564,5.));
#8352=CARTESIAN_POINT('Ctrl Pts',(22.0081512415597,40.7706983141493,1.));
#8353=CARTESIAN_POINT('Ctrl Pts',(22.0081512415597,40.7706983141493,5.));
#8354=CARTESIAN_POINT('Ctrl Pts',(22.0128167367347,40.8612379011046,1.));
#8355=CARTESIAN_POINT('Ctrl Pts',(22.0128167367347,40.8612379011046,5.));
#8356=CARTESIAN_POINT('Ctrl Pts',(22.015175883225,40.907019997278,1.));
#8357=CARTESIAN_POINT('Ctrl Pts',(22.015175883225,40.907019997278,5.));
#8358=CARTESIAN_POINT('',(21.9558311147009,40.6457649416121,1.5));
#8359=CARTESIAN_POINT('',(21.9558311147009,40.6457649416121,4.));
#8360=CARTESIAN_POINT('Ctrl Pts',(22.015175883225,40.907019997278,1.5));
#8361=CARTESIAN_POINT('Ctrl Pts',(22.0128167367347,40.8612379011046,1.5));
#8362=CARTESIAN_POINT('Ctrl Pts',(22.0104575902444,40.8154558049313,1.5));
#8363=CARTESIAN_POINT('Ctrl Pts',(22.0003390950475,40.7714469975622,1.5));
#8364=CARTESIAN_POINT('Ctrl Pts',(21.9904470522327,40.7284231093007,1.5));
#8365=CARTESIAN_POINT('Ctrl Pts',(21.9731390834668,40.6870940254564,1.5));
#8366=CARTESIAN_POINT('Ctrl Pts',(21.9558311147009,40.6457649416121,1.5));
#8367=CARTESIAN_POINT('Ctrl Pts',(21.809173886231,40.4595439380796,1.));
#8368=CARTESIAN_POINT('Ctrl Pts',(21.809173886231,40.4595439380796,5.));
#8369=CARTESIAN_POINT('Ctrl Pts',(21.837588063482,40.484667159851,1.));
#8370=CARTESIAN_POINT('Ctrl Pts',(21.837588063482,40.484667159851,5.));
#8371=CARTESIAN_POINT('Ctrl Pts',(21.8976791290432,40.5377984243333,1.));
#8372=CARTESIAN_POINT('Ctrl Pts',(21.8976791290432,40.5377984243333,5.));
#8373=CARTESIAN_POINT('Ctrl Pts',(21.9357579423462,40.6084965579901,1.));
#8374=CARTESIAN_POINT('Ctrl Pts',(21.9357579423462,40.6084965579901,5.));
#8375=CARTESIAN_POINT('Ctrl Pts',(21.9558311147009,40.6457649416121,1.));
#8376=CARTESIAN_POINT('Ctrl Pts',(21.9558311147009,40.6457649416121,5.));
#8377=CARTESIAN_POINT('',(21.809173886231,40.4595439380796,1.5));
#8378=CARTESIAN_POINT('',(21.809173886231,40.4595439380796,4.));
#8379=CARTESIAN_POINT('Ctrl Pts',(21.9558311147009,40.6457649416121,1.5));
#8380=CARTESIAN_POINT('Ctrl Pts',(21.9357579423462,40.6084965579901,1.5));
#8381=CARTESIAN_POINT('Ctrl Pts',(21.9156847699915,40.5712281743681,1.5));
#8382=CARTESIAN_POINT('Ctrl Pts',(21.8894947213445,40.5388413614424,1.5));
#8383=CARTESIAN_POINT('Ctrl Pts',(21.8660022407329,40.5097903816223,1.5));
#8384=CARTESIAN_POINT('Ctrl Pts',(21.837588063482,40.484667159851,1.5));
#8385=CARTESIAN_POINT('Ctrl Pts',(21.809173886231,40.4595439380796,1.5));
#8386=CARTESIAN_POINT('Ctrl Pts',(21.5902102631841,40.3606353944929,1.));
#8387=CARTESIAN_POINT('Ctrl Pts',(21.5902102631841,40.3606353944929,5.));
#8388=CARTESIAN_POINT('Ctrl Pts',(21.6313215025422,40.3724367583247,1.));
#8389=CARTESIAN_POINT('Ctrl Pts',(21.6313215025422,40.3724367583247,5.));
#8390=CARTESIAN_POINT('Ctrl Pts',(21.709177860679,40.3947861504456,1.));
#8391=CARTESIAN_POINT('Ctrl Pts',(21.709177860679,40.3947861504456,5.));
#8392=CARTESIAN_POINT('Ctrl Pts',(21.7771117703211,40.4387803959115,1.));
#8393=CARTESIAN_POINT('Ctrl Pts',(21.7771117703211,40.4387803959115,5.));
#8394=CARTESIAN_POINT('Ctrl Pts',(21.809173886231,40.4595439380796,1.));
#8395=CARTESIAN_POINT('Ctrl Pts',(21.809173886231,40.4595439380796,5.));
#8396=CARTESIAN_POINT('',(21.5902102631841,40.3606353944929,1.5));
#8397=CARTESIAN_POINT('',(21.5902102631841,40.3606353944929,4.));
#8398=CARTESIAN_POINT('Ctrl Pts',(21.809173886231,40.4595439380796,1.5));
#8399=CARTESIAN_POINT('Ctrl Pts',(21.7771117703211,40.4387803959115,1.5));
#8400=CARTESIAN_POINT('Ctrl Pts',(21.7450496544112,40.4180168537434,1.5));
#8401=CARTESIAN_POINT('Ctrl Pts',(21.7107773465429,40.4020746297033,1.5));
#8402=CARTESIAN_POINT('Ctrl Pts',(21.6724327419002,40.3842381221564,1.5));
#8403=CARTESIAN_POINT('Ctrl Pts',(21.6313215025422,40.3724367583247,1.5));
#8404=CARTESIAN_POINT('Ctrl Pts',(21.5902102631841,40.3606353944929,1.5));
#8405=CARTESIAN_POINT('Ctrl Pts',(21.2675631684576,40.3272110468538,1.));
#8406=CARTESIAN_POINT('Ctrl Pts',(21.2675631684576,40.3272110468538,5.));
#8407=CARTESIAN_POINT('Ctrl Pts',(21.3264939275888,40.3280615331968,1.));
#8408=CARTESIAN_POINT('Ctrl Pts',(21.3264939275888,40.3280615331968,5.));
#8409=CARTESIAN_POINT('Ctrl Pts',(21.4350853160402,40.3296287197427,1.));
#8410=CARTESIAN_POINT('Ctrl Pts',(21.4350853160402,40.3296287197427,5.));
#8411=CARTESIAN_POINT('Ctrl Pts',(21.5415309312748,40.3509052753898,1.));
#8412=CARTESIAN_POINT('Ctrl Pts',(21.5415309312748,40.3509052753898,5.));
#8413=CARTESIAN_POINT('Ctrl Pts',(21.5902102631841,40.3606353944929,1.));
#8414=CARTESIAN_POINT('Ctrl Pts',(21.5902102631841,40.3606353944929,5.));
#8415=CARTESIAN_POINT('',(21.2675631684576,40.3272110468538,1.5));
#8416=CARTESIAN_POINT('',(21.2675631684576,40.3272110468538,4.));
#8417=CARTESIAN_POINT('Ctrl Pts',(21.5902102631841,40.3606353944929,1.5));
#8418=CARTESIAN_POINT('Ctrl Pts',(21.5415309312748,40.3509052753898,1.5));
#8419=CARTESIAN_POINT('Ctrl Pts',(21.4928515993655,40.3411751562867,1.5));
#8420=CARTESIAN_POINT('Ctrl Pts',(21.4437235039983,40.3355670220049,1.5));
#8421=CARTESIAN_POINT('Ctrl Pts',(21.3854246867201,40.3289120195399,1.5));
#8422=CARTESIAN_POINT('Ctrl Pts',(21.3264939275888,40.3280615331968,1.5));
#8423=CARTESIAN_POINT('Ctrl Pts',(21.2675631684576,40.3272110468538,1.5));
#8424=CARTESIAN_POINT('Ctrl Pts',(25.1297736806188,41.7351237184198,1.));
#8425=CARTESIAN_POINT('Ctrl Pts',(25.1297736806188,41.7351237184198,5.));
#8426=CARTESIAN_POINT('Ctrl Pts',(25.1516105672085,41.7982067072315,1.));
#8427=CARTESIAN_POINT('Ctrl Pts',(25.1516105672085,41.7982067072315,5.));
#8428=CARTESIAN_POINT('Ctrl Pts',(25.1949629224626,41.9234441640561,1.));
#8429=CARTESIAN_POINT('Ctrl Pts',(25.1949629224626,41.9234441640561,5.));
#8430=CARTESIAN_POINT('Ctrl Pts',(25.2234243841656,42.0528783209585,1.));
#8431=CARTESIAN_POINT('Ctrl Pts',(25.2234243841656,42.0528783209585,5.));
#8432=CARTESIAN_POINT('Ctrl Pts',(25.2375496072088,42.1171155816706,1.));
#8433=CARTESIAN_POINT('Ctrl Pts',(25.2375496072088,42.1171155816706,5.));
#8434=CARTESIAN_POINT('',(25.1297736806188,41.7351237184198,1.5));
#8435=CARTESIAN_POINT('',(25.1297736806188,41.7351237184198,4.));
#8436=CARTESIAN_POINT('',(25.2375496072088,42.1171155816706,1.5));
#8437=CARTESIAN_POINT('Ctrl Pts',(25.2375496072088,42.1171155816706,1.5));
#8438=CARTESIAN_POINT('Ctrl Pts',(25.2234243841656,42.0528783209585,1.5));
#8439=CARTESIAN_POINT('Ctrl Pts',(25.2092991611223,41.9886410602464,1.5));
#8440=CARTESIAN_POINT('Ctrl Pts',(25.1915062112127,41.9254374748857,1.5));
#8441=CARTESIAN_POINT('Ctrl Pts',(25.1734474537982,41.8612896960432,1.5));
#8442=CARTESIAN_POINT('Ctrl Pts',(25.1516105672085,41.7982067072315,1.5));
#8443=CARTESIAN_POINT('Ctrl Pts',(25.1297736806188,41.7351237184198,1.5));
#8444=CARTESIAN_POINT('',(25.2375496072088,42.1171155816706,4.));
#8445=CARTESIAN_POINT('Origin',(24.9101281804357,41.1484934634359,4.));
#8446=CARTESIAN_POINT('',(24.9101281804357,41.1484934634359,1.5));
#8447=CARTESIAN_POINT('',(24.9101281804357,41.1484934634359,4.));
#8448=CARTESIAN_POINT('',(22.0052817541839,33.3902157008567,1.5));
#8449=CARTESIAN_POINT('Origin',(25.6700194520269,40.9329408651979,4.));
#8450=CARTESIAN_POINT('',(25.6700194520269,40.9329408651979,1.5));
#8451=CARTESIAN_POINT('',(25.6700194520269,40.9329408651979,4.));
#8452=CARTESIAN_POINT('',(25.9033072633062,40.3272110468538,1.5));
#8453=CARTESIAN_POINT('',(28.074941764021,34.6885805311219,1.5));
#8454=CARTESIAN_POINT('',(25.9033072633062,40.3272110468538,4.));
#8455=CARTESIAN_POINT('Origin',(24.8337305230413,40.9329408651979,4.));
#8456=CARTESIAN_POINT('',(24.8337305230413,40.9329408651979,1.5));
#8457=CARTESIAN_POINT('',(24.8337305230413,40.9329408651979,4.));
#8458=CARTESIAN_POINT('',(22.5207597260135,40.9329408651979,1.5));
#8459=CARTESIAN_POINT('Origin',(24.6140850228582,40.3272110468538,4.));
#8460=CARTESIAN_POINT('',(24.6140850228582,40.3272110468538,1.5));
#8461=CARTESIAN_POINT('',(24.6140850228582,40.3272110468538,4.));
#8462=CARTESIAN_POINT('',(21.9411222094617,32.955818152169,1.5));
#8463=CARTESIAN_POINT('Origin',(24.3330479306493,40.3272110468538,4.));
#8464=CARTESIAN_POINT('',(24.3330479306493,40.3272110468538,1.5));
#8465=CARTESIAN_POINT('',(24.3330479306493,40.3272110468538,4.));
#8466=CARTESIAN_POINT('',(21.9927925114291,40.3272110468538,1.5));
#8467=CARTESIAN_POINT('Ctrl Pts',(27.7464175862585,41.7815085000189,1.));
#8468=CARTESIAN_POINT('Ctrl Pts',(27.7464175862585,41.7815085000189,5.));
#8469=CARTESIAN_POINT('Ctrl Pts',(27.7441685237324,41.7497681335706,1.));
#8470=CARTESIAN_POINT('Ctrl Pts',(27.7441685237324,41.7497681335706,5.));
#8471=CARTESIAN_POINT('Ctrl Pts',(27.7396539322625,41.6860550149021,1.));
#8472=CARTESIAN_POINT('Ctrl Pts',(27.7396539322625,41.6860550149021,5.));
#8473=CARTESIAN_POINT('Ctrl Pts',(27.7087303048954,41.6301587312659,1.));
#8474=CARTESIAN_POINT('Ctrl Pts',(27.7087303048954,41.6301587312659,5.));
#8475=CARTESIAN_POINT('Ctrl Pts',(27.6932120961462,41.6021086520346,1.));
#8476=CARTESIAN_POINT('Ctrl Pts',(27.6932120961462,41.6021086520346,5.));
#8477=CARTESIAN_POINT('',(27.7464175862585,41.7815085000189,1.5));
#8478=CARTESIAN_POINT('',(27.7464175862585,41.7815085000189,4.));
#8479=CARTESIAN_POINT('',(27.6932120961462,41.6021086520346,1.5));
#8480=CARTESIAN_POINT('Ctrl Pts',(27.6932120961462,41.6021086520346,1.5));
#8481=CARTESIAN_POINT('Ctrl Pts',(27.7087303048954,41.6301587312659,1.5));
#8482=CARTESIAN_POINT('Ctrl Pts',(27.7242485136445,41.6582088104973,1.5));
#8483=CARTESIAN_POINT('Ctrl Pts',(27.7331162137304,41.688227379957,1.5));
#8484=CARTESIAN_POINT('Ctrl Pts',(27.7419194612063,41.7180277671223,1.5));
#8485=CARTESIAN_POINT('Ctrl Pts',(27.7441685237324,41.7497681335706,1.5));
#8486=CARTESIAN_POINT('Ctrl Pts',(27.7464175862585,41.7815085000189,1.5));
#8487=CARTESIAN_POINT('',(27.6932120961462,41.6021086520346,4.));
#8488=CARTESIAN_POINT('Ctrl Pts',(27.643415991715,42.0147963112982,1.));
#8489=CARTESIAN_POINT('Ctrl Pts',(27.643415991715,42.0147963112982,5.));
#8490=CARTESIAN_POINT('Ctrl Pts',(27.6734580964075,41.9820260061145,1.));
#8491=CARTESIAN_POINT('Ctrl Pts',(27.6734580964075,41.9820260061145,5.));
#8492=CARTESIAN_POINT('Ctrl Pts',(27.734059434345,41.9159213054261,1.));
#8493=CARTESIAN_POINT('Ctrl Pts',(27.734059434345,41.9159213054261,5.));
#8494=CARTESIAN_POINT('Ctrl Pts',(27.7422748341684,41.826566930635,1.));
#8495=CARTESIAN_POINT('Ctrl Pts',(27.7422748341684,41.826566930635,5.));
#8496=CARTESIAN_POINT('Ctrl Pts',(27.7464175862585,41.7815085000189,1.));
#8497=CARTESIAN_POINT('Ctrl Pts',(27.7464175862585,41.7815085000189,5.));
#8498=CARTESIAN_POINT('',(27.643415991715,42.0147963112982,1.5));
#8499=CARTESIAN_POINT('',(27.643415991715,42.0147963112982,4.));
#8500=CARTESIAN_POINT('Ctrl Pts',(27.7464175862585,41.7815085000189,1.5));
#8501=CARTESIAN_POINT('Ctrl Pts',(27.7422748341684,41.826566930635,1.5));
#8502=CARTESIAN_POINT('Ctrl Pts',(27.7381320820783,41.8716253612511,1.5));
#8503=CARTESIAN_POINT('Ctrl Pts',(27.7206683797155,41.9107717520388,1.5));
#8504=CARTESIAN_POINT('Ctrl Pts',(27.7035002011,41.9492557009308,1.5));
#8505=CARTESIAN_POINT('Ctrl Pts',(27.6734580964075,41.9820260061145,1.5));
#8506=CARTESIAN_POINT('Ctrl Pts',(27.643415991715,42.0147963112982,1.5));
#8507=CARTESIAN_POINT('Ctrl Pts',(27.3180401963506,42.1062015241774,1.));
#8508=CARTESIAN_POINT('Ctrl Pts',(27.3180401963506,42.1062015241774,5.));
#8509=CARTESIAN_POINT('Ctrl Pts',(27.3841217910368,42.1048011686376,1.));
#8510=CARTESIAN_POINT('Ctrl Pts',(27.3841217910368,42.1048011686376,5.));
#8511=CARTESIAN_POINT('Ctrl Pts',(27.5011545187824,42.1023210918566,1.));
#8512=CARTESIAN_POINT('Ctrl Pts',(27.5011545187824,42.1023210918566,5.));
#8513=CARTESIAN_POINT('Ctrl Pts',(27.6002667081952,42.0413434255201,1.));
#8514=CARTESIAN_POINT('Ctrl Pts',(27.6002667081952,42.0413434255201,5.));
#8515=CARTESIAN_POINT('Ctrl Pts',(27.643415991715,42.0147963112982,1.));
#8516=CARTESIAN_POINT('Ctrl Pts',(27.643415991715,42.0147963112982,5.));
#8517=CARTESIAN_POINT('',(27.3180401963506,42.1062015241774,1.5));
#8518=CARTESIAN_POINT('',(27.3180401963506,42.1062015241774,4.));
#8519=CARTESIAN_POINT('Ctrl Pts',(27.643415991715,42.0147963112982,1.5));
#8520=CARTESIAN_POINT('Ctrl Pts',(27.6002667081952,42.0413434255201,1.5));
#8521=CARTESIAN_POINT('Ctrl Pts',(27.5571174246754,42.067890539742,1.5));
#8522=CARTESIAN_POINT('Ctrl Pts',(27.5105715436254,42.0833502209576,1.5));
#8523=CARTESIAN_POINT('Ctrl Pts',(27.4502033857229,42.1034008130978,1.5));
#8524=CARTESIAN_POINT('Ctrl Pts',(27.3841217910368,42.1048011686376,1.5));
#8525=CARTESIAN_POINT('Ctrl Pts',(27.3180401963506,42.1062015241774,1.5));
#8526=CARTESIAN_POINT('Origin',(26.6850257558141,42.1062015241774,4.));
#8527=CARTESIAN_POINT('',(26.6850257558141,42.1062015241774,1.5));
#8528=CARTESIAN_POINT('',(26.6850257558141,42.1062015241774,4.));
#8529=CARTESIAN_POINT('',(23.3447700981753,42.1062015241774,1.5));
#8530=CARTESIAN_POINT('Ctrl Pts',(27.8350949925695,40.8715494221838,1.));
#8531=CARTESIAN_POINT('Ctrl Pts',(27.8350949925695,40.8715494221838,5.));
#8532=CARTESIAN_POINT('Ctrl Pts',(27.8010392462244,40.9215917810437,1.));
#8533=CARTESIAN_POINT('Ctrl Pts',(27.8010392462244,40.9215917810437,5.));
#8534=CARTESIAN_POINT('Ctrl Pts',(27.7360440240201,41.0170973735729,1.));
#8535=CARTESIAN_POINT('Ctrl Pts',(27.7360440240201,41.0170973735729,5.));
#8536=CARTESIAN_POINT('Ctrl Pts',(27.654341094645,41.0987232776887,1.));
#8537=CARTESIAN_POINT('Ctrl Pts',(27.654341094645,41.0987232776887,5.));
#8538=CARTESIAN_POINT('Ctrl Pts',(27.6154483002935,41.1375794059427,1.));
#8539=CARTESIAN_POINT('Ctrl Pts',(27.6154483002935,41.1375794059427,5.));
#8540=CARTESIAN_POINT('',(27.8350949925695,40.8715494221838,1.5));
#8541=CARTESIAN_POINT('',(27.8350949925695,40.8715494221838,4.));
#8542=CARTESIAN_POINT('',(27.6154483002935,41.1375794059427,1.5));
#8543=CARTESIAN_POINT('Ctrl Pts',(27.6154483002935,41.1375794059427,1.5));
#8544=CARTESIAN_POINT('Ctrl Pts',(27.654341094645,41.0987232776887,1.5));
#8545=CARTESIAN_POINT('Ctrl Pts',(27.6932338889965,41.0598671494347,1.5));
#8546=CARTESIAN_POINT('Ctrl Pts',(27.728340689591,41.0178658610971,1.5));
#8547=CARTESIAN_POINT('Ctrl Pts',(27.7669834998792,40.9716341399035,1.5));
#8548=CARTESIAN_POINT('Ctrl Pts',(27.8010392462244,40.9215917810437,1.5));
#8549=CARTESIAN_POINT('Ctrl Pts',(27.8350949925695,40.8715494221838,1.5));
#8550=CARTESIAN_POINT('',(27.6154483002935,41.1375794059427,4.));
#8551=CARTESIAN_POINT('Origin',(28.182978693894,40.3272110468538,4.));
#8552=CARTESIAN_POINT('',(28.182978693894,40.3272110468538,1.5));
#8553=CARTESIAN_POINT('',(28.182978693894,40.3272110468538,4.));
#8554=CARTESIAN_POINT('',(30.2402351533837,37.1081937875449,1.5));
#8555=CARTESIAN_POINT('Origin',(27.8501010579382,40.3272110468538,4.));
#8556=CARTESIAN_POINT('',(27.8501010579382,40.3272110468538,1.5));
#8557=CARTESIAN_POINT('',(27.8501010579382,40.3272110468538,4.));
#8558=CARTESIAN_POINT('',(23.777239346947,40.3272110468538,1.5));
#8559=CARTESIAN_POINT('Origin',(27.5854349774633,40.7433092838915,4.));
#8560=CARTESIAN_POINT('',(27.5854349774633,40.7433092838915,1.5));
#8561=CARTESIAN_POINT('',(27.5854349774633,40.7433092838915,4.));
#8562=CARTESIAN_POINT('',(30.1308156103987,36.741555859146,1.5));
#8563=CARTESIAN_POINT('Ctrl Pts',(27.3944390458379,41.0188889748247,1.));
#8564=CARTESIAN_POINT('Ctrl Pts',(27.3944390458379,41.0188889748247,5.));
#8565=CARTESIAN_POINT('Ctrl Pts',(27.4232370699962,40.980270124646,1.));
#8566=CARTESIAN_POINT('Ctrl Pts',(27.4232370699962,40.980270124646,5.));
#8567=CARTESIAN_POINT('Ctrl Pts',(27.4900825362945,40.890628730017,1.));
#8568=CARTESIAN_POINT('Ctrl Pts',(27.4900825362945,40.890628730017,5.));
#8569=CARTESIAN_POINT('Ctrl Pts',(27.5508481160415,40.7967459574094,1.));
#8570=CARTESIAN_POINT('Ctrl Pts',(27.5508481160415,40.7967459574094,5.));
#8571=CARTESIAN_POINT('Ctrl Pts',(27.5854349774633,40.7433092838915,1.));
#8572=CARTESIAN_POINT('Ctrl Pts',(27.5854349774633,40.7433092838915,5.));
#8573=CARTESIAN_POINT('',(27.3944390458379,41.0188889748247,1.5));
#8574=CARTESIAN_POINT('',(27.3944390458379,41.0188889748247,4.));
#8575=CARTESIAN_POINT('Ctrl Pts',(27.5854349774633,40.7433092838915,1.5));
#8576=CARTESIAN_POINT('Ctrl Pts',(27.5508481160415,40.7967459574094,1.5));
#8577=CARTESIAN_POINT('Ctrl Pts',(27.5162612546198,40.8501826309273,1.5));
#8578=CARTESIAN_POINT('Ctrl Pts',(27.479704682282,40.9022452181967,1.5));
#8579=CARTESIAN_POINT('Ctrl Pts',(27.4520350941544,40.9416512744672,1.5));
#8580=CARTESIAN_POINT('Ctrl Pts',(27.4232370699962,40.980270124646,1.5));
#8581=CARTESIAN_POINT('Ctrl Pts',(27.3944390458379,41.0188889748247,1.5));
#8582=CARTESIAN_POINT('Ctrl Pts',(27.2600591820989,41.1525862163694,1.));
#8583=CARTESIAN_POINT('Ctrl Pts',(27.2600591820989,41.1525862163694,5.));
#8584=CARTESIAN_POINT('Ctrl Pts',(27.2818031615524,41.1357505255779,1.));
#8585=CARTESIAN_POINT('Ctrl Pts',(27.2818031615524,41.1357505255779,5.));
#8586=CARTESIAN_POINT('Ctrl Pts',(27.332083800781,41.0968197817064,1.));
#8587=CARTESIAN_POINT('Ctrl Pts',(27.332083800781,41.0968197817064,5.));
#8588=CARTESIAN_POINT('Ctrl Pts',(27.3718626516215,41.0471046704917,1.));
#8589=CARTESIAN_POINT('Ctrl Pts',(27.3718626516215,41.0471046704917,5.));
#8590=CARTESIAN_POINT('Ctrl Pts',(27.3944390458379,41.0188889748247,1.));
#8591=CARTESIAN_POINT('Ctrl Pts',(27.3944390458379,41.0188889748247,5.));
#8592=CARTESIAN_POINT('',(27.2600591820989,41.1525862163694,1.5));
#8593=CARTESIAN_POINT('',(27.2600591820989,41.1525862163694,4.));
#8594=CARTESIAN_POINT('Ctrl Pts',(27.3944390458379,41.0188889748247,1.5));
#8595=CARTESIAN_POINT('Ctrl Pts',(27.3718626516215,41.0471046704917,1.5));
#8596=CARTESIAN_POINT('Ctrl Pts',(27.349286257405,41.0753203661587,1.5));
#8597=CARTESIAN_POINT('Ctrl Pts',(27.3233271283422,41.1000623053701,1.5));
#8598=CARTESIAN_POINT('Ctrl Pts',(27.3035471410059,41.1189148347864,1.5));
#8599=CARTESIAN_POINT('Ctrl Pts',(27.2818031615524,41.1357505255779,1.5));
#8600=CARTESIAN_POINT('Ctrl Pts',(27.2600591820989,41.1525862163694,1.5));
#8601=CARTESIAN_POINT('Ctrl Pts',(27.139322821549,41.2057921535166,1.));
#8602=CARTESIAN_POINT('Ctrl Pts',(27.139322821549,41.2057921535166,5.));
#8603=CARTESIAN_POINT('Ctrl Pts',(27.159964548451,41.1996527658796,1.));
#8604=CARTESIAN_POINT('Ctrl Pts',(27.159964548451,41.1996527658796,5.));
#8605=CARTESIAN_POINT('Ctrl Pts',(27.2024435584019,41.1870184010437,1.));
#8606=CARTESIAN_POINT('Ctrl Pts',(27.2024435584019,41.1870184010437,5.));
#8607=CARTESIAN_POINT('Ctrl Pts',(27.2404969743903,41.1642769610883,1.));
#8608=CARTESIAN_POINT('Ctrl Pts',(27.2404969743903,41.1642769610883,5.));
#8609=CARTESIAN_POINT('Ctrl Pts',(27.2600591820989,41.1525862163694,1.));
#8610=CARTESIAN_POINT('Ctrl Pts',(27.2600591820989,41.1525862163694,5.));
#8611=CARTESIAN_POINT('',(27.139322821549,41.2057921535166,1.5));
#8612=CARTESIAN_POINT('',(27.139322821549,41.2057921535166,4.));
#8613=CARTESIAN_POINT('Ctrl Pts',(27.2600591820989,41.1525862163694,1.5));
#8614=CARTESIAN_POINT('Ctrl Pts',(27.2404969743903,41.1642769610883,1.5));
#8615=CARTESIAN_POINT('Ctrl Pts',(27.2209347666817,41.1759677058071,1.5));
#8616=CARTESIAN_POINT('Ctrl Pts',(27.2002030057226,41.1849874502809,1.5));
#8617=CARTESIAN_POINT('Ctrl Pts',(27.180606275353,41.1935133782426,1.5));
#8618=CARTESIAN_POINT('Ctrl Pts',(27.159964548451,41.1996527658796,1.5));
#8619=CARTESIAN_POINT('Ctrl Pts',(27.139322821549,41.2057921535166,1.5));
#8620=CARTESIAN_POINT('Ctrl Pts',(26.9919837159429,41.2153420097025,1.));
#8621=CARTESIAN_POINT('Ctrl Pts',(26.9919837159429,41.2153420097025,5.));
#8622=CARTESIAN_POINT('Ctrl Pts',(27.0213748986674,41.2153561699101,1.));
#8623=CARTESIAN_POINT('Ctrl Pts',(27.0213748986674,41.2153561699101,5.));
#8624=CARTESIAN_POINT('Ctrl Pts',(27.070724458162,41.2153799457483,1.));
#8625=CARTESIAN_POINT('Ctrl Pts',(27.070724458162,41.2153799457483,5.));
#8626=CARTESIAN_POINT('Ctrl Pts',(27.1195687781294,41.2085531182786,1.));
#8627=CARTESIAN_POINT('Ctrl Pts',(27.1195687781294,41.2085531182786,5.));
#8628=CARTESIAN_POINT('Ctrl Pts',(27.139322821549,41.2057921535166,1.));
#8629=CARTESIAN_POINT('Ctrl Pts',(27.139322821549,41.2057921535166,5.));
#8630=CARTESIAN_POINT('',(26.9919837159429,41.2153420097025,1.5));
#8631=CARTESIAN_POINT('',(26.9919837159429,41.2153420097025,4.));
#8632=CARTESIAN_POINT('Ctrl Pts',(27.139322821549,41.2057921535166,1.5));
#8633=CARTESIAN_POINT('Ctrl Pts',(27.1195687781294,41.2085531182786,1.5));
#8634=CARTESIAN_POINT('Ctrl Pts',(27.0998147347099,41.2113140830406,1.5));
#8635=CARTESIAN_POINT('Ctrl Pts',(27.0799780530248,41.212954545656,1.5));
#8636=CARTESIAN_POINT('Ctrl Pts',(27.0507660813918,41.2153703301177,1.5));
#8637=CARTESIAN_POINT('Ctrl Pts',(27.0213748986674,41.2153561699101,1.5));
#8638=CARTESIAN_POINT('Ctrl Pts',(26.9919837159429,41.2153420097025,1.5));
#8639=CARTESIAN_POINT('Origin',(26.6850257558141,41.2153420097025,4.));
#8640=CARTESIAN_POINT('',(26.6850257558141,41.2153420097025,1.5));
#8641=CARTESIAN_POINT('',(26.6850257558141,41.2153420097025,4.));
#8642=CARTESIAN_POINT('',(23.1817418579715,41.2153420097025,1.5));
#8643=CARTESIAN_POINT('Origin',(26.6850257558141,40.3272110468538,4.));
#8644=CARTESIAN_POINT('',(26.6850257558141,40.3272110468538,1.5));
#8645=CARTESIAN_POINT('',(26.6850257558141,40.3272110468538,4.));
#8646=CARTESIAN_POINT('',(26.6850257558141,33.038459246051,1.5));
#8647=CARTESIAN_POINT('Ctrl Pts',(23.6147666615759,42.0345780498178,1.));
#8648=CARTESIAN_POINT('Ctrl Pts',(23.6147666615759,42.0345780498178,5.));
#8649=CARTESIAN_POINT('Ctrl Pts',(23.6647802351465,41.9972556626077,1.));
#8650=CARTESIAN_POINT('Ctrl Pts',(23.6647802351465,41.9972556626077,5.));
#8651=CARTESIAN_POINT('Ctrl Pts',(23.7664892401135,41.9213558099253,1.));
#8652=CARTESIAN_POINT('Ctrl Pts',(23.7664892401135,41.9213558099253,5.));
#8653=CARTESIAN_POINT('Ctrl Pts',(23.8259954653481,41.8091881408708,1.));
#8654=CARTESIAN_POINT('Ctrl Pts',(23.8259954653481,41.8091881408708,5.));
#8655=CARTESIAN_POINT('Ctrl Pts',(23.8562405747686,41.7521769053133,1.));
#8656=CARTESIAN_POINT('Ctrl Pts',(23.8562405747686,41.7521769053133,5.));
#8657=CARTESIAN_POINT('',(23.6147666615759,42.0345780498178,1.5));
#8658=CARTESIAN_POINT('',(23.6147666615759,42.0345780498178,4.));
#8659=CARTESIAN_POINT('',(23.8562405747686,41.7521769053133,1.5));
#8660=CARTESIAN_POINT('Ctrl Pts',(23.8562405747686,41.7521769053133,1.5));
#8661=CARTESIAN_POINT('Ctrl Pts',(23.8259954653481,41.8091881408708,1.5));
#8662=CARTESIAN_POINT('Ctrl Pts',(23.7957503559277,41.8661993764284,1.5));
#8663=CARTESIAN_POINT('Ctrl Pts',(23.7546027344976,41.9138413167389,1.5));
#8664=CARTESIAN_POINT('Ctrl Pts',(23.7147938087171,41.9599332753976,1.5));
#8665=CARTESIAN_POINT('Ctrl Pts',(23.6647802351465,41.9972556626077,1.5));
#8666=CARTESIAN_POINT('Ctrl Pts',(23.6147666615759,42.0345780498178,1.5));
#8667=CARTESIAN_POINT('',(23.8562405747686,41.7521769053133,4.));
#8668=CARTESIAN_POINT('Ctrl Pts',(23.2580137891088,42.1348509437235,1.));
#8669=CARTESIAN_POINT('Ctrl Pts',(23.2580137891088,42.1348509437235,5.));
#8670=CARTESIAN_POINT('Ctrl Pts',(23.3219620876761,42.1309051912268,1.));
#8671=CARTESIAN_POINT('Ctrl Pts',(23.3219620876761,42.1309051912268,5.));
#8672=CARTESIAN_POINT('Ctrl Pts',(23.4481404915194,42.1231197025876,1.));
#8673=CARTESIAN_POINT('Ctrl Pts',(23.4481404915194,42.1231197025876,5.));
#8674=CARTESIAN_POINT('Ctrl Pts',(23.5597311212342,42.0638227819105,1.));
#8675=CARTESIAN_POINT('Ctrl Pts',(23.5597311212342,42.0638227819105,5.));
#8676=CARTESIAN_POINT('Ctrl Pts',(23.6147666615759,42.0345780498178,1.));
#8677=CARTESIAN_POINT('Ctrl Pts',(23.6147666615759,42.0345780498178,5.));
#8678=CARTESIAN_POINT('',(23.2580137891088,42.1348509437235,1.5));
#8679=CARTESIAN_POINT('',(23.2580137891088,42.1348509437235,4.));
#8680=CARTESIAN_POINT('Ctrl Pts',(23.6147666615759,42.0345780498178,1.5));
#8681=CARTESIAN_POINT('Ctrl Pts',(23.5597311212342,42.0638227819105,1.5));
#8682=CARTESIAN_POINT('Ctrl Pts',(23.5046955808925,42.0930675140032,1.5));
#8683=CARTESIAN_POINT('Ctrl Pts',(23.4461117429052,42.1097827202471,1.5));
#8684=CARTESIAN_POINT('Ctrl Pts',(23.3859103862434,42.1269594387301,1.5));
#8685=CARTESIAN_POINT('Ctrl Pts',(23.3219620876761,42.1309051912268,1.5));
#8686=CARTESIAN_POINT('Ctrl Pts',(23.2580137891088,42.1348509437235,1.5));
#8687=CARTESIAN_POINT('Ctrl Pts',(22.77438527768,41.9418086356314,1.));
#8688=CARTESIAN_POINT('Ctrl Pts',(22.77438527768,41.9418086356314,5.));
#8689=CARTESIAN_POINT('Ctrl Pts',(22.8452400006684,41.9981126378412,1.));
#8690=CARTESIAN_POINT('Ctrl Pts',(22.8452400006684,41.9981126378412,5.));
#8691=CARTESIAN_POINT('Ctrl Pts',(22.9871189316394,42.1108553218288,1.));
#8692=CARTESIAN_POINT('Ctrl Pts',(22.9871189316394,42.1108553218288,5.));
#8693=CARTESIAN_POINT('Ctrl Pts',(23.1676436198719,42.126846035724,1.));
#8694=CARTESIAN_POINT('Ctrl Pts',(23.1676436198719,42.126846035724,5.));
#8695=CARTESIAN_POINT('Ctrl Pts',(23.2580137891088,42.1348509437235,1.));
#8696=CARTESIAN_POINT('Ctrl Pts',(23.2580137891088,42.1348509437235,5.));
#8697=CARTESIAN_POINT('',(22.77438527768,41.9418086356314,1.5));
#8698=CARTESIAN_POINT('',(22.77438527768,41.9418086356314,4.));
#8699=CARTESIAN_POINT('Ctrl Pts',(23.2580137891088,42.1348509437235,1.5));
#8700=CARTESIAN_POINT('Ctrl Pts',(23.1676436198719,42.126846035724,1.5));
#8701=CARTESIAN_POINT('Ctrl Pts',(23.0772734506349,42.1188411277246,1.5));
#8702=CARTESIAN_POINT('Ctrl Pts',(22.996587817124,42.0865904039534,1.5));
#8703=CARTESIAN_POINT('Ctrl Pts',(22.9160947236569,42.054416640051,1.5));
#8704=CARTESIAN_POINT('Ctrl Pts',(22.8452400006684,41.9981126378412,1.5));
#8705=CARTESIAN_POINT('Ctrl Pts',(22.77438527768,41.9418086356314,1.5));
#8706=CARTESIAN_POINT('Ctrl Pts',(22.5717926663671,41.2971973663958,1.));
#8707=CARTESIAN_POINT('Ctrl Pts',(22.5717926663671,41.2971973663958,5.));
#8708=CARTESIAN_POINT('Ctrl Pts',(22.5747522938521,41.4309683119215,1.));
#8709=CARTESIAN_POINT('Ctrl Pts',(22.5747522938521,41.4309683119215,5.));
#8710=CARTESIAN_POINT('Ctrl Pts',(22.5799806293663,41.6672816279709,1.));
#8711=CARTESIAN_POINT('Ctrl Pts',(22.5799806293663,41.6672816279709,5.));
#8712=CARTESIAN_POINT('Ctrl Pts',(22.7155557692231,41.8587330041643,1.));
#8713=CARTESIAN_POINT('Ctrl Pts',(22.7155557692231,41.8587330041643,5.));
#8714=CARTESIAN_POINT('Ctrl Pts',(22.77438527768,41.9418086356314,1.));
#8715=CARTESIAN_POINT('Ctrl Pts',(22.77438527768,41.9418086356314,5.));
#8716=CARTESIAN_POINT('',(22.5717926663671,41.2971973663958,1.5));
#8717=CARTESIAN_POINT('',(22.5717926663671,41.2971973663958,4.));
#8718=CARTESIAN_POINT('Ctrl Pts',(22.77438527768,41.9418086356314,1.5));
#8719=CARTESIAN_POINT('Ctrl Pts',(22.7155557692231,41.8587330041643,1.5));
#8720=CARTESIAN_POINT('Ctrl Pts',(22.6567262607663,41.7756573726972,1.5));
#8721=CARTESIAN_POINT('Ctrl Pts',(22.6224399251257,41.6841346270235,1.5));
#8722=CARTESIAN_POINT('Ctrl Pts',(22.5777119213372,41.5647392574473,1.5));
#8723=CARTESIAN_POINT('Ctrl Pts',(22.5747522938521,41.4309683119215,1.5));
#8724=CARTESIAN_POINT('Ctrl Pts',(22.5717926663671,41.2971973663958,1.5));
#8725=CARTESIAN_POINT('Ctrl Pts',(23.7409604234014,40.4165698832663,1.));
#8726=CARTESIAN_POINT('Ctrl Pts',(23.7409604234014,40.4165698832663,5.));
#8727=CARTESIAN_POINT('Ctrl Pts',(23.8119919339204,40.4630991000635,1.));
#8728=CARTESIAN_POINT('Ctrl Pts',(23.8119919339204,40.4630991000635,5.));
#8729=CARTESIAN_POINT('Ctrl Pts',(23.9559470080986,40.5573969237556,1.));
#8730=CARTESIAN_POINT('Ctrl Pts',(23.9559470080986,40.5573969237556,5.));
#8731=CARTESIAN_POINT('Ctrl Pts',(24.0441602027616,40.7052473636788,1.));
#8732=CARTESIAN_POINT('Ctrl Pts',(24.0441602027616,40.7052473636788,5.));
#8733=CARTESIAN_POINT('Ctrl Pts',(24.0888465089117,40.7801442093046,1.));
#8734=CARTESIAN_POINT('Ctrl Pts',(24.0888465089117,40.7801442093046,5.));
#8735=CARTESIAN_POINT('',(23.7409604234014,40.4165698832663,1.5));
#8736=CARTESIAN_POINT('',(23.7409604234014,40.4165698832663,4.));
#8737=CARTESIAN_POINT('',(24.0888465089117,40.7801442093046,1.5));
#8738=CARTESIAN_POINT('Ctrl Pts',(24.0888465089117,40.7801442093046,1.5));
#8739=CARTESIAN_POINT('Ctrl Pts',(24.0441602027616,40.7052473636788,1.5));
#8740=CARTESIAN_POINT('Ctrl Pts',(23.9994738966115,40.630350518053,1.5));
#8741=CARTESIAN_POINT('Ctrl Pts',(23.9404833955084,40.5691960698755,1.5));
#8742=CARTESIAN_POINT('Ctrl Pts',(23.8830234444394,40.5096283168608,1.5));
#8743=CARTESIAN_POINT('Ctrl Pts',(23.8119919339204,40.4630991000635,1.5));
#8744=CARTESIAN_POINT('Ctrl Pts',(23.7409604234014,40.4165698832663,1.5));
#8745=CARTESIAN_POINT('',(24.0888465089117,40.7801442093046,4.));
#8746=CARTESIAN_POINT('Ctrl Pts',(23.255285088471,40.2931046730669,1.));
#8747=CARTESIAN_POINT('Ctrl Pts',(23.255285088471,40.2931046730669,5.));
#8748=CARTESIAN_POINT('Ctrl Pts',(23.3405179649993,40.2981685901064,1.));
#8749=CARTESIAN_POINT('Ctrl Pts',(23.3405179649993,40.2981685901064,5.));
#8750=CARTESIAN_POINT('Ctrl Pts',(23.5103237239049,40.3082572121376,1.));
#8751=CARTESIAN_POINT('Ctrl Pts',(23.5103237239049,40.3082572121376,5.));
#8752=CARTESIAN_POINT('Ctrl Pts',(23.6642809885242,40.3805593332093,1.));
#8753=CARTESIAN_POINT('Ctrl Pts',(23.6642809885242,40.3805593332093,5.));
#8754=CARTESIAN_POINT('Ctrl Pts',(23.7409604234014,40.4165698832663,1.));
#8755=CARTESIAN_POINT('Ctrl Pts',(23.7409604234014,40.4165698832663,5.));
#8756=CARTESIAN_POINT('',(23.255285088471,40.2931046730669,1.5));
#8757=CARTESIAN_POINT('',(23.255285088471,40.2931046730669,4.));
#8758=CARTESIAN_POINT('Ctrl Pts',(23.7409604234014,40.4165698832663,1.5));
#8759=CARTESIAN_POINT('Ctrl Pts',(23.6642809885242,40.3805593332093,1.5));
#8760=CARTESIAN_POINT('Ctrl Pts',(23.587601553647,40.3445487831524,1.5));
#8761=CARTESIAN_POINT('Ctrl Pts',(23.5069907349859,40.3239709383638,1.5));
#8762=CARTESIAN_POINT('Ctrl Pts',(23.4257508415276,40.3032325071459,1.5));
#8763=CARTESIAN_POINT('Ctrl Pts',(23.3405179649993,40.2981685901064,1.5));
#8764=CARTESIAN_POINT('Ctrl Pts',(23.255285088471,40.2931046730669,1.5));
#8765=CARTESIAN_POINT('Ctrl Pts',(22.7505100411688,40.4295303172262,1.));
#8766=CARTESIAN_POINT('Ctrl Pts',(22.7505100411688,40.4295303172262,5.));
#8767=CARTESIAN_POINT('Ctrl Pts',(22.8280837701908,40.3897443781298,1.));
#8768=CARTESIAN_POINT('Ctrl Pts',(22.8280837701908,40.3897443781298,5.));
#8769=CARTESIAN_POINT('Ctrl Pts',(22.986552783591,40.3084689438392,1.));
#8770=CARTESIAN_POINT('Ctrl Pts',(22.986552783591,40.3084689438392,5.));
#8771=CARTESIAN_POINT('Ctrl Pts',(23.1644646259934,40.298297164449,1.));
#8772=CARTESIAN_POINT('Ctrl Pts',(23.1644646259934,40.298297164449,5.));
#8773=CARTESIAN_POINT('Ctrl Pts',(23.255285088471,40.2931046730669,1.));
#8774=CARTESIAN_POINT('Ctrl Pts',(23.255285088471,40.2931046730669,5.));
#8775=CARTESIAN_POINT('',(22.7505100411688,40.4295303172262,1.5));
#8776=CARTESIAN_POINT('',(22.7505100411688,40.4295303172262,4.));
#8777=CARTESIAN_POINT('Ctrl Pts',(23.255285088471,40.2931046730669,1.5));
#8778=CARTESIAN_POINT('Ctrl Pts',(23.1644646259934,40.298297164449,1.5));
#8779=CARTESIAN_POINT('Ctrl Pts',(23.0736441635157,40.303489655831,1.5));
#8780=CARTESIAN_POINT('Ctrl Pts',(22.9878903073583,40.3272110468538,1.5));
#8781=CARTESIAN_POINT('Ctrl Pts',(22.9056574992128,40.3499584390334,1.5));
#8782=CARTESIAN_POINT('Ctrl Pts',(22.8280837701908,40.3897443781298,1.5));
#8783=CARTESIAN_POINT('Ctrl Pts',(22.7505100411688,40.4295303172262,1.5));
#8784=CARTESIAN_POINT('Ctrl Pts',(22.4135387582098,40.801972324291,1.));
#8785=CARTESIAN_POINT('Ctrl Pts',(22.4135387582098,40.801972324291,5.));
#8786=CARTESIAN_POINT('Ctrl Pts',(22.4561729157817,40.7274840935991,1.));
#8787=CARTESIAN_POINT('Ctrl Pts',(22.4561729157817,40.7274840935991,5.));
#8788=CARTESIAN_POINT('Ctrl Pts',(22.5413131981497,40.5787313245663,1.));
#8789=CARTESIAN_POINT('Ctrl Pts',(22.5413131981497,40.5787313245663,5.));
#8790=CARTESIAN_POINT('Ctrl Pts',(22.6808477035137,40.4792141021333,1.));
#8791=CARTESIAN_POINT('Ctrl Pts',(22.6808477035137,40.4792141021333,5.));
#8792=CARTESIAN_POINT('Ctrl Pts',(22.7505100411688,40.4295303172262,1.));
#8793=CARTESIAN_POINT('Ctrl Pts',(22.7505100411688,40.4295303172262,5.));
#8794=CARTESIAN_POINT('',(22.4135387582098,40.801972324291,1.5));
#8795=CARTESIAN_POINT('',(22.4135387582098,40.801972324291,4.));
#8796=CARTESIAN_POINT('Ctrl Pts',(22.7505100411688,40.4295303172262,1.5));
#8797=CARTESIAN_POINT('Ctrl Pts',(22.6808477035137,40.4792141021333,1.5));
#8798=CARTESIAN_POINT('Ctrl Pts',(22.6111853658587,40.5288978870403,1.5));
#8799=CARTESIAN_POINT('Ctrl Pts',(22.555080716065,40.5908535665663,1.5));
#8800=CARTESIAN_POINT('Ctrl Pts',(22.4988070733536,40.6529958629072,1.5));
#8801=CARTESIAN_POINT('Ctrl Pts',(22.4561729157817,40.7274840935991,1.5));
#8802=CARTESIAN_POINT('Ctrl Pts',(22.4135387582098,40.801972324291,1.5));
#8803=CARTESIAN_POINT('Ctrl Pts',(22.2989416760717,41.3012901193293,1.));
#8804=CARTESIAN_POINT('Ctrl Pts',(22.2989416760717,41.3012901193293,5.));
#8805=CARTESIAN_POINT('Ctrl Pts',(22.3036984411378,41.2146961997807,1.));
#8806=CARTESIAN_POINT('Ctrl Pts',(22.3036984411378,41.2146961997807,5.));
#8807=CARTESIAN_POINT('Ctrl Pts',(22.3132031920498,41.0416681808686,1.));
#8808=CARTESIAN_POINT('Ctrl Pts',(22.3132031920498,41.0416681808686,5.));
#8809=CARTESIAN_POINT('Ctrl Pts',(22.380114170633,40.8818217282123,1.));
#8810=CARTESIAN_POINT('Ctrl Pts',(22.380114170633,40.8818217282123,5.));
#8811=CARTESIAN_POINT('Ctrl Pts',(22.4135387582098,40.801972324291,1.));
#8812=CARTESIAN_POINT('Ctrl Pts',(22.4135387582098,40.801972324291,5.));
#8813=CARTESIAN_POINT('',(22.2989416760717,41.3012901193293,1.5));
#8814=CARTESIAN_POINT('',(22.2989416760717,41.3012901193293,4.));
#8815=CARTESIAN_POINT('Ctrl Pts',(22.4135387582098,40.801972324291,1.5));
#8816=CARTESIAN_POINT('Ctrl Pts',(22.380114170633,40.8818217282123,1.5));
#8817=CARTESIAN_POINT('Ctrl Pts',(22.3466895830562,40.9616711321335,1.5));
#8818=CARTESIAN_POINT('Ctrl Pts',(22.3275900525366,41.0448098427446,1.5));
#8819=CARTESIAN_POINT('Ctrl Pts',(22.3084552062038,41.1281022802322,1.5));
#8820=CARTESIAN_POINT('Ctrl Pts',(22.3036984411378,41.2146961997807,1.5));
#8821=CARTESIAN_POINT('Ctrl Pts',(22.2989416760717,41.3012901193293,1.5));
#8822=CARTESIAN_POINT('Origin',(20.0288177174841,41.4786434418352,4.));
#8823=CARTESIAN_POINT('',(20.0288177174841,41.4786434418352,1.5));
#8824=CARTESIAN_POINT('',(20.0288177174841,41.4786434418352,4.));
#8825=CARTESIAN_POINT('',(18.9224064988409,41.4786434418352,1.5));
#8826=CARTESIAN_POINT('',(19.1469532494204,41.4786434418352,1.5));
#8827=CARTESIAN_POINT('',(18.9224064988409,41.4786434418352,4.));
#8828=CARTESIAN_POINT('Origin',(20.0288177174841,41.243991280237,4.));
#8829=CARTESIAN_POINT('',(20.0288177174841,41.243991280237,1.5));
#8830=CARTESIAN_POINT('',(20.0288177174841,41.243991280237,4.));
#8831=CARTESIAN_POINT('',(20.0288177174841,33.1701099621173,1.5));
#8832=CARTESIAN_POINT('Origin',(18.9224064988409,41.243991280237,4.));
#8833=CARTESIAN_POINT('',(18.9224064988409,41.243991280237,1.5));
#8834=CARTESIAN_POINT('',(18.9224064988409,41.243991280237,4.));
#8835=CARTESIAN_POINT('',(19.700158858742,41.243991280237,1.5));
#8836=CARTESIAN_POINT('Origin',(18.9224064988409,40.5632274097593,4.));
#8837=CARTESIAN_POINT('',(18.9224064988409,40.5632274097593,1.5));
#8838=CARTESIAN_POINT('',(18.9224064988409,40.5632274097593,4.));
#8839=CARTESIAN_POINT('',(18.9224064988409,33.0527838813182,1.5));
#8840=CARTESIAN_POINT('Origin',(20.1502371472631,40.5632274097593,4.));
#8841=CARTESIAN_POINT('',(20.1502371472631,40.5632274097593,1.5));
#8842=CARTESIAN_POINT('',(20.1502371472631,40.5632274097593,4.));
#8843=CARTESIAN_POINT('',(19.1469532494204,40.5632274097593,1.5));
#8844=CARTESIAN_POINT('Origin',(20.1502371472631,40.3272110468538,4.));
#8845=CARTESIAN_POINT('',(20.1502371472631,40.3272110468538,1.5));
#8846=CARTESIAN_POINT('',(20.1502371472631,40.3272110468538,4.));
#8847=CARTESIAN_POINT('',(20.1502371472631,32.7124019460794,1.5));
#8848=CARTESIAN_POINT('Origin',(17.9701555413519,40.3272110468538,4.));
#8849=CARTESIAN_POINT('',(17.9701555413519,40.3272110468538,1.5));
#8850=CARTESIAN_POINT('',(17.9701555413519,40.3272110468538,4.));
#8851=CARTESIAN_POINT('',(18.2252717656408,40.3272110468538,1.5));
#8852=CARTESIAN_POINT('',(18.7983858828204,40.3272110468538,1.5));
#8853=CARTESIAN_POINT('',(18.2252717656408,40.3272110468538,4.));
#8854=CARTESIAN_POINT('Origin',(17.9701555413519,42.0011537021788,4.));
#8855=CARTESIAN_POINT('',(17.9701555413519,42.0011537021788,1.5));
#8856=CARTESIAN_POINT('',(17.9701555413519,42.0011537021788,4.));
#8857=CARTESIAN_POINT('',(17.9701555413519,32.5943937646267,1.5));
#8858=CARTESIAN_POINT('Origin',(17.3889822406088,40.3272110468538,4.));
#8859=CARTESIAN_POINT('',(17.3889822406088,40.3272110468538,1.5));
#8860=CARTESIAN_POINT('',(17.3889822406088,40.3272110468538,4.));
#8861=CARTESIAN_POINT('',(15.3902635019223,34.5703386158483,1.5));
#8862=CARTESIAN_POINT('Origin',(17.1502376241003,40.3272110468538,4.));
#8863=CARTESIAN_POINT('',(17.1502376241003,40.3272110468538,1.5));
#8864=CARTESIAN_POINT('',(17.1502376241003,40.3272110468538,4.));
#8865=CARTESIAN_POINT('',(18.3802411203044,40.3272110468538,1.5));
#8866=CARTESIAN_POINT('Origin',(16.571793023995,42.0298031217249,4.));
#8867=CARTESIAN_POINT('',(16.571793023995,42.0298031217249,1.5));
#8868=CARTESIAN_POINT('',(16.571793023995,42.0298031217249,4.));
#8869=CARTESIAN_POINT('',(19.6204782706931,33.0563122483384,1.5));
#8870=CARTESIAN_POINT('Origin',(16.571793023995,40.3272110468538,4.));
#8871=CARTESIAN_POINT('',(16.571793023995,40.3272110468538,1.5));
#8872=CARTESIAN_POINT('',(16.571793023995,40.3272110468538,4.));
#8873=CARTESIAN_POINT('',(16.571793023995,33.4456898020622,1.5));
#8874=CARTESIAN_POINT('Origin',(16.316676799706,40.3272110468538,4.));
#8875=CARTESIAN_POINT('',(16.316676799706,40.3272110468538,1.5));
#8876=CARTESIAN_POINT('',(16.316676799706,40.3272110468538,4.));
#8877=CARTESIAN_POINT('',(17.9716465119975,40.3272110468538,1.5));
#8878=CARTESIAN_POINT('Origin',(13.0069906157766,40.5632274097593,4.));
#8879=CARTESIAN_POINT('',(13.0069906157766,40.5632274097593,1.5));
#8880=CARTESIAN_POINT('',(13.0069906157766,40.5632274097593,4.));
#8881=CARTESIAN_POINT('',(13.0069906157766,42.3272110766561,1.5));
#8882=CARTESIAN_POINT('',(13.0069906157766,33.5943937795278,1.5));
#8883=CARTESIAN_POINT('',(13.0069906157766,42.3272110766561,4.));
#8884=CARTESIAN_POINT('Origin',(13.9919835967336,40.5632274097593,4.));
#8885=CARTESIAN_POINT('',(13.9919835967336,40.5632274097593,1.5));
#8886=CARTESIAN_POINT('',(13.9919835967336,40.5632274097593,4.));
#8887=CARTESIAN_POINT('',(16.1892453078883,40.5632274097593,1.5));
#8888=CARTESIAN_POINT('Origin',(13.9919835967336,40.3272110468538,4.));
#8889=CARTESIAN_POINT('',(13.9919835967336,40.3272110468538,1.5));
#8890=CARTESIAN_POINT('',(13.9919835967336,40.3272110468538,4.));
#8891=CARTESIAN_POINT('',(13.9919835967336,32.7124019460794,1.5));
#8892=CARTESIAN_POINT('Origin',(10.0724748415266,42.3272110766561,4.));
#8893=CARTESIAN_POINT('',(10.0724748415266,42.3272110766561,1.5));
#8894=CARTESIAN_POINT('',(10.0724748415266,42.3272110766561,4.));
#8895=CARTESIAN_POINT('',(9.53222936814172,40.87427797381,1.5));
#8896=CARTESIAN_POINT('',(7.51438433787283,35.4474970282477,1.5));
#8897=CARTESIAN_POINT('',(9.53222936814172,40.87427797381,4.));
#8898=CARTESIAN_POINT('Origin',(10.3425974292074,42.3272110766561,4.));
#8899=CARTESIAN_POINT('',(10.3425974292074,42.3272110766561,1.5));
#8900=CARTESIAN_POINT('',(10.3425974292074,42.3272110766561,4.));
#8901=CARTESIAN_POINT('',(14.7219874207633,42.3272110766561,1.5));
#8902=CARTESIAN_POINT('Origin',(9.55951458638055,40.3272110468538,4.));
#8903=CARTESIAN_POINT('',(9.55951458638055,40.3272110468538,1.5));
#8904=CARTESIAN_POINT('',(9.55951458638055,40.3272110468538,4.));
#8905=CARTESIAN_POINT('',(7.97793769675437,36.2878506453816,1.5));
#8906=CARTESIAN_POINT('Origin',(9.2880273503576,40.3272110468538,4.));
#8907=CARTESIAN_POINT('',(9.2880273503576,40.3272110468538,1.5));
#8908=CARTESIAN_POINT('',(9.2880273503576,40.3272110468538,4.));
#8909=CARTESIAN_POINT('',(14.4655072931903,40.3272110468538,1.5));
#8910=CARTESIAN_POINT('Origin',(19.3715,24.8615764823995,1.5));
#8911=CARTESIAN_POINT('',(-14.9,44.7235764823995,1.5));
#8912=CARTESIAN_POINT('',(-12.9,46.7235764823995,1.5));
#8913=CARTESIAN_POINT('Origin',(-12.9,44.7235764823995,1.5));
#8914=CARTESIAN_POINT('',(-14.9,4.99957648239947,1.5));
#8915=CARTESIAN_POINT('',(-14.9,13.9305764823995,1.5));
#8916=CARTESIAN_POINT('',(-12.9,2.99957648239947,1.5));
#8917=CARTESIAN_POINT('Origin',(-12.9,4.99957648239947,1.5));
#8918=CARTESIAN_POINT('',(51.643,2.99957648239947,1.5));
#8919=CARTESIAN_POINT('',(36.50725,2.99957648239947,1.5));
#8920=CARTESIAN_POINT('',(53.643,4.99957648239947,1.5));
#8921=CARTESIAN_POINT('Origin',(51.643,4.99957648239947,1.5));
#8922=CARTESIAN_POINT('',(53.643,44.7235764823995,1.5));
#8923=CARTESIAN_POINT('',(53.643,35.7925764823995,1.5));
#8924=CARTESIAN_POINT('',(51.643,46.7235764823995,1.5));
#8925=CARTESIAN_POINT('Origin',(51.643,44.7235764823995,1.5));
#8926=CARTESIAN_POINT('',(2.23575000000001,46.7235764823995,1.5));
#8927=CARTESIAN_POINT('',(8.51312978988034,42.3272110766561,1.5));
#8928=CARTESIAN_POINT('',(12.5511041640038,31.905254316831,1.5));
#8929=CARTESIAN_POINT('',(8.79962361281259,42.3272110766561,1.5));
#8930=CARTESIAN_POINT('',(13.9423148949402,42.3272110766561,1.5));
#8931=CARTESIAN_POINT('',(9.31940532152993,40.87427797381,1.5));
#8932=CARTESIAN_POINT('',(12.1690396772171,32.9087647267152,1.5));
#8933=CARTESIAN_POINT('',(9.42445314352853,40.5468563980253,1.5));
#8934=CARTESIAN_POINT('Ctrl Pts',(9.31940532152994,40.87427797381,1.5));
#8935=CARTESIAN_POINT('Ctrl Pts',(9.33916881486745,40.8180647900991,1.5));
#8936=CARTESIAN_POINT('Ctrl Pts',(9.35893230820496,40.7618516063883,1.5));
#8937=CARTESIAN_POINT('Ctrl Pts',(9.3770450991903,40.7051101571711,1.5));
#8938=CARTESIAN_POINT('Ctrl Pts',(9.39378809506561,40.652659827955,1.5));
#8939=CARTESIAN_POINT('Ctrl Pts',(9.40912061929707,40.5997581129902,1.5));
#8940=CARTESIAN_POINT('Ctrl Pts',(9.42445314352853,40.5468563980253,1.5));
#8941=CARTESIAN_POINT('Ctrl Pts',(9.42445314352853,40.5468563980253,1.5));
#8942=CARTESIAN_POINT('Ctrl Pts',(9.44060867191277,40.6016097535625,1.5));
#8943=CARTESIAN_POINT('Ctrl Pts',(9.45676420029701,40.6563631090997,1.5));
#8944=CARTESIAN_POINT('Ctrl Pts',(9.47458944146974,40.7105671114119,1.5));
#8945=CARTESIAN_POINT('Ctrl Pts',(9.49265889824796,40.7655137383605,1.5));
#8946=CARTESIAN_POINT('Ctrl Pts',(9.51244413319484,40.8198958560852,1.5));
#8947=CARTESIAN_POINT('Ctrl Pts',(9.53222936814172,40.87427797381,1.5));
#8948=CARTESIAN_POINT('',(12.7423251313482,40.3272110468538,1.5));
#8949=CARTESIAN_POINT('',(16.6817417983668,40.3272110468538,1.5));
#8950=CARTESIAN_POINT('',(12.7423251313482,42.3272110766561,1.5));
#8951=CARTESIAN_POINT('',(12.7423251313482,32.5943937646267,1.5));
#8952=CARTESIAN_POINT('',(16.0569125656741,42.3272110766561,1.5));
#8953=CARTESIAN_POINT('',(16.3166767997061,42.3272110766561,1.5));
#8954=CARTESIAN_POINT('',(16.316676799706,32.5943937646267,1.5));
#8955=CARTESIAN_POINT('',(16.7150396746908,42.3272110766561,1.5));
#8956=CARTESIAN_POINT('',(17.844088399853,42.3272110766561,1.5));
#8957=CARTESIAN_POINT('',(17.1884364527975,40.9111127502115,1.5));
#8958=CARTESIAN_POINT('',(19.4744499647448,34.0728323515881,1.5));
#8959=CARTESIAN_POINT('',(17.2839344186102,40.6150691455992,1.5));
#8960=CARTESIAN_POINT('Ctrl Pts',(17.1884364527975,40.9111127502115,1.5));
#8961=CARTESIAN_POINT('Ctrl Pts',(17.2074866137682,40.8535301967012,1.5));
#8962=CARTESIAN_POINT('Ctrl Pts',(17.2265367747389,40.7959476431909,1.5));
#8963=CARTESIAN_POINT('Ctrl Pts',(17.2450531167303,40.7381934172304,1.5));
#8964=CARTESIAN_POINT('Ctrl Pts',(17.2581927595532,40.6972096256703,1.5));
#8965=CARTESIAN_POINT('Ctrl Pts',(17.2710635890817,40.6561393856347,1.5));
#8966=CARTESIAN_POINT('Ctrl Pts',(17.2839344186102,40.6150691455992,1.5));
#8967=CARTESIAN_POINT('',(17.3903465909277,40.9356694168241,1.5));
#8968=CARTESIAN_POINT('Ctrl Pts',(17.2839344186102,40.6150691455992,1.5));
#8969=CARTESIAN_POINT('Ctrl Pts',(17.2983716373488,40.6600139279183,1.5));
#8970=CARTESIAN_POINT('Ctrl Pts',(17.3128088560875,40.7049587102374,1.5));
#8971=CARTESIAN_POINT('Ctrl Pts',(17.327590648583,40.7497895008715,1.5));
#8972=CARTESIAN_POINT('Ctrl Pts',(17.3480684339861,40.8118953185749,1.5));
#8973=CARTESIAN_POINT('Ctrl Pts',(17.3692075124569,40.8737823676995,1.5));
#8974=CARTESIAN_POINT('Ctrl Pts',(17.3903465909277,40.9356694168241,1.5));
#8975=CARTESIAN_POINT('',(17.86920077031,42.3272110766561,1.5));
#8976=CARTESIAN_POINT('',(15.0223665662267,34.0543619209352,1.5));
#8977=CARTESIAN_POINT('',(18.2252717656408,42.3272110766561,1.5));
#8978=CARTESIAN_POINT('',(18.620350385155,42.3272110766561,1.5));
#8979=CARTESIAN_POINT('',(18.2252717656408,33.5943937795278,1.5));
#8980=CARTESIAN_POINT('',(18.657740418366,40.3272110468538,1.5));
#8981=CARTESIAN_POINT('',(19.7608685736316,40.3272110468538,1.5));
#8982=CARTESIAN_POINT('',(18.657740418366,42.3272110766561,1.5));
#8983=CARTESIAN_POINT('',(18.657740418366,32.5943937646267,1.5));
#8984=CARTESIAN_POINT('',(20.103851620606,42.3272110766561,1.5));
#8985=CARTESIAN_POINT('',(19.014620209183,42.3272110766561,1.5));
#8986=CARTESIAN_POINT('',(20.103851620606,42.0911947137506,1.5));
#8987=CARTESIAN_POINT('',(20.103851620606,33.5943937795278,1.5));
#8988=CARTESIAN_POINT('',(18.9224064988409,42.0911947137506,1.5));
#8989=CARTESIAN_POINT('',(19.737675810303,42.0911947137506,1.5));
#8990=CARTESIAN_POINT('',(18.9224064988409,33.4763855980751,1.5));
#8991=CARTESIAN_POINT('',(26.4203596753393,40.3272110468538,1.5));
#8992=CARTESIAN_POINT('',(23.0282628779071,40.3272110468538,1.5));
#8993=CARTESIAN_POINT('',(26.4203596753393,42.3272110766561,1.5));
#8994=CARTESIAN_POINT('',(26.4203596753393,32.5943937646267,1.5));
#8995=CARTESIAN_POINT('',(27.3071265858923,42.3272110766561,1.5));
#8996=CARTESIAN_POINT('',(22.8959298376697,42.3272110766561,1.5));
#8997=CARTESIAN_POINT('',(27.7136731786047,42.2733228153379,1.5));
#8998=CARTESIAN_POINT('Ctrl Pts',(27.3071265858923,42.3272110766561,1.5));
#8999=CARTESIAN_POINT('Ctrl Pts',(27.3861360579414,42.3266031311299,1.5));
#9000=CARTESIAN_POINT('Ctrl Pts',(27.4651455299906,42.3259951856037,1.5));
#9001=CARTESIAN_POINT('Ctrl Pts',(27.5424600285803,42.3137390113266,1.5));
#9002=CARTESIAN_POINT('Ctrl Pts',(27.6001604510581,42.3045921314185,1.5));
#9003=CARTESIAN_POINT('Ctrl Pts',(27.6569168148314,42.2889574733782,1.5));
#9004=CARTESIAN_POINT('Ctrl Pts',(27.7136731786047,42.2733228153379,1.5));
#9005=CARTESIAN_POINT('',(27.9360485715185,42.083009058872,1.5));
#9006=CARTESIAN_POINT('Ctrl Pts',(27.7136731786047,42.2733228153379,1.5));
#9007=CARTESIAN_POINT('Ctrl Pts',(27.7579742603202,42.2515123769293,1.5));
#9008=CARTESIAN_POINT('Ctrl Pts',(27.8022753420357,42.2297019385207,1.5));
#9009=CARTESIAN_POINT('Ctrl Pts',(27.8388453168188,42.1988003200682,1.5));
#9010=CARTESIAN_POINT('Ctrl Pts',(27.8767974224929,42.1667308013998,1.5));
#9011=CARTESIAN_POINT('Ctrl Pts',(27.9064229970057,42.1248699301359,1.5));
#9012=CARTESIAN_POINT('Ctrl Pts',(27.9360485715185,42.083009058872,1.5));
#9013=CARTESIAN_POINT('',(28.0192685765539,41.7815085000189,1.5));
#9014=CARTESIAN_POINT('Ctrl Pts',(27.9360485715185,42.083009058872,1.5));
#9015=CARTESIAN_POINT('Ctrl Pts',(27.9603208630893,42.0361078623948,1.5));
#9016=CARTESIAN_POINT('Ctrl Pts',(27.9845931546601,41.9892066659176,1.5));
#9017=CARTESIAN_POINT('Ctrl Pts',(27.9984641713415,41.9394210225733,1.5));
#9018=CARTESIAN_POINT('Ctrl Pts',(28.012575285218,41.8887736260067,1.5));
#9019=CARTESIAN_POINT('Ctrl Pts',(28.0159219308859,41.8351410630128,1.5));
#9020=CARTESIAN_POINT('Ctrl Pts',(28.0192685765539,41.7815085000189,1.5));
#9021=CARTESIAN_POINT('',(27.8814769429479,41.4227089530619,1.5));
#9022=CARTESIAN_POINT('Ctrl Pts',(28.0192685765539,41.7815085000189,1.5));
#9023=CARTESIAN_POINT('Ctrl Pts',(28.0139109065936,41.713763059771,1.5));
#9024=CARTESIAN_POINT('Ctrl Pts',(28.0085532366332,41.6460176195231,1.5));
#9025=CARTESIAN_POINT('Ctrl Pts',(27.9848218602453,41.5853965527208,1.5));
#9026=CARTESIAN_POINT('Ctrl Pts',(27.9618505894118,41.5267171520419,1.5));
#9027=CARTESIAN_POINT('Ctrl Pts',(27.9216637661799,41.4747130525519,1.5));
#9028=CARTESIAN_POINT('Ctrl Pts',(27.8814769429479,41.4227089530619,1.5));
#9029=CARTESIAN_POINT('',(27.4558306378637,41.2371701246889,1.5));
#9030=CARTESIAN_POINT('Ctrl Pts',(27.8814769429479,41.4227089530618,1.5));
#9031=CARTESIAN_POINT('Ctrl Pts',(27.8252741660522,41.3780269660935,1.5));
#9032=CARTESIAN_POINT('Ctrl Pts',(27.7690713891564,41.3333449791251,1.5));
#9033=CARTESIAN_POINT('Ctrl Pts',(27.7061725301061,41.3033366448076,1.5));
#9034=CARTESIAN_POINT('Ctrl Pts',(27.6293793347398,41.2666994797675,1.5));
#9035=CARTESIAN_POINT('Ctrl Pts',(27.5426049863017,41.2519348022282,1.5));
#9036=CARTESIAN_POINT('Ctrl Pts',(27.4558306378637,41.2371701246889,1.5));
#9037=CARTESIAN_POINT('Ctrl Pts',(27.4558306378637,41.2371701246889,1.5));
#9038=CARTESIAN_POINT('Ctrl Pts',(27.4873595001105,41.2215912226825,1.5));
#9039=CARTESIAN_POINT('Ctrl Pts',(27.5188883623572,41.2060123206761,1.5));
#9040=CARTESIAN_POINT('Ctrl Pts',(27.548258368424,41.1870336777361,1.5));
#9041=CARTESIAN_POINT('Ctrl Pts',(27.5715610272675,41.1719757018971,1.5));
#9042=CARTESIAN_POINT('Ctrl Pts',(27.5935046637805,41.1547775539199,1.5));
#9043=CARTESIAN_POINT('Ctrl Pts',(27.6154483002935,41.1375794059427,1.5));
#9044=CARTESIAN_POINT('',(28.4340024632726,42.3272110766561,1.5));
#9045=CARTESIAN_POINT('',(28.4340024632726,32.5943937646267,1.5));
#9046=CARTESIAN_POINT('',(29.1229510945593,42.3272110766561,1.5));
#9047=CARTESIAN_POINT('',(23.9027512316363,42.3272110766561,1.5));
#9048=CARTESIAN_POINT('',(29.4790244740759,42.29856165711,1.5));
#9049=CARTESIAN_POINT('Ctrl Pts',(29.1229510945593,42.3272110766561,1.5));
#9050=CARTESIAN_POINT('Ctrl Pts',(29.1916915198039,42.3269271789632,1.5));
#9051=CARTESIAN_POINT('Ctrl Pts',(29.2604319450486,42.3266432812703,1.5));
#9052=CARTESIAN_POINT('Ctrl Pts',(29.3286133450781,42.3200487217696,1.5));
#9053=CARTESIAN_POINT('Ctrl Pts',(29.3789535480914,42.3151797771028,1.5));
#9054=CARTESIAN_POINT('Ctrl Pts',(29.4289890110836,42.3068707171064,1.5));
#9055=CARTESIAN_POINT('Ctrl Pts',(29.4790244740759,42.29856165711,1.5));
#9056=CARTESIAN_POINT('',(29.7723413152014,42.155314708391,1.5));
#9057=CARTESIAN_POINT('Ctrl Pts',(29.4790244740759,42.29856165711,1.5));
#9058=CARTESIAN_POINT('Ctrl Pts',(29.5336634692524,42.2831715155146,1.5));
#9059=CARTESIAN_POINT('Ctrl Pts',(29.588302464429,42.2677813739193,1.5));
#9060=CARTESIAN_POINT('Ctrl Pts',(29.6383023900305,42.2429681814106,1.5));
#9061=CARTESIAN_POINT('Ctrl Pts',(29.6857693295599,42.2194120201929,1.5));
#9062=CARTESIAN_POINT('Ctrl Pts',(29.7290553223806,42.1873633642919,1.5));
#9063=CARTESIAN_POINT('Ctrl Pts',(29.7723413152014,42.155314708391,1.5));
#9064=CARTESIAN_POINT('',(30.0090385121618,41.8135684973391,1.5));
#9065=CARTESIAN_POINT('Ctrl Pts',(29.7723413152014,42.155314708391,1.5));
#9066=CARTESIAN_POINT('Ctrl Pts',(29.8219988563232,42.1070292725511,1.5));
#9067=CARTESIAN_POINT('Ctrl Pts',(29.8716563974449,42.0587438367112,1.5));
#9068=CARTESIAN_POINT('Ctrl Pts',(29.9106431645666,42.0030296093615,1.5));
#9069=CARTESIAN_POINT('Ctrl Pts',(29.951103314675,41.9452098369573,1.5));
#9070=CARTESIAN_POINT('Ctrl Pts',(29.9800709134184,41.8793891671482,1.5));
#9071=CARTESIAN_POINT('Ctrl Pts',(30.0090385121618,41.8135684973391,1.5));
#9072=CARTESIAN_POINT('Ctrl Pts',(30.0090385121618,41.813568497339,1.5));
#9073=CARTESIAN_POINT('Ctrl Pts',(30.031903712341,41.7398246290964,1.5));
#9074=CARTESIAN_POINT('Ctrl Pts',(30.0547689125202,41.6660807608538,1.5));
#9075=CARTESIAN_POINT('Ctrl Pts',(30.0678706807409,41.5906831866892,1.5));
#9076=CARTESIAN_POINT('Ctrl Pts',(30.0822682610795,41.5078285205796,1.5));
#9077=CARTESIAN_POINT('Ctrl Pts',(30.0848756270686,41.4229768571668,1.5));
#9078=CARTESIAN_POINT('Ctrl Pts',(30.0874829930578,41.338125193754,1.5));
#9079=CARTESIAN_POINT('',(15.619542066506,42.3272110766561,1.5));
#9080=CARTESIAN_POINT('',(15.619542066506,33.0173132317182,1.5));
#9081=CARTESIAN_POINT('',(15.8842075509344,42.3272110766561,1.5));
#9082=CARTESIAN_POINT('',(17.495521033253,42.3272110766561,1.5));
#9083=CARTESIAN_POINT('',(15.8842075509344,41.1716857797296,1.5));
#9084=CARTESIAN_POINT('',(15.8842075509344,33.5943937795278,1.5));
#9085=CARTESIAN_POINT('',(15.8159948033605,40.6928317493589,1.5));
#9086=CARTESIAN_POINT('Ctrl Pts',(15.8842075509344,41.1716857797296,1.5));
#9087=CARTESIAN_POINT('Ctrl Pts',(15.8829470486492,41.0808541928284,1.5));
#9088=CARTESIAN_POINT('Ctrl Pts',(15.881686546364,40.9900226059273,1.5));
#9089=CARTESIAN_POINT('Ctrl Pts',(15.8671546620641,40.9012219554575,1.5));
#9090=CARTESIAN_POINT('Ctrl Pts',(15.8556483316738,40.8309096957326,1.5));
#9091=CARTESIAN_POINT('Ctrl Pts',(15.8358215675172,40.7618707225458,1.5));
#9092=CARTESIAN_POINT('Ctrl Pts',(15.8159948033605,40.6928317493589,1.5));
#9093=CARTESIAN_POINT('',(15.5697465581213,40.4042914754541,1.5));
#9094=CARTESIAN_POINT('Ctrl Pts',(15.8159948033605,40.6928317493589,1.5));
#9095=CARTESIAN_POINT('Ctrl Pts',(15.7879188882865,40.6360027036745,1.5));
#9096=CARTESIAN_POINT('Ctrl Pts',(15.7598429732125,40.57917365799,1.5));
#9097=CARTESIAN_POINT('Ctrl Pts',(15.7203263682638,40.5320200568827,1.5));
#9098=CARTESIAN_POINT('Ctrl Pts',(15.6786263527091,40.4822610782915,1.5));
#9099=CARTESIAN_POINT('Ctrl Pts',(15.6241864554152,40.4432762768728,1.5));
#9100=CARTESIAN_POINT('Ctrl Pts',(15.5697465581213,40.4042914754541,1.5));
#9101=CARTESIAN_POINT('',(15.1024890584264,40.2931046730669,1.5));
#9102=CARTESIAN_POINT('Ctrl Pts',(15.5697465581213,40.4042914754541,1.5));
#9103=CARTESIAN_POINT('Ctrl Pts',(15.5022810986392,40.3719224890536,1.5));
#9104=CARTESIAN_POINT('Ctrl Pts',(15.4348156391571,40.3395535026531,1.5));
#9105=CARTESIAN_POINT('Ctrl Pts',(15.3639144343649,40.3209012991579,1.5));
#9106=CARTESIAN_POINT('Ctrl Pts',(15.2799824393745,40.2988210445994,1.5));
#9107=CARTESIAN_POINT('Ctrl Pts',(15.1912357489005,40.2959628588331,1.5));
#9108=CARTESIAN_POINT('Ctrl Pts',(15.1024890584264,40.2931046730669,1.5));
#9109=CARTESIAN_POINT('',(14.6427345914159,40.3899668401869,1.5));
#9110=CARTESIAN_POINT('Ctrl Pts',(15.1024890584264,40.2931046730669,1.5));
#9111=CARTESIAN_POINT('Ctrl Pts',(15.0161004026435,40.2955977994909,1.5));
#9112=CARTESIAN_POINT('Ctrl Pts',(14.9297117468605,40.2980909259148,1.5));
#9113=CARTESIAN_POINT('Ctrl Pts',(14.8470318955694,40.3173202520998,1.5));
#9114=CARTESIAN_POINT('Ctrl Pts',(14.7771673371859,40.3335690522724,1.5));
#9115=CARTESIAN_POINT('Ctrl Pts',(14.7099509643009,40.3617679462296,1.5));
#9116=CARTESIAN_POINT('Ctrl Pts',(14.6427345914159,40.3899668401869,1.5));
#9117=CARTESIAN_POINT('Ctrl Pts',(14.6427345914159,40.3899668401869,1.5));
#9118=CARTESIAN_POINT('Ctrl Pts',(14.587504850663,40.4256744445327,1.5));
#9119=CARTESIAN_POINT('Ctrl Pts',(14.5322751099101,40.4613820488785,1.5));
#9120=CARTESIAN_POINT('Ctrl Pts',(14.4895971459661,40.5084866530092,1.5));
#9121=CARTESIAN_POINT('Ctrl Pts',(14.4474389479153,40.5550175801325,1.5));
#9122=CARTESIAN_POINT('Ctrl Pts',(14.4175286575212,40.6126695941786,1.5));
#9123=CARTESIAN_POINT('Ctrl Pts',(14.387618367127,40.6703216082247,1.5));
#9124=CARTESIAN_POINT('',(48.263,8.19357648239946,1.5));
#9125=CARTESIAN_POINT('',(34.263,8.19357648239946,1.5));
#9126=CARTESIAN_POINT('',(48.263,8.19357648239946,1.5));
#9127=CARTESIAN_POINT('',(34.263,22.1935764823995,1.5));
#9128=CARTESIAN_POINT('',(34.263,8.19357648239946,1.5));
#9129=CARTESIAN_POINT('',(48.263,22.1935764823995,1.5));
#9130=CARTESIAN_POINT('',(34.263,22.1935764823995,1.5));
#9131=CARTESIAN_POINT('',(48.263,22.1935764823995,1.5));
#9132=CARTESIAN_POINT('',(48.263,27.4235764823995,1.5));
#9133=CARTESIAN_POINT('',(34.263,27.4235764823995,1.5));
#9134=CARTESIAN_POINT('',(48.263,27.4235764823995,1.5));
#9135=CARTESIAN_POINT('',(34.263,41.4235764823995,1.5));
#9136=CARTESIAN_POINT('',(34.263,27.4235764823995,1.5));
#9137=CARTESIAN_POINT('',(48.263,41.4235764823995,1.5));
#9138=CARTESIAN_POINT('',(34.263,41.4235764823995,1.5));
#9139=CARTESIAN_POINT('',(48.263,41.4235764823995,1.5));
#9140=CARTESIAN_POINT('',(3.83000000000001,8.42357648239946,1.5));
#9141=CARTESIAN_POINT('',(-10.17,8.42357648239946,1.5));
#9142=CARTESIAN_POINT('',(3.83000000000001,8.42357648239946,1.5));
#9143=CARTESIAN_POINT('',(-10.17,22.4235764823995,1.5));
#9144=CARTESIAN_POINT('',(-10.17,8.42357648239946,1.5));
#9145=CARTESIAN_POINT('',(3.83000000000001,22.4235764823995,1.5));
#9146=CARTESIAN_POINT('',(-10.17,22.4235764823995,1.5));
#9147=CARTESIAN_POINT('',(3.83000000000001,22.4235764823995,1.5));
#9148=CARTESIAN_POINT('',(3.83000000000001,27.4235764823995,1.5));
#9149=CARTESIAN_POINT('',(-10.17,27.4235764823995,1.5));
#9150=CARTESIAN_POINT('',(3.83000000000001,27.4235764823995,1.5));
#9151=CARTESIAN_POINT('',(-10.17,41.4235764823995,1.5));
#9152=CARTESIAN_POINT('',(-10.17,27.4235764823995,1.5));
#9153=CARTESIAN_POINT('',(3.83000000000001,41.4235764823995,1.5));
#9154=CARTESIAN_POINT('',(-10.17,41.4235764823995,1.5));
#9155=CARTESIAN_POINT('',(3.83000000000001,41.4235764823995,1.5));
#9156=CARTESIAN_POINT('',(10.7668814701353,42.0809628314169,1.5));
#9157=CARTESIAN_POINT('Ctrl Pts',(10.4994872850691,41.3012901193293,1.5));
#9158=CARTESIAN_POINT('Ctrl Pts',(10.507222852268,41.4544655679137,1.5));
#9159=CARTESIAN_POINT('Ctrl Pts',(10.514958419467,41.6076410164981,1.5));
#9160=CARTESIAN_POINT('Ctrl Pts',(10.5663359803472,41.7451851314695,1.5));
#9161=CARTESIAN_POINT('Ctrl Pts',(10.6110990428212,41.8650214122488,1.5));
#9162=CARTESIAN_POINT('Ctrl Pts',(10.6889902564783,41.9729921218328,1.5));
#9163=CARTESIAN_POINT('Ctrl Pts',(10.7668814701353,42.0809628314169,1.5));
#9164=CARTESIAN_POINT('',(11.4571953458105,42.3626816517504,1.5));
#9165=CARTESIAN_POINT('Ctrl Pts',(10.7668814701353,42.0809628314169,1.5));
#9166=CARTESIAN_POINT('Ctrl Pts',(10.8641176328681,42.1631175348458,1.5));
#9167=CARTESIAN_POINT('Ctrl Pts',(10.961353795601,42.2452722382747,1.5));
#9168=CARTESIAN_POINT('Ctrl Pts',(11.0731572551046,42.292251946667,1.5));
#9169=CARTESIAN_POINT('Ctrl Pts',(11.1904765454349,42.3415494019781,1.5));
#9170=CARTESIAN_POINT('Ctrl Pts',(11.3238359456227,42.3521155268642,1.5));
#9171=CARTESIAN_POINT('Ctrl Pts',(11.4571953458105,42.3626816517504,1.5));
#9172=CARTESIAN_POINT('',(11.9565129918371,42.2303489095362,1.5));
#9173=CARTESIAN_POINT('Ctrl Pts',(11.4571953458105,42.3626816517504,1.5));
#9174=CARTESIAN_POINT('Ctrl Pts',(11.5465469380967,42.3575735125313,1.5));
#9175=CARTESIAN_POINT('Ctrl Pts',(11.635898530383,42.3524653733122,1.5));
#9176=CARTESIAN_POINT('Ctrl Pts',(11.7204967779432,42.3295984661968,1.5));
#9177=CARTESIAN_POINT('Ctrl Pts',(11.8021186920167,42.307536062051,1.5));
#9178=CARTESIAN_POINT('Ctrl Pts',(11.8793158419269,42.2689424857936,1.5));
#9179=CARTESIAN_POINT('Ctrl Pts',(11.9565129918371,42.2303489095362,1.5));
#9180=CARTESIAN_POINT('',(12.2955310982977,41.8613174802454,1.5));
#9181=CARTESIAN_POINT('Ctrl Pts',(11.9565129918371,42.2303489095362,1.5));
#9182=CARTESIAN_POINT('Ctrl Pts',(12.0263321339202,42.1816860676643,1.5));
#9183=CARTESIAN_POINT('Ctrl Pts',(12.0961512760034,42.1330232257925,1.5));
#9184=CARTESIAN_POINT('Ctrl Pts',(12.1524546188627,42.0719246066006,1.5));
#9185=CARTESIAN_POINT('Ctrl Pts',(12.2093467513282,42.0101870514218,1.5));
#9186=CARTESIAN_POINT('Ctrl Pts',(12.2524389248129,41.9357522658336,1.5));
#9187=CARTESIAN_POINT('Ctrl Pts',(12.2955310982977,41.8613174802454,1.5));
#9188=CARTESIAN_POINT('',(12.4121750039373,41.3244825846346,1.5));
#9189=CARTESIAN_POINT('Ctrl Pts',(12.2955310982977,41.8613174802454,1.5));
#9190=CARTESIAN_POINT('Ctrl Pts',(12.3295417259369,41.7782049519624,1.5));
#9191=CARTESIAN_POINT('Ctrl Pts',(12.3635523535761,41.6950924236794,1.5));
#9192=CARTESIAN_POINT('Ctrl Pts',(12.3830140275274,41.6087594873102,1.5));
#9193=CARTESIAN_POINT('Ctrl Pts',(12.4038219005154,41.5164547462514,1.5));
#9194=CARTESIAN_POINT('Ctrl Pts',(12.4079984522264,41.420468665443,1.5));
#9195=CARTESIAN_POINT('Ctrl Pts',(12.4121750039373,41.3244825846346,1.5));
#9196=CARTESIAN_POINT('Ctrl Pts',(12.4121750039373,41.3244825846346,1.5));
#9197=CARTESIAN_POINT('Ctrl Pts',(12.4077325254366,41.2270873469377,1.5));
#9198=CARTESIAN_POINT('Ctrl Pts',(12.4032900469358,41.1296921092409,1.5));
#9199=CARTESIAN_POINT('Ctrl Pts',(12.3814792079244,41.0362833983095,1.5));
#9200=CARTESIAN_POINT('Ctrl Pts',(12.3609957992851,40.9485596387842,1.5));
#9201=CARTESIAN_POINT('Ctrl Pts',(12.3251938095854,40.8643519240444,1.5));
#9202=CARTESIAN_POINT('Ctrl Pts',(12.2893918198858,40.7801442093046,1.5));
#9203=CARTESIAN_POINT('',(20.5049443883215,40.3272110468538,1.5));
#9204=CARTESIAN_POINT('',(20.3195315842288,40.3272110468538,1.5));
#9205=CARTESIAN_POINT('',(20.5049443883215,42.3272110766561,1.5));
#9206=CARTESIAN_POINT('',(20.5049443883215,32.5943937646267,1.5));
#9207=CARTESIAN_POINT('',(21.2552858037267,42.3272110766561,1.5));
#9208=CARTESIAN_POINT('',(19.9382221941607,42.3272110766561,1.5));
#9209=CARTESIAN_POINT('',(21.6229522866522,42.2665016597898,1.5));
#9210=CARTESIAN_POINT('Ctrl Pts',(21.2552858037267,42.3272110766561,1.5));
#9211=CARTESIAN_POINT('Ctrl Pts',(21.3247911140091,42.3259413849482,1.5));
#9212=CARTESIAN_POINT('Ctrl Pts',(21.3942964242914,42.3246716932403,1.5));
#9213=CARTESIAN_POINT('Ctrl Pts',(21.4617992085729,42.3120337224396,1.5));
#9214=CARTESIAN_POINT('Ctrl Pts',(21.5163900393651,42.3018131466088,1.5));
#9215=CARTESIAN_POINT('Ctrl Pts',(21.5696711630086,42.2841574031993,1.5));
#9216=CARTESIAN_POINT('Ctrl Pts',(21.6229522866522,42.2665016597898,1.5));
#9217=CARTESIAN_POINT('',(21.8398690861974,42.079598481098,1.5));
#9218=CARTESIAN_POINT('Ctrl Pts',(21.6229522866522,42.2665016597898,1.5));
#9219=CARTESIAN_POINT('Ctrl Pts',(21.6665468853055,42.2436353650411,1.5));
#9220=CARTESIAN_POINT('Ctrl Pts',(21.7101414839589,42.2207690702923,1.5));
#9221=CARTESIAN_POINT('Ctrl Pts',(21.7464173478399,42.1894211566837,1.5));
#9222=CARTESIAN_POINT('Ctrl Pts',(21.782357083153,42.1583637097432,1.5));
#9223=CARTESIAN_POINT('Ctrl Pts',(21.8111130846752,42.1189810954206,1.5));
#9224=CARTESIAN_POINT('Ctrl Pts',(21.8398690861974,42.079598481098,1.5));
#9225=CARTESIAN_POINT('',(21.9183135670934,41.8156148738058,1.5));
#9226=CARTESIAN_POINT('Ctrl Pts',(21.8398690861975,42.079598481098,1.5));
#9227=CARTESIAN_POINT('Ctrl Pts',(21.8627460633604,42.037527907565,1.5));
#9228=CARTESIAN_POINT('Ctrl Pts',(21.8856230405233,41.9954573340319,1.5));
#9229=CARTESIAN_POINT('Ctrl Pts',(21.8987024468694,41.9505056983622,1.5));
#9230=CARTESIAN_POINT('Ctrl Pts',(21.9112694095419,41.907315242115,1.5));
#9231=CARTESIAN_POINT('Ctrl Pts',(21.9147914883177,41.8614650579604,1.5));
#9232=CARTESIAN_POINT('Ctrl Pts',(21.9183135670934,41.8156148738058,1.5));
#9233=CARTESIAN_POINT('Ctrl Pts',(21.9183135670934,41.8156148738058,1.5));
#9234=CARTESIAN_POINT('Ctrl Pts',(21.9153066658665,41.7733185589859,1.5));
#9235=CARTESIAN_POINT('Ctrl Pts',(21.9122997646395,41.731022244166,1.5));
#9236=CARTESIAN_POINT('Ctrl Pts',(21.9009197396551,41.6911264008673,1.5));
#9237=CARTESIAN_POINT('Ctrl Pts',(21.889322612782,41.6504694465043,1.5));
#9238=CARTESIAN_POINT('Ctrl Pts',(21.8690298390146,41.6123054270761,1.5));
#9239=CARTESIAN_POINT('Ctrl Pts',(21.8487370652471,41.5741414076479,1.5));
#9240=CARTESIAN_POINT('',(25.1011241120611,42.3272110766561,1.5));
#9241=CARTESIAN_POINT('',(21.4261923447012,32.7580253342575,1.5));
#9242=CARTESIAN_POINT('',(25.3862536591802,42.3272110766561,1.5));
#9243=CARTESIAN_POINT('',(22.2363120560306,42.3272110766561,1.5));
#9244=CARTESIAN_POINT('',(26.2048078221594,40.3272110468538,1.5));
#9245=CARTESIAN_POINT('',(28.0161146954343,35.9015860065431,1.5));
#9246=CARTESIAN_POINT('',(22.7881539110797,40.3272110468538,1.5));
#9247=CARTESIAN_POINT('',(22.5663364571844,42.0809628314169,1.5));
#9248=CARTESIAN_POINT('Ctrl Pts',(22.2989416760717,41.3012901193293,1.5));
#9249=CARTESIAN_POINT('Ctrl Pts',(22.3066767746585,41.4544656396951,1.5));
#9250=CARTESIAN_POINT('Ctrl Pts',(22.3144118732454,41.607641160061,1.5));
#9251=CARTESIAN_POINT('Ctrl Pts',(22.3657894772802,41.7451851314695,1.5));
#9252=CARTESIAN_POINT('Ctrl Pts',(22.4105526780798,41.8650215568265,1.5));
#9253=CARTESIAN_POINT('Ctrl Pts',(22.4884445676321,41.9729921941217,1.5));
#9254=CARTESIAN_POINT('Ctrl Pts',(22.5663364571844,42.0809628314169,1.5));
#9255=CARTESIAN_POINT('',(23.2566500348364,42.3626816517504,1.5));
#9256=CARTESIAN_POINT('Ctrl Pts',(22.5663364571844,42.0809628314169,1.5));
#9257=CARTESIAN_POINT('Ctrl Pts',(22.663572720003,42.1631175360236,1.5));
#9258=CARTESIAN_POINT('Ctrl Pts',(22.7608089828216,42.2452722406303,1.5));
#9259=CARTESIAN_POINT('Ctrl Pts',(22.8726125401769,42.292251946667,1.5));
#9260=CARTESIAN_POINT('Ctrl Pts',(22.9899316796784,42.3415492929825,1.5));
#9261=CARTESIAN_POINT('Ctrl Pts',(23.1232908572574,42.3521154723664,1.5));
#9262=CARTESIAN_POINT('Ctrl Pts',(23.2566500348364,42.3626816517504,1.5));
#9263=CARTESIAN_POINT('',(23.755967680863,42.2303489095362,1.5));
#9264=CARTESIAN_POINT('Ctrl Pts',(23.2566500348364,42.3626816517504,1.5));
#9265=CARTESIAN_POINT('Ctrl Pts',(23.3460015199842,42.3575734870876,1.5));
#9266=CARTESIAN_POINT('Ctrl Pts',(23.435353005132,42.3524653224249,1.5));
#9267=CARTESIAN_POINT('Ctrl Pts',(23.5199511689459,42.3295984661968,1.5));
#9268=CARTESIAN_POINT('Ctrl Pts',(23.6015731807478,42.3075360628919,1.5));
#9269=CARTESIAN_POINT('Ctrl Pts',(23.6787704308054,42.268942486214,1.5));
#9270=CARTESIAN_POINT('Ctrl Pts',(23.755967680863,42.2303489095362,1.5));
#9271=CARTESIAN_POINT('',(24.0949857873235,41.8613174802454,1.5));
#9272=CARTESIAN_POINT('Ctrl Pts',(23.755967680863,42.2303489095362,1.5));
#9273=CARTESIAN_POINT('Ctrl Pts',(23.825786422289,42.1816859760342,1.5));
#9274=CARTESIAN_POINT('Ctrl Pts',(23.8956051637151,42.1330230425323,1.5));
#9275=CARTESIAN_POINT('Ctrl Pts',(23.9519084138189,42.0719246066006,1.5));
#9276=CARTESIAN_POINT('Ctrl Pts',(24.0088007218003,42.0101869444266,1.5));
#9277=CARTESIAN_POINT('Ctrl Pts',(24.0518932545619,41.935752212336,1.5));
#9278=CARTESIAN_POINT('Ctrl Pts',(24.0949857873235,41.8613174802454,1.5));
#9279=CARTESIAN_POINT('',(24.2116296929632,41.3244825846346,1.5));
#9280=CARTESIAN_POINT('Ctrl Pts',(24.0949857873235,41.8613174802454,1.5));
#9281=CARTESIAN_POINT('Ctrl Pts',(24.1289964149627,41.7782049519624,1.5));
#9282=CARTESIAN_POINT('Ctrl Pts',(24.1630070426019,41.6950924236794,1.5));
#9283=CARTESIAN_POINT('Ctrl Pts',(24.1824687165533,41.6087594873102,1.5));
#9284=CARTESIAN_POINT('Ctrl Pts',(24.2032765895413,41.5164547462514,1.5));
#9285=CARTESIAN_POINT('Ctrl Pts',(24.2074531412522,41.420468665443,1.5));
#9286=CARTESIAN_POINT('Ctrl Pts',(24.2116296929632,41.3244825846346,1.5));
#9287=CARTESIAN_POINT('Ctrl Pts',(24.2116296929632,41.3244825846346,1.5));
#9288=CARTESIAN_POINT('Ctrl Pts',(24.207187508156,41.2270873250821,1.5));
#9289=CARTESIAN_POINT('Ctrl Pts',(24.2027453233489,41.1296920655296,1.5));
#9290=CARTESIAN_POINT('Ctrl Pts',(24.1809344929968,41.0362833983095,1.5));
#9291=CARTESIAN_POINT('Ctrl Pts',(24.1604510728529,40.9485595957373,1.5));
#9292=CARTESIAN_POINT('Ctrl Pts',(24.1246487908823,40.8643519025209,1.5));
#9293=CARTESIAN_POINT('Ctrl Pts',(24.0888465089117,40.7801442093046,1.5));
#9294=CARTESIAN_POINT('Origin',(19.3715,24.8615764823995,1.5));
#9295=CARTESIAN_POINT('',(22.7661991757665,40.7276202983053,1.5));
#9296=CARTESIAN_POINT('Ctrl Pts',(22.5717926663671,41.2971973663958,1.5));
#9297=CARTESIAN_POINT('Ctrl Pts',(22.5775275842707,41.1857548181922,1.5));
#9298=CARTESIAN_POINT('Ctrl Pts',(22.5832625021742,41.0743122699887,1.5));
#9299=CARTESIAN_POINT('Ctrl Pts',(22.620394293717,40.9740390128286,1.5));
#9300=CARTESIAN_POINT('Ctrl Pts',(22.6529278002459,40.8861832824436,1.5));
#9301=CARTESIAN_POINT('Ctrl Pts',(22.7095634880062,40.8069017903745,1.5));
#9302=CARTESIAN_POINT('Ctrl Pts',(22.7661991757665,40.7276202983053,1.5));
#9303=CARTESIAN_POINT('',(23.2539213341985,40.5195711797865,1.5));
#9304=CARTESIAN_POINT('Ctrl Pts',(22.7661991757665,40.7276202983053,1.5));
#9305=CARTESIAN_POINT('Ctrl Pts',(22.8355278297937,40.6669405601106,1.5));
#9306=CARTESIAN_POINT('Ctrl Pts',(22.9048564838208,40.6062608219159,1.5));
#9307=CARTESIAN_POINT('Ctrl Pts',(22.9853332680975,40.571583533922,1.5));
#9308=CARTESIAN_POINT('Ctrl Pts',(23.0671760868025,40.5363176243808,1.5));
#9309=CARTESIAN_POINT('Ctrl Pts',(23.1605487105005,40.5279444020837,1.5));
#9310=CARTESIAN_POINT('Ctrl Pts',(23.2539213341985,40.5195711797865,1.5));
#9311=CARTESIAN_POINT('',(23.7457359475408,40.7296666747721,1.5));
#9312=CARTESIAN_POINT('Ctrl Pts',(23.2539213341985,40.5195711797865,1.5));
#9313=CARTESIAN_POINT('Ctrl Pts',(23.3486721401712,40.5278570086574,1.5));
#9314=CARTESIAN_POINT('Ctrl Pts',(23.4434229461439,40.5361428375283,1.5));
#9315=CARTESIAN_POINT('Ctrl Pts',(23.5262609166418,40.5720949417742,1.5));
#9316=CARTESIAN_POINT('Ctrl Pts',(23.6069554796576,40.6071167961748,1.5));
#9317=CARTESIAN_POINT('Ctrl Pts',(23.6763457135992,40.6683917354734,1.5));
#9318=CARTESIAN_POINT('Ctrl Pts',(23.7457359475408,40.7296666747721,1.5));
#9319=CARTESIAN_POINT('',(23.9387775105749,41.3258467859419,1.5));
#9320=CARTESIAN_POINT('Ctrl Pts',(23.7457359475408,40.7296666747721,1.5));
#9321=CARTESIAN_POINT('Ctrl Pts',(23.8019369641092,40.811652959152,1.5));
#9322=CARTESIAN_POINT('Ctrl Pts',(23.8581379806776,40.893639243532,1.5));
#9323=CARTESIAN_POINT('Ctrl Pts',(23.8905168217931,40.9837594873102,1.5));
#9324=CARTESIAN_POINT('Ctrl Pts',(23.9287668673379,41.0902210934163,1.5));
#9325=CARTESIAN_POINT('Ctrl Pts',(23.9337721889564,41.2080339396791,1.5));
#9326=CARTESIAN_POINT('Ctrl Pts',(23.9387775105749,41.3258467859419,1.5));
#9327=CARTESIAN_POINT('Ctrl Pts',(23.9387775105749,41.3258467859419,1.5));
#9328=CARTESIAN_POINT('Ctrl Pts',(23.9361050313203,41.4029129148447,1.5));
#9329=CARTESIAN_POINT('Ctrl Pts',(23.9334325520658,41.4799790437475,1.5));
#9330=CARTESIAN_POINT('Ctrl Pts',(23.9181435746465,41.5545302874239,1.5));
#9331=CARTESIAN_POINT('Ctrl Pts',(23.9043526894495,41.621776618859,1.5));
#9332=CARTESIAN_POINT('Ctrl Pts',(23.8802966321091,41.6869767620861,1.5));
#9333=CARTESIAN_POINT('Ctrl Pts',(23.8562405747686,41.7521769053133,1.5));
#9334=CARTESIAN_POINT('Origin',(19.3715,24.8615764823995,1.5));
#9335=CARTESIAN_POINT('',(26.6850257558141,41.4445370680483,1.5));
#9336=CARTESIAN_POINT('',(26.6850257558141,33.4838890032884,1.5));
#9337=CARTESIAN_POINT('',(27.2539199036871,41.4445370680483,1.5));
#9338=CARTESIAN_POINT('',(23.0282628779071,41.4445370680483,1.5));
#9339=CARTESIAN_POINT('',(27.5376856965337,41.4820541686209,1.5));
#9340=CARTESIAN_POINT('Ctrl Pts',(27.2539199036871,41.4445370680483,1.5));
#9341=CARTESIAN_POINT('Ctrl Pts',(27.3081711350462,41.445127884834,1.5));
#9342=CARTESIAN_POINT('Ctrl Pts',(27.3624223664054,41.4457187016197,1.5));
#9343=CARTESIAN_POINT('Ctrl Pts',(27.4155843896185,41.4539163059385,1.5));
#9344=CARTESIAN_POINT('Ctrl Pts',(27.4567195792991,41.4602593679253,1.5));
#9345=CARTESIAN_POINT('Ctrl Pts',(27.4972026379164,41.4711567682731,1.5));
#9346=CARTESIAN_POINT('Ctrl Pts',(27.5376856965337,41.4820541686209,1.5));
#9347=CARTESIAN_POINT('Ctrl Pts',(27.5376856965337,41.4820541686209,1.5));
#9348=CARTESIAN_POINT('Ctrl Pts',(27.5694784049718,41.496029199361,1.5));
#9349=CARTESIAN_POINT('Ctrl Pts',(27.6012711134098,41.5100042301011,1.5));
#9350=CARTESIAN_POINT('Ctrl Pts',(27.6277268571172,41.5308262652548,1.5));
#9351=CARTESIAN_POINT('Ctrl Pts',(27.6527343695593,41.5505084676882,1.5));
#9352=CARTESIAN_POINT('Ctrl Pts',(27.6729732328527,41.5763085598614,1.5));
#9353=CARTESIAN_POINT('Ctrl Pts',(27.6932120961462,41.6021086520346,1.5));
#9354=CARTESIAN_POINT('Origin',(19.3715,24.8615764823995,1.5));
#9355=CARTESIAN_POINT('',(25.5881643933569,41.1484934634359,1.5));
#9356=CARTESIAN_POINT('',(22.1408140902179,41.1484934634359,1.5));
#9357=CARTESIAN_POINT('',(25.3794325036321,41.7023815459402,1.5));
#9358=CARTESIAN_POINT('',(27.8888534569002,35.0434164887335,1.5));
#9359=CARTESIAN_POINT('Ctrl Pts',(25.3794325036321,41.7023815459402,1.5));
#9360=CARTESIAN_POINT('Ctrl Pts',(25.3508308435328,41.7787147573038,1.5));
#9361=CARTESIAN_POINT('Ctrl Pts',(25.3222291834335,41.8550479686674,1.5));
#9362=CARTESIAN_POINT('Ctrl Pts',(25.2962124985967,41.9322588539513,1.5));
#9363=CARTESIAN_POINT('Ctrl Pts',(25.2755737002724,41.9935095436459,1.5));
#9364=CARTESIAN_POINT('Ctrl Pts',(25.2565616537406,42.0553125626582,1.5));
#9365=CARTESIAN_POINT('Ctrl Pts',(25.2375496072088,42.1171155816706,1.5));
#9366=CARTESIAN_POINT('Origin',(19.3715,24.8615764823995,1.5));
#9367=CARTESIAN_POINT('',(20.7696104687963,40.5632274097593,1.5));
#9368=CARTESIAN_POINT('',(20.7696104687963,33.0561946081039,1.5));
#9369=CARTESIAN_POINT('',(21.2675631684576,40.5632274097593,1.5));
#9370=CARTESIAN_POINT('',(20.0705552343982,40.5632274097593,1.5));
#9371=CARTESIAN_POINT('',(21.4476454896246,40.5727772659452,1.5));
#9372=CARTESIAN_POINT('Ctrl Pts',(21.2675631684576,40.5632274097593,1.5));
#9373=CARTESIAN_POINT('Ctrl Pts',(21.3039964956524,40.5631583648059,1.5));
#9374=CARTESIAN_POINT('Ctrl Pts',(21.3404298228472,40.5630893198524,1.5));
#9375=CARTESIAN_POINT('Ctrl Pts',(21.3767040414129,40.5656148738058,1.5));
#9376=CARTESIAN_POINT('Ctrl Pts',(21.4003964414288,40.5672644320014,1.5));
#9377=CARTESIAN_POINT('Ctrl Pts',(21.4240209655267,40.5700208489733,1.5));
#9378=CARTESIAN_POINT('Ctrl Pts',(21.4476454896246,40.5727772659452,1.5));
#9379=CARTESIAN_POINT('',(21.6004419965063,40.6273474043997,1.5));
#9380=CARTESIAN_POINT('Ctrl Pts',(21.4476454896246,40.5727772659452,1.5));
#9381=CARTESIAN_POINT('Ctrl Pts',(21.476108837443,40.5786893424747,1.5));
#9382=CARTESIAN_POINT('Ctrl Pts',(21.5045721852613,40.5846014190041,1.5));
#9383=CARTESIAN_POINT('Ctrl Pts',(21.5315461797033,40.59460523192,1.5));
#9384=CARTESIAN_POINT('Ctrl Pts',(21.5552801518725,40.6034074216677,1.5));
#9385=CARTESIAN_POINT('Ctrl Pts',(21.5778610741894,40.6153774130337,1.5));
#9386=CARTESIAN_POINT('Ctrl Pts',(21.6004419965063,40.6273474043997,1.5));
#9387=CARTESIAN_POINT('Ctrl Pts',(21.6004419965063,40.6273474043997,1.5));
#9388=CARTESIAN_POINT('Ctrl Pts',(21.6202163036557,40.6419439947156,1.5));
#9389=CARTESIAN_POINT('Ctrl Pts',(21.6399906108051,40.6565405850315,1.5));
#9390=CARTESIAN_POINT('Ctrl Pts',(21.6563761872564,40.6742437428625,1.5));
#9391=CARTESIAN_POINT('Ctrl Pts',(21.6739950883051,40.6932793982147,1.5));
#9392=CARTESIAN_POINT('Ctrl Pts',(21.6876959279266,40.7159068770066,1.5));
#9393=CARTESIAN_POINT('Ctrl Pts',(21.7013967675482,40.7385343557985,1.5));
#9394=CARTESIAN_POINT('Origin',(19.3715,24.8615764823995,1.5));
#9395=CARTESIAN_POINT('',(20.7696104687963,41.4868289477022,1.5));
#9396=CARTESIAN_POINT('',(20.7696104687963,33.4763855980751,1.5));
#9397=CARTESIAN_POINT('',(21.2020791215215,41.4868289477022,1.5));
#9398=CARTESIAN_POINT('',(20.0705552343982,41.4868289477022,1.5));
#9399=CARTESIAN_POINT('',(21.4544666451727,41.5100214130075,1.5));
#9400=CARTESIAN_POINT('Ctrl Pts',(21.2020791215215,41.4868289477022,1.5));
#9401=CARTESIAN_POINT('Ctrl Pts',(21.2526484459522,41.4867978413562,1.5));
#9402=CARTESIAN_POINT('Ctrl Pts',(21.3032177703829,41.4867667350103,1.5));
#9403=CARTESIAN_POINT('Ctrl Pts',(21.3531709355627,41.4926269895227,1.5));
#9404=CARTESIAN_POINT('Ctrl Pts',(21.3871259667459,41.496610423285,1.5));
#9405=CARTESIAN_POINT('Ctrl Pts',(21.4207963059593,41.5033159181463,1.5));
#9406=CARTESIAN_POINT('Ctrl Pts',(21.4544666451727,41.5100214130075,1.5));
#9407=CARTESIAN_POINT('Ctrl Pts',(21.4544666451727,41.5100214130075,1.5));
#9408=CARTESIAN_POINT('Ctrl Pts',(21.4855231197762,41.5209939851347,1.5));
#9409=CARTESIAN_POINT('Ctrl Pts',(21.5165795943797,41.5319665572618,1.5));
#9410=CARTESIAN_POINT('Ctrl Pts',(21.5429723901067,41.549925828615,1.5));
#9411=CARTESIAN_POINT('Ctrl Pts',(21.5666850911751,41.5660613997537,1.5));
#9412=CARTESIAN_POINT('Ctrl Pts',(21.5866331830466,41.5878367657537,1.5));
#9413=CARTESIAN_POINT('Ctrl Pts',(21.6065812749181,41.6096121317537,1.5));
#9414=CARTESIAN_POINT('Origin',(19.3715,24.8615764823995,1.5));
#9415=CARTESIAN_POINT('',(29.1256833714758,40.5632274097593,1.5));
#9416=CARTESIAN_POINT('',(24.0350854639667,40.5632274097593,1.5));
#9417=CARTESIAN_POINT('',(29.4360519093786,40.6000623351725,1.5));
#9418=CARTESIAN_POINT('Ctrl Pts',(29.1256833714758,40.5632274097593,1.5));
#9419=CARTESIAN_POINT('Ctrl Pts',(29.1848373661584,40.5638052810679,1.5));
#9420=CARTESIAN_POINT('Ctrl Pts',(29.2439913608411,40.5643831523765,1.5));
#9421=CARTESIAN_POINT('Ctrl Pts',(29.3021846455846,40.5724361783655,1.5));
#9422=CARTESIAN_POINT('Ctrl Pts',(29.3471901441651,40.5786642242872,1.5));
#9423=CARTESIAN_POINT('Ctrl Pts',(29.3916210267718,40.5893632797298,1.5));
#9424=CARTESIAN_POINT('Ctrl Pts',(29.4360519093786,40.6000623351725,1.5));
#9425=CARTESIAN_POINT('',(29.6154475850378,40.7037458068521,1.5));
#9426=CARTESIAN_POINT('Ctrl Pts',(29.4360519093786,40.6000623351725,1.5));
#9427=CARTESIAN_POINT('Ctrl Pts',(29.4709182104484,40.6128686264306,1.5));
#9428=CARTESIAN_POINT('Ctrl Pts',(29.5057845115181,40.6256749176888,1.5));
#9429=CARTESIAN_POINT('Ctrl Pts',(29.5371747655187,40.6444007403048,1.5));
#9430=CARTESIAN_POINT('Ctrl Pts',(29.5650996562129,40.6610593041283,1.5));
#9431=CARTESIAN_POINT('Ctrl Pts',(29.5902736206253,40.6824025554902,1.5));
#9432=CARTESIAN_POINT('Ctrl Pts',(29.6154475850378,40.7037458068521,1.5));
#9433=CARTESIAN_POINT('',(29.7621083897863,40.9568155056627,1.5));
#9434=CARTESIAN_POINT('Ctrl Pts',(29.6154475850378,40.7037458068522,1.5));
#9435=CARTESIAN_POINT('Ctrl Pts',(29.6455420566124,40.7392380221479,1.5));
#9436=CARTESIAN_POINT('Ctrl Pts',(29.675636528187,40.7747302374436,1.5));
#9437=CARTESIAN_POINT('Ctrl Pts',(29.6991801900182,40.8140801138075,1.5));
#9438=CARTESIAN_POINT('Ctrl Pts',(29.7256954709492,40.8583966281146,1.5));
#9439=CARTESIAN_POINT('Ctrl Pts',(29.7439019303678,40.9076060668887,1.5));
#9440=CARTESIAN_POINT('Ctrl Pts',(29.7621083897863,40.9568155056627,1.5));
#9441=CARTESIAN_POINT('Ctrl Pts',(29.7621083897863,40.9568155056627,1.5));
#9442=CARTESIAN_POINT('Ctrl Pts',(29.7774034610836,41.0151133455883,1.5));
#9443=CARTESIAN_POINT('Ctrl Pts',(29.7926985323808,41.0734111855139,1.5));
#9444=CARTESIAN_POINT('Ctrl Pts',(29.8014999074255,41.1326340085657,1.5));
#9445=CARTESIAN_POINT('Ctrl Pts',(29.8117578307806,41.2016576755106,1.5));
#9446=CARTESIAN_POINT('Ctrl Pts',(29.8131949167715,41.2719378110991,1.5));
#9447=CARTESIAN_POINT('Ctrl Pts',(29.8146320027624,41.3422179466875,1.5));
#9448=CARTESIAN_POINT('Origin',(42.4822601951867,-0.412316257575501,5.5));
#9449=CARTESIAN_POINT('',(40.5963345417308,-0.387830489586189,5.));
#9450=CARTESIAN_POINT('',(42.4822601951867,-0.4123162575755,5.));
#9451=CARTESIAN_POINT('',(40.5963345417308,-0.387830489586189,5.));
#9452=CARTESIAN_POINT('',(42.4822601951867,-0.4123162575755,3.5));
#9453=CARTESIAN_POINT('',(42.4822601951867,-0.4123162575755,5.5));
#9454=CARTESIAN_POINT('',(40.5963345417308,-0.387830489586189,3.5));
#9455=CARTESIAN_POINT('',(30.7647845002537,-0.260183329768529,3.5));
#9456=CARTESIAN_POINT('',(40.5963345417308,-0.387830489586189,5.5));
#9457=CARTESIAN_POINT('Origin',(40.5963345417308,-0.387830489586189,5.5));
#9458=CARTESIAN_POINT('',(40.5883202146961,-1.00510436707007,5.));
#9459=CARTESIAN_POINT('',(40.5883202146961,-1.00510436707007,5.));
#9460=CARTESIAN_POINT('',(40.5883202146961,-1.00510436707007,3.5));
#9461=CARTESIAN_POINT('',(40.7584301390705,12.0969829525943,3.5));
#9462=CARTESIAN_POINT('',(40.5883202146961,-1.00510436707007,5.5));
#9463=CARTESIAN_POINT('Origin',(41.386820751305,53.6730632218828,5.5));
#9464=CARTESIAN_POINT('',(40.8070152992515,53.671049081609,5.));
#9465=CARTESIAN_POINT('',(41.386820751305,53.6730632218828,5.));
#9466=CARTESIAN_POINT('',(40.8070152992515,53.671049081609,5.));
#9467=CARTESIAN_POINT('',(41.386820751305,53.6730632218828,3.5));
#9468=CARTESIAN_POINT('',(41.386820751305,53.6730632218828,5.5));
#9469=CARTESIAN_POINT('',(40.8070152992515,53.671049081609,3.5));
#9470=CARTESIAN_POINT('',(30.3292508403032,53.63465120487,3.5));
#9471=CARTESIAN_POINT('',(40.8070152992515,53.671049081609,5.5));
#9472=CARTESIAN_POINT('Origin',(40.8070152992515,53.671049081609,5.5));
#9473=CARTESIAN_POINT('',(40.8117426044414,52.310211726694,5.));
#9474=CARTESIAN_POINT('',(40.8117426044414,52.310211726694,5.));
#9475=CARTESIAN_POINT('',(40.8117426044414,52.310211726694,3.5));
#9476=CARTESIAN_POINT('',(40.8569248346007,39.3037177288802,3.5));
#9477=CARTESIAN_POINT('',(40.8117426044414,52.310211726694,5.5));
#9478=CARTESIAN_POINT('Origin',(40.8117426044414,52.310211726694,5.5));
#9479=CARTESIAN_POINT('',(39.4509050260104,52.3054844207276,5.));
#9480=CARTESIAN_POINT('',(39.4509050260104,52.3054844207276,5.));
#9481=CARTESIAN_POINT('',(39.4509050260104,52.3054844207276,3.5));
#9482=CARTESIAN_POINT('',(30.0440754194665,52.2728067798181,3.5));
#9483=CARTESIAN_POINT('',(39.4509050260104,52.3054844207276,5.5));
#9484=CARTESIAN_POINT('Origin',(39.4509050260104,52.3054844207276,5.5));
#9485=CARTESIAN_POINT('',(39.4528954709548,51.7325000830657,5.));
#9486=CARTESIAN_POINT('',(39.4528954709548,51.7325000830657,5.));
#9487=CARTESIAN_POINT('',(39.4528954709548,51.7325000830657,3.5));
#9488=CARTESIAN_POINT('',(39.4984509087647,38.6185717454563,3.5));
#9489=CARTESIAN_POINT('',(39.4528954709548,51.7325000830657,5.5));
#9490=CARTESIAN_POINT('Origin',(39.4528954709548,51.7325000830657,5.5));
#9491=CARTESIAN_POINT('',(40.8137330493858,51.7372273890321,5.));
#9492=CARTESIAN_POINT('',(40.8137330493858,51.7372273890321,5.));
#9493=CARTESIAN_POINT('',(40.8137330493858,51.7372273890321,3.5));
#9494=CARTESIAN_POINT('',(29.3656470751953,51.697458789173,3.5));
#9495=CARTESIAN_POINT('',(40.8137330493858,51.7372273890321,5.5));
#9496=CARTESIAN_POINT('Origin',(40.8137330493858,51.7372273890321,5.5));
#9497=CARTESIAN_POINT('',(40.8184958986052,50.3661580645083,5.));
#9498=CARTESIAN_POINT('',(40.8184958986052,50.3661580645083,5.));
#9499=CARTESIAN_POINT('',(40.8184958986052,50.3661580645083,3.5));
#9500=CARTESIAN_POINT('',(40.8602837096679,38.3368068825917,3.5));
#9501=CARTESIAN_POINT('',(40.8184958986052,50.3661580645083,5.5));
#9502=CARTESIAN_POINT('Origin',(-2.15846010625755,53.5783778335902,5.5));
#9503=CARTESIAN_POINT('',(-2.73814461246416,53.5903900047515,5.));
#9504=CARTESIAN_POINT('',(-2.15846010625755,53.5783778335902,5.));
#9505=CARTESIAN_POINT('',(-2.73814461246416,53.5903900047515,5.));
#9506=CARTESIAN_POINT('',(-2.15846010625755,53.5783778335902,3.5));
#9507=CARTESIAN_POINT('',(-2.15846010625755,53.5783778335902,5.5));
#9508=CARTESIAN_POINT('',(-2.73814461246416,53.5903900047515,3.5));
#9509=CARTESIAN_POINT('',(8.89930527987016,53.3492397954725,3.5));
#9510=CARTESIAN_POINT('',(-2.73814461246416,53.5903900047515,5.5));
#9511=CARTESIAN_POINT('Origin',(-2.73814461246416,53.5903900047515,5.5));
#9512=CARTESIAN_POINT('',(-2.76633788172716,52.2298365168229,5.));
#9513=CARTESIAN_POINT('',(-2.76633788172716,52.2298365168229,5.));
#9514=CARTESIAN_POINT('',(-2.76633788172716,52.2298365168229,3.5));
#9515=CARTESIAN_POINT('',(-3.03092994546314,39.4611273672739,3.5));
#9516=CARTESIAN_POINT('',(-2.76633788172716,52.2298365168229,5.5));
#9517=CARTESIAN_POINT('Origin',(-2.76633788172716,52.2298365168229,5.5));
#9518=CARTESIAN_POINT('',(-4.12689159312518,52.2580297907166,5.));
#9519=CARTESIAN_POINT('',(-4.12689159312518,52.2580297907166,5.));
#9520=CARTESIAN_POINT('',(-4.12689159312518,52.2580297907166,3.5));
#9521=CARTESIAN_POINT('',(8.58126975750395,51.9946923931245,3.5));
#9522=CARTESIAN_POINT('',(-4.12689159312518,52.2580297907166,5.5));
#9523=CARTESIAN_POINT('Origin',(-4.12689159312518,52.2580297907166,5.5));
#9524=CARTESIAN_POINT('',(-4.13876244724073,51.6851649760356,5.));
#9525=CARTESIAN_POINT('',(-4.13876244724073,51.6851649760356,5.));
#9526=CARTESIAN_POINT('',(-4.13876244724073,51.6851649760356,3.5));
#9527=CARTESIAN_POINT('',(-4.40558029149266,38.8090438972033,3.5));
#9528=CARTESIAN_POINT('',(-4.13876244724073,51.6851649760356,5.5));
#9529=CARTESIAN_POINT('Origin',(-4.13876244724073,51.6851649760356,5.5));
#9530=CARTESIAN_POINT('',(-2.77820873584271,51.6569717021419,5.));
#9531=CARTESIAN_POINT('',(-2.77820873584271,51.6569717021419,5.));
#9532=CARTESIAN_POINT('',(-2.77820873584271,51.6569717021419,3.5));
#9533=CARTESIAN_POINT('',(7.88912204768939,51.4359242153903,3.5));
#9534=CARTESIAN_POINT('',(-2.77820873584271,51.6569717021419,5.5));
#9535=CARTESIAN_POINT('Origin',(-2.77820873584271,51.6569717021419,5.5));
#9536=CARTESIAN_POINT('',(-2.80661398684859,50.2861883789657,5.));
#9537=CARTESIAN_POINT('',(-2.80661398684859,50.2861883789657,5.));
#9538=CARTESIAN_POINT('',(-2.80661398684859,50.2861883789657,3.5));
#9539=CARTESIAN_POINT('',(-3.05096200715242,38.4944182159691,3.5));
#9540=CARTESIAN_POINT('',(-2.80661398684859,50.2861883789657,5.5));
#9541=CARTESIAN_POINT('Origin',(-1.66237559891869,-0.806630273459481,5.5));
#9542=CARTESIAN_POINT('',(-3.54747320659728,-0.867639557356012,5.));
#9543=CARTESIAN_POINT('',(-1.66237559891869,-0.806630273459482,5.));
#9544=CARTESIAN_POINT('',(-3.54747320659728,-0.867639557356013,5.));
#9545=CARTESIAN_POINT('',(-1.66237559891869,-0.806630273459482,3.5));
#9546=CARTESIAN_POINT('',(-1.66237559891869,-0.806630273459482,5.5));
#9547=CARTESIAN_POINT('',(-3.54747320659728,-0.867639557356012,3.5));
#9548=CARTESIAN_POINT('',(9.25848620340904,-0.453187589441928,3.5));
#9549=CARTESIAN_POINT('',(-3.54747320659728,-0.867639557356012,5.5));
#9550=CARTESIAN_POINT('Origin',(-3.54747320659729,-0.867639557356017,5.5));
#9551=CARTESIAN_POINT('',(-3.52750453118088,-1.48464241088581,5.));
#9552=CARTESIAN_POINT('',(-3.52750453118088,-1.48464241088581,5.));
#9553=CARTESIAN_POINT('',(-3.52750453118088,-1.48464241088581,3.5));
#9554=CARTESIAN_POINT('',(-3.95139720946567,11.6130211365559,3.5));
#9555=CARTESIAN_POINT('',(-3.52750453118088,-1.48464241088581,5.5));
#9556=CARTESIAN_POINT('Origin',(42.474245868152,-1.02959013505938,5.5));
#9557=CARTESIAN_POINT('',(42.474245868152,-1.02959013505938,5.));
#9558=CARTESIAN_POINT('',(42.4822601951867,-0.4123162575755,5.));
#9559=CARTESIAN_POINT('',(42.474245868152,-1.02959013505938,3.5));
#9560=CARTESIAN_POINT('',(42.474245868152,-1.02959013505938,5.5));
#9561=CARTESIAN_POINT('',(42.640348629009,11.7638602458631,3.5));
#9562=CARTESIAN_POINT('Origin',(40.5883202146961,-1.00510436707007,5.5));
#9563=CARTESIAN_POINT('',(42.474245868152,-1.02959013505938,5.));
#9564=CARTESIAN_POINT('',(29.8138073464911,-0.865214323257752,3.5));
#9565=CARTESIAN_POINT('Origin',(41.391548056495,52.3122258669679,5.5));
#9566=CARTESIAN_POINT('',(41.391548056495,52.3122258669679,5.));
#9567=CARTESIAN_POINT('',(41.386820751305,53.6730632218828,5.));
#9568=CARTESIAN_POINT('',(41.391548056495,52.3122258669679,3.5));
#9569=CARTESIAN_POINT('',(41.391548056495,52.3122258669679,5.5));
#9570=CARTESIAN_POINT('',(41.4390939392492,38.6253131916965,3.5));
#9571=CARTESIAN_POINT('Origin',(42.7523855604206,52.3169531726755,5.5));
#9572=CARTESIAN_POINT('',(42.7523855604206,52.3169531726755,5.));
#9573=CARTESIAN_POINT('',(41.391548056495,52.3122258669679,5.));
#9574=CARTESIAN_POINT('',(42.7523855604206,52.3169531726755,3.5));
#9575=CARTESIAN_POINT('',(42.7523855604206,52.3169531726755,5.5));
#9576=CARTESIAN_POINT('',(31.014396897456,52.2761775028088,3.5));
#9577=CARTESIAN_POINT('Origin',(42.754376005365,51.7439688350135,5.5));
#9578=CARTESIAN_POINT('',(42.754376005365,51.7439688350135,5.));
#9579=CARTESIAN_POINT('',(42.7523855604206,52.3169531726755,5.));
#9580=CARTESIAN_POINT('',(42.754376005365,51.7439688350135,3.5));
#9581=CARTESIAN_POINT('',(42.754376005365,51.7439688350135,5.5));
#9582=CARTESIAN_POINT('',(42.8009266656471,38.3435483285731,3.5));
#9583=CARTESIAN_POINT('Origin',(41.3935385014393,51.7392415293059,5.5));
#9584=CARTESIAN_POINT('',(41.3935385014393,51.7392415293059,5.));
#9585=CARTESIAN_POINT('',(42.754376005365,51.7439688350135,5.));
#9586=CARTESIAN_POINT('',(41.3935385014393,51.7392415293059,3.5));
#9587=CARTESIAN_POINT('',(41.3935385014393,51.7392415293059,5.5));
#9588=CARTESIAN_POINT('',(30.3359685904375,51.7008295122931,3.5));
#9589=CARTESIAN_POINT('Origin',(41.3983013506587,50.3681722047822,5.5));
#9590=CARTESIAN_POINT('',(41.3983013506587,50.3681722047822,5.));
#9591=CARTESIAN_POINT('',(41.3935385014393,51.7392415293059,5.));
#9592=CARTESIAN_POINT('',(41.3983013506587,50.3681722047822,3.5));
#9593=CARTESIAN_POINT('',(41.3983013506587,50.3681722047822,5.5));
#9594=CARTESIAN_POINT('',(41.4424705863311,37.6532863606037,3.5));
#9595=CARTESIAN_POINT('Origin',(40.8184958986052,50.3661580645083,5.5));
#9596=CARTESIAN_POINT('',(41.3983013506587,50.3681722047822,5.));
#9597=CARTESIAN_POINT('',(30.0508287136303,50.3287531176324,3.5));
#9598=CARTESIAN_POINT('Origin',(-2.18665337552055,52.2178243456616,5.5));
#9599=CARTESIAN_POINT('',(-2.18665337552055,52.2178243456616,5.));
#9600=CARTESIAN_POINT('',(-2.15846010625755,53.5783778335902,5.));
#9601=CARTESIAN_POINT('',(-2.18665337552055,52.2178243456616,3.5));
#9602=CARTESIAN_POINT('',(-2.18665337552055,52.2178243456616,5.5));
#9603=CARTESIAN_POINT('',(-2.46534207388804,38.7688384521483,3.5));
#9604=CARTESIAN_POINT('Origin',(-0.826099589632717,52.1896310702244,5.5));
#9605=CARTESIAN_POINT('',(-0.826099589632714,52.1896310702244,5.));
#9606=CARTESIAN_POINT('',(-2.18665337552055,52.2178243456616,5.));
#9607=CARTESIAN_POINT('',(-0.826099589632714,52.1896310702244,3.5));
#9608=CARTESIAN_POINT('',(-0.826099589632714,52.1896310702244,5.5));
#9609=CARTESIAN_POINT('',(9.55138890355111,51.9745896698252,3.5));
#9610=CARTESIAN_POINT('Origin',(-0.837970443748268,51.6167662555433,5.5));
#9611=CARTESIAN_POINT('',(-0.837970443748264,51.6167662555433,5.));
#9612=CARTESIAN_POINT('',(-0.826099589632714,52.1896310702244,5.));
#9613=CARTESIAN_POINT('',(-0.837970443748264,51.6167662555433,3.5));
#9614=CARTESIAN_POINT('',(-0.837970443748264,51.6167662555433,5.5));
#9615=CARTESIAN_POINT('',(-1.11072371505797,38.4542127693705,3.5));
#9616=CARTESIAN_POINT('Origin',(-2.1985242296361,51.6449595309806,5.5));
#9617=CARTESIAN_POINT('',(-2.1985242296361,51.6449595309806,5.));
#9618=CARTESIAN_POINT('',(-0.837970443748264,51.6167662555433,5.));
#9619=CARTESIAN_POINT('',(-2.1985242296361,51.6449595309806,3.5));
#9620=CARTESIAN_POINT('',(-2.1985242296361,51.6449595309806,5.5));
#9621=CARTESIAN_POINT('',(8.85924115649164,51.4158214928629,3.5));
#9622=CARTESIAN_POINT('Origin',(-2.22692948064199,50.2741762078044,5.5));
#9623=CARTESIAN_POINT('',(-2.22692948064199,50.2741762078044,5.));
#9624=CARTESIAN_POINT('',(-2.1985242296361,51.6449595309806,5.));
#9625=CARTESIAN_POINT('',(-2.22692948064199,50.2741762078044,3.5));
#9626=CARTESIAN_POINT('',(-2.22692948064199,50.2741762078044,5.5));
#9627=CARTESIAN_POINT('',(-2.48548012644875,37.7970143832197,3.5));
#9628=CARTESIAN_POINT('Origin',(-2.80661398684859,50.2861883789657,5.5));
#9629=CARTESIAN_POINT('',(-2.22692948064199,50.2741762078044,5.));
#9630=CARTESIAN_POINT('',(8.54099365238243,50.0510442552673,3.5));
#9631=CARTESIAN_POINT('Origin',(-1.64240692350229,-1.42363312698929,5.5));
#9632=CARTESIAN_POINT('',(-1.64240692350229,-1.42363312698928,5.));
#9633=CARTESIAN_POINT('',(-1.66237559891869,-0.806630273459482,5.));
#9634=CARTESIAN_POINT('',(-1.64240692350229,-1.42363312698928,3.5));
#9635=CARTESIAN_POINT('',(-1.64240692350229,-1.42363312698928,5.5));
#9636=CARTESIAN_POINT('',(-2.05631526407887,11.3655289936875,3.5));
#9637=CARTESIAN_POINT('Origin',(-3.52750453118088,-1.48464241088581,5.5));
#9638=CARTESIAN_POINT('',(-1.64240692350229,-1.42363312698928,5.));
#9639=CARTESIAN_POINT('',(8.33590607498614,-1.10069508491999,3.5));
#9640=CARTESIAN_POINT('Origin',(19.3715,24.8615764823995,3.5));
#9641=CARTESIAN_POINT('',(61.143,57.2235764823995,3.5));
#9642=CARTESIAN_POINT('',(64.143,54.2235764823995,3.5));
#9643=CARTESIAN_POINT('Origin',(61.143,54.2235764823995,3.5));
#9644=CARTESIAN_POINT('',(-22.4,57.2235764823995,3.5));
#9645=CARTESIAN_POINT('',(41.75725,57.2235764823995,3.5));
#9646=CARTESIAN_POINT('',(-25.4,54.2235764823995,3.5));
#9647=CARTESIAN_POINT('Origin',(-22.4,54.2235764823995,3.5));
#9648=CARTESIAN_POINT('',(-25.4,-4.50042351760053,3.5));
#9649=CARTESIAN_POINT('',(-25.4,41.0425764823995,3.5));
#9650=CARTESIAN_POINT('',(-22.4,-7.50042351760053,3.5));
#9651=CARTESIAN_POINT('Origin',(-22.4,-4.50042351760053,3.5));
#9652=CARTESIAN_POINT('',(61.143,-7.50042351760053,3.5));
#9653=CARTESIAN_POINT('',(-3.01425,-7.50042351760053,3.5));
#9654=CARTESIAN_POINT('',(64.143,-4.50042351760053,3.5));
#9655=CARTESIAN_POINT('Origin',(61.143,-4.50042351760053,3.5));
#9656=CARTESIAN_POINT('',(64.143,8.68057648239947,3.5));
#9657=CARTESIAN_POINT('',(-12.9,2.99957648239947,3.5));
#9658=CARTESIAN_POINT('',(51.643,2.99957648239947,3.5));
#9659=CARTESIAN_POINT('',(36.50725,2.99957648239947,3.5));
#9660=CARTESIAN_POINT('',(-14.9,4.99957648239947,3.5));
#9661=CARTESIAN_POINT('Origin',(-12.9,4.99957648239947,3.5));
#9662=CARTESIAN_POINT('',(-14.9,44.7235764823995,3.5));
#9663=CARTESIAN_POINT('',(-14.9,13.9305764823995,3.5));
#9664=CARTESIAN_POINT('',(-12.9,46.7235764823995,3.5));
#9665=CARTESIAN_POINT('Origin',(-12.9,44.7235764823995,3.5));
#9666=CARTESIAN_POINT('',(51.643,46.7235764823995,3.5));
#9667=CARTESIAN_POINT('',(2.23575000000001,46.7235764823995,3.5));
#9668=CARTESIAN_POINT('',(53.643,44.7235764823995,3.5));
#9669=CARTESIAN_POINT('Origin',(51.643,44.7235764823995,3.5));
#9670=CARTESIAN_POINT('',(53.643,4.99957648239947,3.5));
#9671=CARTESIAN_POINT('',(53.643,35.7925764823995,3.5));
#9672=CARTESIAN_POINT('Origin',(51.643,4.99957648239947,3.5));
#9673=CARTESIAN_POINT('Origin',(-12.9,44.7235764823995,0.5));
#9674=CARTESIAN_POINT('',(-14.9,44.7235764823995,4.));
#9675=CARTESIAN_POINT('',(-12.9,46.7235764823995,4.));
#9676=CARTESIAN_POINT('Origin',(-14.9,2.99957648239947,0.5));
#9677=CARTESIAN_POINT('',(-14.9,4.99957648239947,4.));
#9678=CARTESIAN_POINT('Origin',(-12.9,4.99957648239947,0.5));
#9679=CARTESIAN_POINT('',(-12.9,2.99957648239947,4.));
#9680=CARTESIAN_POINT('Origin',(53.643,2.99957648239947,0.5));
#9681=CARTESIAN_POINT('',(51.643,2.99957648239947,4.));
#9682=CARTESIAN_POINT('Origin',(-25.4,57.2235764823995,0.5));
#9683=CARTESIAN_POINT('',(-25.4,54.2235764823995,0.5));
#9684=CARTESIAN_POINT('',(-25.4,54.2235764823995,0.5));
#9685=CARTESIAN_POINT('',(-25.4,-4.50042351760053,0.5));
#9686=CARTESIAN_POINT('',(-25.4,-7.50042351760053,0.5));
#9687=CARTESIAN_POINT('',(-25.4,-4.50042351760053,0.5));
#9688=CARTESIAN_POINT('Origin',(-22.4,54.2235764823995,0.5));
#9689=CARTESIAN_POINT('',(-22.4,57.2235764823995,0.5));
#9690=CARTESIAN_POINT('',(-22.4,57.2235764823995,0.5));
#9691=CARTESIAN_POINT('Origin',(-22.4,54.2235764823995,0.5));
#9692=CARTESIAN_POINT('Origin',(64.143,57.2235764823995,0.5));
#9693=CARTESIAN_POINT('',(61.143,57.2235764823995,0.5));
#9694=CARTESIAN_POINT('',(61.143,57.2235764823995,0.5));
#9695=CARTESIAN_POINT('',(-25.4,57.2235764823995,0.5));
#9696=CARTESIAN_POINT('Origin',(61.143,54.2235764823995,0.5));
#9697=CARTESIAN_POINT('',(64.143,54.2235764823995,0.5));
#9698=CARTESIAN_POINT('',(64.143,54.2235764823995,0.5));
#9699=CARTESIAN_POINT('Origin',(61.143,54.2235764823995,0.5));
#9700=CARTESIAN_POINT('Origin',(19.3715,24.8615764823995,1.5));
#9701=CARTESIAN_POINT('',(10.9667450827871,40.7276202983053,1.5));
#9702=CARTESIAN_POINT('Ctrl Pts',(10.7723385733877,41.2971973663958,1.5));
#9703=CARTESIAN_POINT('Ctrl Pts',(10.7780734912913,41.1857548181922,1.5));
#9704=CARTESIAN_POINT('Ctrl Pts',(10.7838084091948,41.0743122699887,1.5));
#9705=CARTESIAN_POINT('Ctrl Pts',(10.8209402007375,40.9740390128286,1.5));
#9706=CARTESIAN_POINT('Ctrl Pts',(10.8534737072665,40.8861832824436,1.5));
#9707=CARTESIAN_POINT('Ctrl Pts',(10.9101093950268,40.8069017903745,1.5));
#9708=CARTESIAN_POINT('Ctrl Pts',(10.9667450827871,40.7276202983053,1.5));
#9709=CARTESIAN_POINT('',(11.4544666451727,40.5195711797865,1.5));
#9710=CARTESIAN_POINT('Ctrl Pts',(10.9667450827871,40.7276202983053,1.5));
#9711=CARTESIAN_POINT('Ctrl Pts',(11.0360736331036,40.6669405600865,1.5));
#9712=CARTESIAN_POINT('Ctrl Pts',(11.1054021834201,40.6062608218677,1.5));
#9713=CARTESIAN_POINT('Ctrl Pts',(11.1858788770948,40.571583533922,1.5));
#9714=CARTESIAN_POINT('Ctrl Pts',(11.2677215899885,40.5363176303208,1.5));
#9715=CARTESIAN_POINT('Ctrl Pts',(11.3610941175806,40.5279444050537,1.5));
#9716=CARTESIAN_POINT('Ctrl Pts',(11.4544666451727,40.5195711797865,1.5));
#9717=CARTESIAN_POINT('',(11.9462812585149,40.7296666747721,1.5));
#9718=CARTESIAN_POINT('Ctrl Pts',(11.4544666451727,40.5195711797865,1.5));
#9719=CARTESIAN_POINT('Ctrl Pts',(11.5492175681867,40.5278569731336,1.5));
#9720=CARTESIAN_POINT('Ctrl Pts',(11.6439684912007,40.5361427664808,1.5));
#9721=CARTESIAN_POINT('Ctrl Pts',(11.7268065256391,40.5720949417742,1.5));
#9722=CARTESIAN_POINT('Ctrl Pts',(11.8075009934983,40.6071167970529,1.5));
#9723=CARTESIAN_POINT('Ctrl Pts',(11.8768911260066,40.6683917359125,1.5));
#9724=CARTESIAN_POINT('Ctrl Pts',(11.9462812585149,40.7296666747721,1.5));
#9725=CARTESIAN_POINT('',(12.1393234175955,41.3258467859419,1.5));
#9726=CARTESIAN_POINT('Ctrl Pts',(11.9462812585149,40.7296666747721,1.5));
#9727=CARTESIAN_POINT('Ctrl Pts',(12.0024825204967,40.8116529353453,1.5));
#9728=CARTESIAN_POINT('Ctrl Pts',(12.0586837824784,40.8936391959185,1.5));
#9729=CARTESIAN_POINT('Ctrl Pts',(12.0910627288137,40.9837594873102,1.5));
#9730=CARTESIAN_POINT('Ctrl Pts',(12.1293128600623,41.0902210422415,1.5));
#9731=CARTESIAN_POINT('Ctrl Pts',(12.1343181388289,41.2080339140917,1.5));
#9732=CARTESIAN_POINT('Ctrl Pts',(12.1393234175955,41.3258467859419,1.5));
#9733=CARTESIAN_POINT('Ctrl Pts',(12.1393234175955,41.3258467859419,1.5));
#9734=CARTESIAN_POINT('Ctrl Pts',(12.1366508393266,41.4029129207382,1.5));
#9735=CARTESIAN_POINT('Ctrl Pts',(12.1339782610578,41.4799790555344,1.5));
#9736=CARTESIAN_POINT('Ctrl Pts',(12.1186891836439,41.5545302874239,1.5));
#9737=CARTESIAN_POINT('Ctrl Pts',(12.1048982039276,41.6217766293043,1.5));
#9738=CARTESIAN_POINT('Ctrl Pts',(12.0808420448351,41.6869767673088,1.5));
#9739=CARTESIAN_POINT('Ctrl Pts',(12.0567858857427,41.7521769053133,1.5));
#9740=CARTESIAN_POINT('Origin',(3.83000000000001,41.4235764823995,0.));
#9741=CARTESIAN_POINT('',(3.83000000000001,41.4235764823995,0.));
#9742=CARTESIAN_POINT('',(3.83000000000001,27.4235764823995,0.));
#9743=CARTESIAN_POINT('',(3.83000000000001,41.4235764823995,0.));
#9744=CARTESIAN_POINT('',(3.83000000000001,27.4235764823995,0.));
#9745=CARTESIAN_POINT('',(3.83000000000001,41.4235764823995,0.));
#9746=CARTESIAN_POINT('Origin',(-10.17,41.4235764823995,0.));
#9747=CARTESIAN_POINT('',(-10.17,41.4235764823995,0.));
#9748=CARTESIAN_POINT('',(-10.17,41.4235764823995,0.));
#9749=CARTESIAN_POINT('',(-10.17,41.4235764823995,0.));
#9750=CARTESIAN_POINT('Origin',(-10.17,27.4235764823995,0.));
#9751=CARTESIAN_POINT('',(-10.17,27.4235764823995,0.));
#9752=CARTESIAN_POINT('',(-10.17,27.4235764823995,0.));
#9753=CARTESIAN_POINT('',(-10.17,27.4235764823995,0.));
#9754=CARTESIAN_POINT('Origin',(3.83000000000001,27.4235764823995,0.));
#9755=CARTESIAN_POINT('',(3.83000000000001,27.4235764823995,0.));
#9756=CARTESIAN_POINT('Origin',(3.83000000000001,22.4235764823995,0.));
#9757=CARTESIAN_POINT('',(3.83000000000001,22.4235764823995,0.));
#9758=CARTESIAN_POINT('',(3.83000000000001,8.42357648239946,0.));
#9759=CARTESIAN_POINT('',(3.83000000000001,22.4235764823995,0.));
#9760=CARTESIAN_POINT('',(3.83000000000001,8.42357648239946,0.));
#9761=CARTESIAN_POINT('',(3.83000000000001,22.4235764823995,0.));
#9762=CARTESIAN_POINT('Origin',(-10.17,22.4235764823995,0.));
#9763=CARTESIAN_POINT('',(-10.17,22.4235764823995,0.));
#9764=CARTESIAN_POINT('',(-10.17,22.4235764823995,0.));
#9765=CARTESIAN_POINT('',(-10.17,22.4235764823995,0.));
#9766=CARTESIAN_POINT('Origin',(-10.17,8.42357648239946,0.));
#9767=CARTESIAN_POINT('',(-10.17,8.42357648239946,0.));
#9768=CARTESIAN_POINT('',(-10.17,8.42357648239946,0.));
#9769=CARTESIAN_POINT('',(-10.17,8.42357648239946,0.));
#9770=CARTESIAN_POINT('Origin',(3.83000000000001,8.42357648239946,0.));
#9771=CARTESIAN_POINT('',(3.83000000000001,8.42357648239946,0.));
#9772=CARTESIAN_POINT('Origin',(48.263,41.4235764823995,0.));
#9773=CARTESIAN_POINT('',(48.263,41.4235764823995,0.));
#9774=CARTESIAN_POINT('',(48.263,27.4235764823995,0.));
#9775=CARTESIAN_POINT('',(48.263,41.4235764823995,0.));
#9776=CARTESIAN_POINT('',(48.263,27.4235764823995,0.));
#9777=CARTESIAN_POINT('',(48.263,41.4235764823995,0.));
#9778=CARTESIAN_POINT('Origin',(34.263,41.4235764823995,0.));
#9779=CARTESIAN_POINT('',(34.263,41.4235764823995,0.));
#9780=CARTESIAN_POINT('',(34.263,41.4235764823995,0.));
#9781=CARTESIAN_POINT('',(34.263,41.4235764823995,0.));
#9782=CARTESIAN_POINT('Origin',(34.263,27.4235764823995,0.));
#9783=CARTESIAN_POINT('',(34.263,27.4235764823995,0.));
#9784=CARTESIAN_POINT('',(34.263,27.4235764823995,0.));
#9785=CARTESIAN_POINT('',(34.263,27.4235764823995,0.));
#9786=CARTESIAN_POINT('Origin',(48.263,27.4235764823995,0.));
#9787=CARTESIAN_POINT('',(48.263,27.4235764823995,0.));
#9788=CARTESIAN_POINT('Origin',(48.263,22.1935764823995,0.));
#9789=CARTESIAN_POINT('',(48.263,22.1935764823995,0.));
#9790=CARTESIAN_POINT('',(48.263,8.19357648239946,0.));
#9791=CARTESIAN_POINT('',(48.263,22.1935764823995,0.));
#9792=CARTESIAN_POINT('',(48.263,8.19357648239946,0.));
#9793=CARTESIAN_POINT('',(48.263,22.1935764823995,0.));
#9794=CARTESIAN_POINT('Origin',(34.263,22.1935764823995,0.));
#9795=CARTESIAN_POINT('',(34.263,22.1935764823995,0.));
#9796=CARTESIAN_POINT('',(34.263,22.1935764823995,0.));
#9797=CARTESIAN_POINT('',(34.263,22.1935764823995,0.));
#9798=CARTESIAN_POINT('Origin',(34.263,8.19357648239946,0.));
#9799=CARTESIAN_POINT('',(34.263,8.19357648239946,0.));
#9800=CARTESIAN_POINT('',(34.263,8.19357648239946,0.));
#9801=CARTESIAN_POINT('',(34.263,8.19357648239946,0.));
#9802=CARTESIAN_POINT('Origin',(48.263,8.19357648239946,0.));
#9803=CARTESIAN_POINT('',(48.263,8.19357648239946,0.));
#9804=CARTESIAN_POINT('Origin',(-14.9,46.7235764823995,0.5));
#9805=CARTESIAN_POINT('',(51.643,46.7235764823995,0.5));
#9806=CARTESIAN_POINT('Origin',(51.643,44.7235764823995,0.5));
#9807=CARTESIAN_POINT('',(53.643,44.7235764823995,4.));
#9808=CARTESIAN_POINT('Origin',(53.643,46.7235764823995,0.5));
#9809=CARTESIAN_POINT('',(53.643,4.99957648239947,4.));
#9810=CARTESIAN_POINT('Origin',(51.643,4.99957648239947,0.5));
#9811=CARTESIAN_POINT('Origin',(53.643,2.99957648239947,0.));
#9812=CARTESIAN_POINT('',(53.643,46.7235764823995,0.));
#9813=CARTESIAN_POINT('',(53.643,2.99957648239947,0.));
#9814=CARTESIAN_POINT('',(53.643,46.7235764823995,0.));
#9815=CARTESIAN_POINT('',(53.643,46.7235764823995,0.5));
#9816=CARTESIAN_POINT('',(53.643,46.7235764823995,0.));
#9817=CARTESIAN_POINT('',(53.643,2.99957648239947,0.5));
#9818=CARTESIAN_POINT('',(53.643,13.9305764823995,0.5));
#9819=CARTESIAN_POINT('',(53.643,2.99957648239947,0.));
#9820=CARTESIAN_POINT('Origin',(-14.9,2.99957648239947,0.));
#9821=CARTESIAN_POINT('',(-14.9,2.99957648239947,0.5));
#9822=CARTESIAN_POINT('',(2.23575000000001,2.99957648239947,0.5));
#9823=CARTESIAN_POINT('',(-14.9,2.99957648239947,0.));
#9824=CARTESIAN_POINT('',(-14.9,2.99957648239947,0.));
#9825=CARTESIAN_POINT('',(53.643,2.99957648239947,0.));
#9826=CARTESIAN_POINT('Origin',(53.643,46.7235764823995,0.));
#9827=CARTESIAN_POINT('',(-14.9,46.7235764823995,0.));
#9828=CARTESIAN_POINT('',(-14.9,46.7235764823995,0.));
#9829=CARTESIAN_POINT('',(-14.9,46.7235764823995,0.5));
#9830=CARTESIAN_POINT('',(-14.9,46.7235764823995,0.));
#9831=CARTESIAN_POINT('',(36.50725,46.7235764823995,0.5));
#9832=CARTESIAN_POINT('Origin',(19.3715,24.8615764823995,0.));
#9833=CARTESIAN_POINT('',(-14.9,2.99957648239947,0.));
#9834=CARTESIAN_POINT('Origin',(-14.9,46.7235764823995,0.));
#9835=CARTESIAN_POINT('',(-14.9,35.7925764823995,0.5));
#9836=CARTESIAN_POINT('Origin',(-2.59494006504978,-1.14563634217265,5.));
#9837=CARTESIAN_POINT('Origin',(-2.48243101843672,51.9322831062779,5.));
#9838=CARTESIAN_POINT('Origin',(41.1026405156877,52.0196106431956,5.));
#9839=CARTESIAN_POINT('Origin',(41.5352902049414,-0.708710312322784,5.));
#9840=CARTESIAN_POINT('Origin',(19.3715,24.8615764823995,0.5));
#9841=CARTESIAN_POINT('',(64.143,-4.50042351760053,0.5));
#9842=CARTESIAN_POINT('',(64.143,-7.50042351760053,0.5));
#9843=CARTESIAN_POINT('',(61.143,-7.50042351760053,0.5));
#9844=CARTESIAN_POINT('Origin',(61.143,-4.50042351760053,0.5));
#9845=CARTESIAN_POINT('',(-22.4,-7.50042351760053,0.5));
#9846=CARTESIAN_POINT('',(-25.4,-7.50042351760053,0.5));
#9847=CARTESIAN_POINT('Origin',(-22.4,-4.50042351760053,0.5));
#9848=CARTESIAN_POINT('Origin',(-22.4,-4.50042351760053,0.5));
#9849=CARTESIAN_POINT('',(-22.4,-7.50042351760053,0.5));
#9850=CARTESIAN_POINT('Origin',(-25.4,-7.50042351760053,0.5));
#9851=CARTESIAN_POINT('',(61.143,-7.50042351760053,0.5));
#9852=CARTESIAN_POINT('Origin',(61.143,-4.50042351760053,0.5));
#9853=CARTESIAN_POINT('',(64.143,-4.50042351760053,0.5));
#9854=CARTESIAN_POINT('Origin',(64.143,-7.50042351760053,0.5));
#9855=CARTESIAN_POINT('Ctrl Pts',(12.2893918198858,40.7801442093046,1.));
#9856=CARTESIAN_POINT('Ctrl Pts',(12.2893918198858,40.7801442093046,5.));
#9857=CARTESIAN_POINT('Ctrl Pts',(12.3251938095854,40.8643519240444,1.));
#9858=CARTESIAN_POINT('Ctrl Pts',(12.3251938095854,40.8643519240444,5.));
#9859=CARTESIAN_POINT('Ctrl Pts',(12.3991179423022,41.0382244471199,1.));
#9860=CARTESIAN_POINT('Ctrl Pts',(12.3991179423022,41.0382244471199,5.));
#9861=CARTESIAN_POINT('Ctrl Pts',(12.4077325254366,41.2270873469377,1.));
#9862=CARTESIAN_POINT('Ctrl Pts',(12.4077325254366,41.2270873469377,5.));
#9863=CARTESIAN_POINT('Ctrl Pts',(12.4121750039373,41.3244825846346,1.));
#9864=CARTESIAN_POINT('Ctrl Pts',(12.4121750039373,41.3244825846346,5.));
#9865=CARTESIAN_POINT('',(12.4121750039373,41.3244825846346,4.));
#9866=CARTESIAN_POINT('Ctrl Pts',(12.4121750039373,41.3244825846346,1.));
#9867=CARTESIAN_POINT('Ctrl Pts',(12.4121750039373,41.3244825846346,5.));
#9868=CARTESIAN_POINT('Ctrl Pts',(12.4079984522264,41.420468665443,1.));
#9869=CARTESIAN_POINT('Ctrl Pts',(12.4079984522264,41.420468665443,5.));
#9870=CARTESIAN_POINT('Ctrl Pts',(12.3999155575804,41.6062308521339,1.));
#9871=CARTESIAN_POINT('Ctrl Pts',(12.3999155575804,41.6062308521339,5.));
#9872=CARTESIAN_POINT('Ctrl Pts',(12.3295417259369,41.7782049519624,1.));
#9873=CARTESIAN_POINT('Ctrl Pts',(12.3295417259369,41.7782049519624,5.));
#9874=CARTESIAN_POINT('Ctrl Pts',(12.2955310982977,41.8613174802454,1.));
#9875=CARTESIAN_POINT('Ctrl Pts',(12.2955310982977,41.8613174802454,5.));
#9876=CARTESIAN_POINT('',(12.2955310982977,41.8613174802454,4.));
#9877=CARTESIAN_POINT('Ctrl Pts',(12.2955310982977,41.8613174802454,1.));
#9878=CARTESIAN_POINT('Ctrl Pts',(12.2955310982977,41.8613174802454,5.));
#9879=CARTESIAN_POINT('Ctrl Pts',(12.2524389248129,41.9357522658336,1.));
#9880=CARTESIAN_POINT('Ctrl Pts',(12.2524389248129,41.9357522658336,5.));
#9881=CARTESIAN_POINT('Ctrl Pts',(12.1667005485385,42.0838514945005,1.));
#9882=CARTESIAN_POINT('Ctrl Pts',(12.1667005485385,42.0838514945005,5.));
#9883=CARTESIAN_POINT('Ctrl Pts',(12.0263321339202,42.1816860676643,1.));
#9884=CARTESIAN_POINT('Ctrl Pts',(12.0263321339202,42.1816860676643,5.));
#9885=CARTESIAN_POINT('Ctrl Pts',(11.9565129918371,42.2303489095362,1.));
#9886=CARTESIAN_POINT('Ctrl Pts',(11.9565129918371,42.2303489095362,5.));
#9887=CARTESIAN_POINT('',(11.9565129918371,42.2303489095362,4.));
#9888=CARTESIAN_POINT('Ctrl Pts',(11.9565129918371,42.2303489095362,1.));
#9889=CARTESIAN_POINT('Ctrl Pts',(11.9565129918371,42.2303489095362,5.));
#9890=CARTESIAN_POINT('Ctrl Pts',(11.8793158419269,42.2689424857936,1.));
#9891=CARTESIAN_POINT('Ctrl Pts',(11.8793158419269,42.2689424857936,5.));
#9892=CARTESIAN_POINT('Ctrl Pts',(11.7221065571241,42.3475369485228,1.));
#9893=CARTESIAN_POINT('Ctrl Pts',(11.7221065571241,42.3475369485228,5.));
#9894=CARTESIAN_POINT('Ctrl Pts',(11.5465469380967,42.3575735125313,1.));
#9895=CARTESIAN_POINT('Ctrl Pts',(11.5465469380967,42.3575735125313,5.));
#9896=CARTESIAN_POINT('Ctrl Pts',(11.4571953458105,42.3626816517504,1.));
#9897=CARTESIAN_POINT('Ctrl Pts',(11.4571953458105,42.3626816517504,5.));
#9898=CARTESIAN_POINT('',(11.4571953458105,42.3626816517504,4.));
#9899=CARTESIAN_POINT('Ctrl Pts',(11.4571953458105,42.3626816517504,1.));
#9900=CARTESIAN_POINT('Ctrl Pts',(11.4571953458105,42.3626816517504,5.));
#9901=CARTESIAN_POINT('Ctrl Pts',(11.3238359456227,42.3521155268642,1.));
#9902=CARTESIAN_POINT('Ctrl Pts',(11.3238359456227,42.3521155268642,5.));
#9903=CARTESIAN_POINT('Ctrl Pts',(11.0633871106425,42.3314800492528,1.));
#9904=CARTESIAN_POINT('Ctrl Pts',(11.0633871106425,42.3314800492528,5.));
#9905=CARTESIAN_POINT('Ctrl Pts',(10.8641176328681,42.1631175348458,1.));
#9906=CARTESIAN_POINT('Ctrl Pts',(10.8641176328681,42.1631175348458,5.));
#9907=CARTESIAN_POINT('Ctrl Pts',(10.7668814701353,42.0809628314169,1.));
#9908=CARTESIAN_POINT('Ctrl Pts',(10.7668814701353,42.0809628314169,5.));
#9909=CARTESIAN_POINT('',(10.7668814701353,42.0809628314169,4.));
#9910=CARTESIAN_POINT('Ctrl Pts',(10.7668814701353,42.0809628314169,1.));
#9911=CARTESIAN_POINT('Ctrl Pts',(10.7668814701353,42.0809628314169,5.));
#9912=CARTESIAN_POINT('Ctrl Pts',(10.6889902564783,41.9729921218328,1.));
#9913=CARTESIAN_POINT('Ctrl Pts',(10.6889902564783,41.9729921218328,5.));
#9914=CARTESIAN_POINT('Ctrl Pts',(10.5216980869768,41.7410962069937,1.));
#9915=CARTESIAN_POINT('Ctrl Pts',(10.5216980869768,41.7410962069937,5.));
#9916=CARTESIAN_POINT('Ctrl Pts',(10.507222852268,41.4544655679137,1.));
#9917=CARTESIAN_POINT('Ctrl Pts',(10.507222852268,41.4544655679137,5.));
#9918=CARTESIAN_POINT('Ctrl Pts',(10.4994872850691,41.3012901193293,1.));
#9919=CARTESIAN_POINT('Ctrl Pts',(10.4994872850691,41.3012901193293,5.));
#9920=CARTESIAN_POINT('Ctrl Pts',(12.0567858857427,41.7521769053133,1.));
#9921=CARTESIAN_POINT('Ctrl Pts',(12.0567858857427,41.7521769053133,5.));
#9922=CARTESIAN_POINT('Ctrl Pts',(12.0808420448351,41.6869767673088,1.));
#9923=CARTESIAN_POINT('Ctrl Pts',(12.0808420448351,41.6869767673088,5.));
#9924=CARTESIAN_POINT('Ctrl Pts',(12.1315675549245,41.5494938779803,1.));
#9925=CARTESIAN_POINT('Ctrl Pts',(12.1315675549245,41.5494938779803,5.));
#9926=CARTESIAN_POINT('Ctrl Pts',(12.1366508393266,41.4029129207382,1.));
#9927=CARTESIAN_POINT('Ctrl Pts',(12.1366508393266,41.4029129207382,5.));
#9928=CARTESIAN_POINT('Ctrl Pts',(12.1393234175955,41.3258467859419,1.));
#9929=CARTESIAN_POINT('Ctrl Pts',(12.1393234175955,41.3258467859419,5.));
#9930=CARTESIAN_POINT('',(12.1393234175955,41.3258467859419,4.));
#9931=CARTESIAN_POINT('Ctrl Pts',(12.1393234175955,41.3258467859419,1.));
#9932=CARTESIAN_POINT('Ctrl Pts',(12.1393234175955,41.3258467859419,5.));
#9933=CARTESIAN_POINT('Ctrl Pts',(12.1343181388289,41.2080339140917,1.));
#9934=CARTESIAN_POINT('Ctrl Pts',(12.1343181388289,41.2080339140917,5.));
#9935=CARTESIAN_POINT('Ctrl Pts',(12.1250758640759,40.9904917986878,1.));
#9936=CARTESIAN_POINT('Ctrl Pts',(12.1250758640759,40.9904917986878,5.));
#9937=CARTESIAN_POINT('Ctrl Pts',(12.0024825204967,40.8116529353453,1.));
#9938=CARTESIAN_POINT('Ctrl Pts',(12.0024825204967,40.8116529353453,5.));
#9939=CARTESIAN_POINT('Ctrl Pts',(11.9462812585149,40.7296666747721,1.));
#9940=CARTESIAN_POINT('Ctrl Pts',(11.9462812585149,40.7296666747721,5.));
#9941=CARTESIAN_POINT('',(11.9462812585149,40.7296666747721,4.));
#9942=CARTESIAN_POINT('Ctrl Pts',(11.9462812585149,40.7296666747721,1.));
#9943=CARTESIAN_POINT('Ctrl Pts',(11.9462812585149,40.7296666747721,5.));
#9944=CARTESIAN_POINT('Ctrl Pts',(11.8768911260066,40.6683917359125,1.));
#9945=CARTESIAN_POINT('Ctrl Pts',(11.8768911260066,40.6683917359125,5.));
#9946=CARTESIAN_POINT('Ctrl Pts',(11.7362675825977,40.5442141516781,1.));
#9947=CARTESIAN_POINT('Ctrl Pts',(11.7362675825977,40.5442141516781,5.));
#9948=CARTESIAN_POINT('Ctrl Pts',(11.5492175681867,40.5278569731336,1.));
#9949=CARTESIAN_POINT('Ctrl Pts',(11.5492175681867,40.5278569731336,5.));
#9950=CARTESIAN_POINT('Ctrl Pts',(11.4544666451727,40.5195711797865,1.));
#9951=CARTESIAN_POINT('Ctrl Pts',(11.4544666451727,40.5195711797865,5.));
#9952=CARTESIAN_POINT('',(11.4544666451727,40.5195711797865,4.));
#9953=CARTESIAN_POINT('Ctrl Pts',(11.4544666451727,40.5195711797865,1.));
#9954=CARTESIAN_POINT('Ctrl Pts',(11.4544666451727,40.5195711797865,5.));
#9955=CARTESIAN_POINT('Ctrl Pts',(11.3610941175806,40.5279444050537,1.));
#9956=CARTESIAN_POINT('Ctrl Pts',(11.3610941175806,40.5279444050537,5.));
#9957=CARTESIAN_POINT('Ctrl Pts',(11.1759075232869,40.5445510998757,1.));
#9958=CARTESIAN_POINT('Ctrl Pts',(11.1759075232869,40.5445510998757,5.));
#9959=CARTESIAN_POINT('Ctrl Pts',(11.0360736331036,40.6669405600865,1.));
#9960=CARTESIAN_POINT('Ctrl Pts',(11.0360736331036,40.6669405600865,5.));
#9961=CARTESIAN_POINT('Ctrl Pts',(10.9667450827871,40.7276202983053,1.));
#9962=CARTESIAN_POINT('Ctrl Pts',(10.9667450827871,40.7276202983053,5.));
#9963=CARTESIAN_POINT('',(10.9667450827871,40.7276202983053,4.));
#9964=CARTESIAN_POINT('Ctrl Pts',(10.9667450827871,40.7276202983053,1.));
#9965=CARTESIAN_POINT('Ctrl Pts',(10.9667450827871,40.7276202983053,5.));
#9966=CARTESIAN_POINT('Ctrl Pts',(10.9101093950268,40.8069017903745,1.));
#9967=CARTESIAN_POINT('Ctrl Pts',(10.9101093950268,40.8069017903745,5.));
#9968=CARTESIAN_POINT('Ctrl Pts',(10.788833132789,40.9766704186547,1.));
#9969=CARTESIAN_POINT('Ctrl Pts',(10.788833132789,40.9766704186547,5.));
#9970=CARTESIAN_POINT('Ctrl Pts',(10.7780734912913,41.1857548181922,1.));
#9971=CARTESIAN_POINT('Ctrl Pts',(10.7780734912913,41.1857548181922,5.));
#9972=CARTESIAN_POINT('Ctrl Pts',(10.7723385733877,41.2971973663958,1.));
#9973=CARTESIAN_POINT('Ctrl Pts',(10.7723385733877,41.2971973663958,5.));
#9974=CARTESIAN_POINT('Origin',(15.8842075509344,42.3272110766561,4.));
#9975=CARTESIAN_POINT('',(15.8842075509344,42.3272110766561,4.));
#9976=CARTESIAN_POINT('',(15.619542066506,42.3272110766561,4.));
#9977=CARTESIAN_POINT('Origin',(15.8842075509344,41.1716857797296,4.));
#9978=CARTESIAN_POINT('',(15.8842075509344,41.1716857797296,4.));
#9979=CARTESIAN_POINT('Ctrl Pts',(15.8159948033605,40.6928317493589,1.));
#9980=CARTESIAN_POINT('Ctrl Pts',(15.8159948033605,40.6928317493589,5.));
#9981=CARTESIAN_POINT('Ctrl Pts',(15.8358215675172,40.7618707225458,1.));
#9982=CARTESIAN_POINT('Ctrl Pts',(15.8358215675172,40.7618707225458,5.));
#9983=CARTESIAN_POINT('Ctrl Pts',(15.8806884820076,40.9181022529159,1.));
#9984=CARTESIAN_POINT('Ctrl Pts',(15.8806884820076,40.9181022529159,5.));
#9985=CARTESIAN_POINT('Ctrl Pts',(15.8829470486492,41.0808541928284,1.));
#9986=CARTESIAN_POINT('Ctrl Pts',(15.8829470486492,41.0808541928284,5.));
#9987=CARTESIAN_POINT('Ctrl Pts',(15.8842075509344,41.1716857797296,1.));
#9988=CARTESIAN_POINT('Ctrl Pts',(15.8842075509344,41.1716857797296,5.));
#9989=CARTESIAN_POINT('',(15.8159948033605,40.6928317493589,4.));
#9990=CARTESIAN_POINT('Ctrl Pts',(15.5697465581213,40.4042914754541,1.));
#9991=CARTESIAN_POINT('Ctrl Pts',(15.5697465581213,40.4042914754541,5.));
#9992=CARTESIAN_POINT('Ctrl Pts',(15.6241864554152,40.4432762768728,1.));
#9993=CARTESIAN_POINT('Ctrl Pts',(15.6241864554152,40.4432762768728,5.));
#9994=CARTESIAN_POINT('Ctrl Pts',(15.7302157798637,40.5192046375724,1.));
#9995=CARTESIAN_POINT('Ctrl Pts',(15.7302157798637,40.5192046375724,5.));
#9996=CARTESIAN_POINT('Ctrl Pts',(15.7879188882865,40.6360027036745,1.));
#9997=CARTESIAN_POINT('Ctrl Pts',(15.7879188882865,40.6360027036745,5.));
#9998=CARTESIAN_POINT('Ctrl Pts',(15.8159948033605,40.6928317493589,1.));
#9999=CARTESIAN_POINT('Ctrl Pts',(15.8159948033605,40.6928317493589,5.));
#10000=CARTESIAN_POINT('',(15.5697465581213,40.4042914754541,4.));
#10001=CARTESIAN_POINT('Ctrl Pts',(15.1024890584264,40.2931046730669,1.));
#10002=CARTESIAN_POINT('Ctrl Pts',(15.1024890584264,40.2931046730669,5.));
#10003=CARTESIAN_POINT('Ctrl Pts',(15.1912357489005,40.2959628588331,1.));
#10004=CARTESIAN_POINT('Ctrl Pts',(15.1912357489005,40.2959628588331,5.));
#10005=CARTESIAN_POINT('Ctrl Pts',(15.3549508382152,40.3012354851756,1.));
#10006=CARTESIAN_POINT('Ctrl Pts',(15.3549508382152,40.3012354851756,5.));
#10007=CARTESIAN_POINT('Ctrl Pts',(15.5022810986392,40.3719224890536,1.));
#10008=CARTESIAN_POINT('Ctrl Pts',(15.5022810986392,40.3719224890536,5.));
#10009=CARTESIAN_POINT('Ctrl Pts',(15.5697465581213,40.4042914754541,1.));
#10010=CARTESIAN_POINT('Ctrl Pts',(15.5697465581213,40.4042914754541,5.));
#10011=CARTESIAN_POINT('',(15.1024890584264,40.2931046730669,4.));
#10012=CARTESIAN_POINT('Ctrl Pts',(14.6427345914159,40.3899668401869,1.));
#10013=CARTESIAN_POINT('Ctrl Pts',(14.6427345914159,40.3899668401869,5.));
#10014=CARTESIAN_POINT('Ctrl Pts',(14.7099509643009,40.3617679462296,1.));
#10015=CARTESIAN_POINT('Ctrl Pts',(14.7099509643009,40.3617679462296,5.));
#10016=CARTESIAN_POINT('Ctrl Pts',(14.8567132449115,40.3001976202773,1.));
#10017=CARTESIAN_POINT('Ctrl Pts',(14.8567132449115,40.3001976202773,5.));
#10018=CARTESIAN_POINT('Ctrl Pts',(15.0161004026435,40.2955977994909,1.));
#10019=CARTESIAN_POINT('Ctrl Pts',(15.0161004026435,40.2955977994909,5.));
#10020=CARTESIAN_POINT('Ctrl Pts',(15.1024890584264,40.2931046730669,1.));
#10021=CARTESIAN_POINT('Ctrl Pts',(15.1024890584264,40.2931046730669,5.));
#10022=CARTESIAN_POINT('',(14.6427345914159,40.3899668401869,4.));
#10023=CARTESIAN_POINT('Ctrl Pts',(14.387618367127,40.6703216082247,1.));
#10024=CARTESIAN_POINT('Ctrl Pts',(14.387618367127,40.6703216082247,5.));
#10025=CARTESIAN_POINT('Ctrl Pts',(14.4175286575212,40.6126695941786,1.));
#10026=CARTESIAN_POINT('Ctrl Pts',(14.4175286575212,40.6126695941786,5.));
#10027=CARTESIAN_POINT('Ctrl Pts',(14.4777180004843,40.496654777866,1.));
#10028=CARTESIAN_POINT('Ctrl Pts',(14.4777180004843,40.496654777866,5.));
#10029=CARTESIAN_POINT('Ctrl Pts',(14.587504850663,40.4256744445327,1.));
#10030=CARTESIAN_POINT('Ctrl Pts',(14.587504850663,40.4256744445327,5.));
#10031=CARTESIAN_POINT('Ctrl Pts',(14.6427345914159,40.3899668401869,1.));
#10032=CARTESIAN_POINT('Ctrl Pts',(14.6427345914159,40.3899668401869,5.));
#10033=CARTESIAN_POINT('Origin',(15.619542066506,42.3272110766561,4.));
#10034=CARTESIAN_POINT('Ctrl Pts',(30.0874829930578,41.338125193754,1.));
#10035=CARTESIAN_POINT('Ctrl Pts',(30.0874829930578,41.338125193754,5.));
#10036=CARTESIAN_POINT('Ctrl Pts',(30.0848756270686,41.4229768571668,1.));
#10037=CARTESIAN_POINT('Ctrl Pts',(30.0848756270686,41.4229768571668,5.));
#10038=CARTESIAN_POINT('Ctrl Pts',(30.0798955634419,41.5850433581446,1.));
#10039=CARTESIAN_POINT('Ctrl Pts',(30.0798955634419,41.5850433581446,5.));
#10040=CARTESIAN_POINT('Ctrl Pts',(30.031903712341,41.7398246290964,1.));
#10041=CARTESIAN_POINT('Ctrl Pts',(30.031903712341,41.7398246290964,5.));
#10042=CARTESIAN_POINT('Ctrl Pts',(30.0090385121618,41.8135684973391,1.));
#10043=CARTESIAN_POINT('Ctrl Pts',(30.0090385121618,41.8135684973391,5.));
#10044=CARTESIAN_POINT('',(30.0090385121618,41.8135684973391,4.));
#10045=CARTESIAN_POINT('Ctrl Pts',(30.0090385121618,41.8135684973391,1.));
#10046=CARTESIAN_POINT('Ctrl Pts',(30.0090385121618,41.8135684973391,5.));
#10047=CARTESIAN_POINT('Ctrl Pts',(29.9800709134184,41.8793891671482,1.));
#10048=CARTESIAN_POINT('Ctrl Pts',(29.9800709134184,41.8793891671482,5.));
#10049=CARTESIAN_POINT('Ctrl Pts',(29.9231905900989,42.0086336037689,1.));
#10050=CARTESIAN_POINT('Ctrl Pts',(29.9231905900989,42.0086336037689,5.));
#10051=CARTESIAN_POINT('Ctrl Pts',(29.8219988563231,42.1070292725511,1.));
#10052=CARTESIAN_POINT('Ctrl Pts',(29.8219988563231,42.1070292725511,5.));
#10053=CARTESIAN_POINT('Ctrl Pts',(29.7723413152014,42.155314708391,1.));
#10054=CARTESIAN_POINT('Ctrl Pts',(29.7723413152014,42.155314708391,5.));
#10055=CARTESIAN_POINT('',(29.7723413152014,42.155314708391,4.));
#10056=CARTESIAN_POINT('Ctrl Pts',(29.7723413152014,42.155314708391,1.));
#10057=CARTESIAN_POINT('Ctrl Pts',(29.7723413152014,42.155314708391,5.));
#10058=CARTESIAN_POINT('Ctrl Pts',(29.7290553223806,42.1873633642919,1.));
#10059=CARTESIAN_POINT('Ctrl Pts',(29.7290553223806,42.1873633642919,5.));
#10060=CARTESIAN_POINT('Ctrl Pts',(29.6401734592115,42.2531708937701,1.));
#10061=CARTESIAN_POINT('Ctrl Pts',(29.6401734592115,42.2531708937701,5.));
#10062=CARTESIAN_POINT('Ctrl Pts',(29.5336634692524,42.2831715155146,1.));
#10063=CARTESIAN_POINT('Ctrl Pts',(29.5336634692524,42.2831715155146,5.));
#10064=CARTESIAN_POINT('Ctrl Pts',(29.4790244740759,42.29856165711,1.));
#10065=CARTESIAN_POINT('Ctrl Pts',(29.4790244740759,42.29856165711,5.));
#10066=CARTESIAN_POINT('',(29.4790244740759,42.29856165711,4.));
#10067=CARTESIAN_POINT('Ctrl Pts',(29.4790244740759,42.29856165711,1.));
#10068=CARTESIAN_POINT('Ctrl Pts',(29.4790244740759,42.29856165711,5.));
#10069=CARTESIAN_POINT('Ctrl Pts',(29.4289890110836,42.3068707171064,1.));
#10070=CARTESIAN_POINT('Ctrl Pts',(29.4289890110836,42.3068707171064,5.));
#10071=CARTESIAN_POINT('Ctrl Pts',(29.3111848917546,42.3264336717948,1.));
#10072=CARTESIAN_POINT('Ctrl Pts',(29.3111848917546,42.3264336717948,5.));
#10073=CARTESIAN_POINT('Ctrl Pts',(29.1916915198039,42.3269271789632,1.));
#10074=CARTESIAN_POINT('Ctrl Pts',(29.1916915198039,42.3269271789632,5.));
#10075=CARTESIAN_POINT('Ctrl Pts',(29.1229510945593,42.3272110766561,1.));
#10076=CARTESIAN_POINT('Ctrl Pts',(29.1229510945593,42.3272110766561,5.));
#10077=CARTESIAN_POINT('',(29.1229510945593,42.3272110766561,4.));
#10078=CARTESIAN_POINT('Origin',(29.1229510945593,42.3272110766561,4.));
#10079=CARTESIAN_POINT('',(28.4340024632726,42.3272110766561,4.));
#10080=CARTESIAN_POINT('Origin',(28.4340024632726,42.3272110766561,4.));
#10081=CARTESIAN_POINT('Ctrl Pts',(29.8146320027624,41.3422179466875,1.));
#10082=CARTESIAN_POINT('Ctrl Pts',(29.8146320027624,41.3422179466875,5.));
#10083=CARTESIAN_POINT('Ctrl Pts',(29.8131949167715,41.2719378110991,1.));
#10084=CARTESIAN_POINT('Ctrl Pts',(29.8131949167715,41.2719378110991,5.));
#10085=CARTESIAN_POINT('Ctrl Pts',(29.8105248002403,41.1413567929549,1.));
#10086=CARTESIAN_POINT('Ctrl Pts',(29.8105248002403,41.1413567929549,5.));
#10087=CARTESIAN_POINT('Ctrl Pts',(29.7774034610836,41.0151133455883,1.));
#10088=CARTESIAN_POINT('Ctrl Pts',(29.7774034610836,41.0151133455883,5.));
#10089=CARTESIAN_POINT('Ctrl Pts',(29.7621083897863,40.9568155056627,1.));
#10090=CARTESIAN_POINT('Ctrl Pts',(29.7621083897863,40.9568155056627,5.));
#10091=CARTESIAN_POINT('',(29.7621083897863,40.9568155056627,4.));
#10092=CARTESIAN_POINT('Ctrl Pts',(29.7621083897863,40.9568155056627,1.));
#10093=CARTESIAN_POINT('Ctrl Pts',(29.7621083897863,40.9568155056627,5.));
#10094=CARTESIAN_POINT('Ctrl Pts',(29.7439019303678,40.9076060668887,1.));
#10095=CARTESIAN_POINT('Ctrl Pts',(29.7439019303678,40.9076060668887,5.));
#10096=CARTESIAN_POINT('Ctrl Pts',(29.7095294448449,40.8147021868443,1.));
#10097=CARTESIAN_POINT('Ctrl Pts',(29.7095294448449,40.8147021868443,5.));
#10098=CARTESIAN_POINT('Ctrl Pts',(29.6455420566124,40.7392380221479,1.));
#10099=CARTESIAN_POINT('Ctrl Pts',(29.6455420566124,40.7392380221479,5.));
#10100=CARTESIAN_POINT('Ctrl Pts',(29.6154475850378,40.7037458068521,1.));
#10101=CARTESIAN_POINT('Ctrl Pts',(29.6154475850378,40.7037458068521,5.));
#10102=CARTESIAN_POINT('',(29.6154475850378,40.7037458068521,4.));
#10103=CARTESIAN_POINT('Ctrl Pts',(29.6154475850378,40.7037458068521,1.));
#10104=CARTESIAN_POINT('Ctrl Pts',(29.6154475850378,40.7037458068521,5.));
#10105=CARTESIAN_POINT('Ctrl Pts',(29.5902736206253,40.6824025554902,1.));
#10106=CARTESIAN_POINT('Ctrl Pts',(29.5902736206253,40.6824025554902,5.));
#10107=CARTESIAN_POINT('Ctrl Pts',(29.5368017070547,40.6370674436485,1.));
#10108=CARTESIAN_POINT('Ctrl Pts',(29.5368017070547,40.6370674436485,5.));
#10109=CARTESIAN_POINT('Ctrl Pts',(29.4709182104484,40.6128686264306,1.));
#10110=CARTESIAN_POINT('Ctrl Pts',(29.4709182104484,40.6128686264306,5.));
#10111=CARTESIAN_POINT('Ctrl Pts',(29.4360519093786,40.6000623351725,1.));
#10112=CARTESIAN_POINT('Ctrl Pts',(29.4360519093786,40.6000623351725,5.));
#10113=CARTESIAN_POINT('',(29.4360519093786,40.6000623351725,4.));
#10114=CARTESIAN_POINT('Ctrl Pts',(29.4360519093786,40.6000623351725,1.));
#10115=CARTESIAN_POINT('Ctrl Pts',(29.4360519093786,40.6000623351725,5.));
#10116=CARTESIAN_POINT('Ctrl Pts',(29.3916210267718,40.5893632797298,1.));
#10117=CARTESIAN_POINT('Ctrl Pts',(29.3916210267718,40.5893632797298,5.));
#10118=CARTESIAN_POINT('Ctrl Pts',(29.2897398528785,40.564830066251,1.));
#10119=CARTESIAN_POINT('Ctrl Pts',(29.2897398528785,40.564830066251,5.));
#10120=CARTESIAN_POINT('Ctrl Pts',(29.1848373661584,40.5638052810679,1.));
#10121=CARTESIAN_POINT('Ctrl Pts',(29.1848373661584,40.5638052810679,5.));
#10122=CARTESIAN_POINT('Ctrl Pts',(29.1256833714758,40.5632274097593,1.));
#10123=CARTESIAN_POINT('Ctrl Pts',(29.1256833714758,40.5632274097593,5.));
#10124=CARTESIAN_POINT('',(29.1256833714758,40.5632274097593,4.));
#10125=CARTESIAN_POINT('Origin',(29.1256833714758,40.5632274097593,4.));
#10126=CARTESIAN_POINT('Origin',(21.2020791215215,41.4868289477022,4.));
#10127=CARTESIAN_POINT('',(21.2020791215215,41.4868289477022,4.));
#10128=CARTESIAN_POINT('',(20.7696104687963,41.4868289477022,4.));
#10129=CARTESIAN_POINT('Ctrl Pts',(21.4544666451727,41.5100214130075,1.));
#10130=CARTESIAN_POINT('Ctrl Pts',(21.4544666451727,41.5100214130075,5.));
#10131=CARTESIAN_POINT('Ctrl Pts',(21.4207963059593,41.5033159181463,1.));
#10132=CARTESIAN_POINT('Ctrl Pts',(21.4207963059593,41.5033159181463,5.));
#10133=CARTESIAN_POINT('Ctrl Pts',(21.3375916280108,41.4867455908657,1.));
#10134=CARTESIAN_POINT('Ctrl Pts',(21.3375916280108,41.4867455908657,5.));
#10135=CARTESIAN_POINT('Ctrl Pts',(21.2526484459522,41.4867978413562,1.));
#10136=CARTESIAN_POINT('Ctrl Pts',(21.2526484459522,41.4867978413562,5.));
#10137=CARTESIAN_POINT('Ctrl Pts',(21.2020791215215,41.4868289477022,1.));
#10138=CARTESIAN_POINT('Ctrl Pts',(21.2020791215215,41.4868289477022,5.));
#10139=CARTESIAN_POINT('',(21.4544666451727,41.5100214130075,4.));
#10140=CARTESIAN_POINT('Ctrl Pts',(21.6065812749181,41.6096121317537,1.));
#10141=CARTESIAN_POINT('Ctrl Pts',(21.6065812749181,41.6096121317537,5.));
#10142=CARTESIAN_POINT('Ctrl Pts',(21.5866331830466,41.5878367657537,1.));
#10143=CARTESIAN_POINT('Ctrl Pts',(21.5866331830466,41.5878367657537,5.));
#10144=CARTESIAN_POINT('Ctrl Pts',(21.5444823943,41.5418249036641,1.));
#10145=CARTESIAN_POINT('Ctrl Pts',(21.5444823943,41.5418249036641,5.));
#10146=CARTESIAN_POINT('Ctrl Pts',(21.4855231197762,41.5209939851347,1.));
#10147=CARTESIAN_POINT('Ctrl Pts',(21.4855231197762,41.5209939851347,5.));
#10148=CARTESIAN_POINT('Ctrl Pts',(21.4544666451727,41.5100214130075,1.));
#10149=CARTESIAN_POINT('Ctrl Pts',(21.4544666451727,41.5100214130075,5.));
#10150=CARTESIAN_POINT('Origin',(20.7696104687963,41.4868289477022,4.));
#10151=CARTESIAN_POINT('Origin',(21.2675631684576,40.5632274097593,4.));
#10152=CARTESIAN_POINT('',(21.2675631684576,40.5632274097593,4.));
#10153=CARTESIAN_POINT('',(20.7696104687963,40.5632274097593,4.));
#10154=CARTESIAN_POINT('Ctrl Pts',(21.4476454896246,40.5727772659452,1.));
#10155=CARTESIAN_POINT('Ctrl Pts',(21.4476454896246,40.5727772659452,5.));
#10156=CARTESIAN_POINT('Ctrl Pts',(21.4240209655267,40.5700208489733,1.));
#10157=CARTESIAN_POINT('Ctrl Pts',(21.4240209655267,40.5700208489733,5.));
#10158=CARTESIAN_POINT('Ctrl Pts',(21.3642261441999,40.5630442233425,1.));
#10159=CARTESIAN_POINT('Ctrl Pts',(21.3642261441999,40.5630442233425,5.));
#10160=CARTESIAN_POINT('Ctrl Pts',(21.3039964956524,40.5631583648059,1.));
#10161=CARTESIAN_POINT('Ctrl Pts',(21.3039964956524,40.5631583648059,5.));
#10162=CARTESIAN_POINT('Ctrl Pts',(21.2675631684576,40.5632274097593,1.));
#10163=CARTESIAN_POINT('Ctrl Pts',(21.2675631684576,40.5632274097593,5.));
#10164=CARTESIAN_POINT('',(21.4476454896246,40.5727772659452,4.));
#10165=CARTESIAN_POINT('Ctrl Pts',(21.6004419965063,40.6273474043997,1.));
#10166=CARTESIAN_POINT('Ctrl Pts',(21.6004419965063,40.6273474043997,5.));
#10167=CARTESIAN_POINT('Ctrl Pts',(21.5778610741894,40.6153774130337,1.));
#10168=CARTESIAN_POINT('Ctrl Pts',(21.5778610741894,40.6153774130337,5.));
#10169=CARTESIAN_POINT('Ctrl Pts',(21.5296166148661,40.5898033574903,1.));
#10170=CARTESIAN_POINT('Ctrl Pts',(21.5296166148661,40.5898033574903,5.));
#10171=CARTESIAN_POINT('Ctrl Pts',(21.476108837443,40.5786893424747,1.));
#10172=CARTESIAN_POINT('Ctrl Pts',(21.476108837443,40.5786893424747,5.));
#10173=CARTESIAN_POINT('Ctrl Pts',(21.4476454896246,40.5727772659452,1.));
#10174=CARTESIAN_POINT('Ctrl Pts',(21.4476454896246,40.5727772659452,5.));
#10175=CARTESIAN_POINT('',(21.6004419965063,40.6273474043997,4.));
#10176=CARTESIAN_POINT('Ctrl Pts',(21.7013967675482,40.7385343557985,1.));
#10177=CARTESIAN_POINT('Ctrl Pts',(21.7013967675482,40.7385343557985,5.));
#10178=CARTESIAN_POINT('Ctrl Pts',(21.6876959279266,40.7159068770066,1.));
#10179=CARTESIAN_POINT('Ctrl Pts',(21.6876959279266,40.7159068770066,5.));
#10180=CARTESIAN_POINT('Ctrl Pts',(21.6612533086421,40.6722358448954,1.));
#10181=CARTESIAN_POINT('Ctrl Pts',(21.6612533086421,40.6722358448954,5.));
#10182=CARTESIAN_POINT('Ctrl Pts',(21.6202163036557,40.6419439947156,1.));
#10183=CARTESIAN_POINT('Ctrl Pts',(21.6202163036557,40.6419439947156,5.));
#10184=CARTESIAN_POINT('Ctrl Pts',(21.6004419965063,40.6273474043997,1.));
#10185=CARTESIAN_POINT('Ctrl Pts',(21.6004419965063,40.6273474043997,5.));
#10186=CARTESIAN_POINT('Origin',(20.7696104687963,40.5632274097593,4.));
#10187=CARTESIAN_POINT('Origin',(20.5049443883215,42.3272110766561,4.));
#10188=CARTESIAN_POINT('',(20.5049443883215,42.3272110766561,4.));
#10189=CARTESIAN_POINT('',(20.5049443883215,40.3272110468538,4.));
#10190=CARTESIAN_POINT('Origin',(21.2552858037267,42.3272110766561,4.));
#10191=CARTESIAN_POINT('',(21.2552858037267,42.3272110766561,4.));
#10192=CARTESIAN_POINT('Ctrl Pts',(21.6229522866522,42.2665016597898,1.));
#10193=CARTESIAN_POINT('Ctrl Pts',(21.6229522866522,42.2665016597898,5.));
#10194=CARTESIAN_POINT('Ctrl Pts',(21.5696711630086,42.2841574031993,1.));
#10195=CARTESIAN_POINT('Ctrl Pts',(21.5696711630086,42.2841574031993,5.));
#10196=CARTESIAN_POINT('Ctrl Pts',(21.4505067372905,42.3236448685556,1.));
#10197=CARTESIAN_POINT('Ctrl Pts',(21.4505067372905,42.3236448685556,5.));
#10198=CARTESIAN_POINT('Ctrl Pts',(21.3247911140091,42.3259413849482,1.));
#10199=CARTESIAN_POINT('Ctrl Pts',(21.3247911140091,42.3259413849482,5.));
#10200=CARTESIAN_POINT('Ctrl Pts',(21.2552858037267,42.3272110766561,1.));
#10201=CARTESIAN_POINT('Ctrl Pts',(21.2552858037267,42.3272110766561,5.));
#10202=CARTESIAN_POINT('',(21.6229522866522,42.2665016597898,4.));
#10203=CARTESIAN_POINT('Ctrl Pts',(21.8398690861974,42.079598481098,1.));
#10204=CARTESIAN_POINT('Ctrl Pts',(21.8398690861974,42.079598481098,5.));
#10205=CARTESIAN_POINT('Ctrl Pts',(21.8111130846752,42.1189810954206,1.));
#10206=CARTESIAN_POINT('Ctrl Pts',(21.8111130846752,42.1189810954206,5.));
#10207=CARTESIAN_POINT('Ctrl Pts',(21.7533321393715,42.1981146523698,1.));
#10208=CARTESIAN_POINT('Ctrl Pts',(21.7533321393715,42.1981146523698,5.));
#10209=CARTESIAN_POINT('Ctrl Pts',(21.6665468853055,42.2436353650411,1.));
#10210=CARTESIAN_POINT('Ctrl Pts',(21.6665468853055,42.2436353650411,5.));
#10211=CARTESIAN_POINT('Ctrl Pts',(21.6229522866522,42.2665016597898,1.));
#10212=CARTESIAN_POINT('Ctrl Pts',(21.6229522866522,42.2665016597898,5.));
#10213=CARTESIAN_POINT('',(21.8398690861974,42.079598481098,4.));
#10214=CARTESIAN_POINT('Ctrl Pts',(21.9183135670934,41.8156148738058,1.));
#10215=CARTESIAN_POINT('Ctrl Pts',(21.9183135670934,41.8156148738058,5.));
#10216=CARTESIAN_POINT('Ctrl Pts',(21.9147914883177,41.8614650579604,1.));
#10217=CARTESIAN_POINT('Ctrl Pts',(21.9147914883177,41.8614650579604,5.));
#10218=CARTESIAN_POINT('Ctrl Pts',(21.9076037107815,41.9550350615518,1.));
#10219=CARTESIAN_POINT('Ctrl Pts',(21.9076037107815,41.9550350615518,5.));
#10220=CARTESIAN_POINT('Ctrl Pts',(21.8627460633604,42.037527907565,1.));
#10221=CARTESIAN_POINT('Ctrl Pts',(21.8627460633604,42.037527907565,5.));
#10222=CARTESIAN_POINT('Ctrl Pts',(21.8398690861974,42.079598481098,1.));
#10223=CARTESIAN_POINT('Ctrl Pts',(21.8398690861974,42.079598481098,5.));
#10224=CARTESIAN_POINT('',(21.9183135670934,41.8156148738058,4.));
#10225=CARTESIAN_POINT('Ctrl Pts',(21.8487370652471,41.5741414076479,1.));
#10226=CARTESIAN_POINT('Ctrl Pts',(21.8487370652471,41.5741414076479,5.));
#10227=CARTESIAN_POINT('Ctrl Pts',(21.8690298390146,41.6123054270761,1.));
#10228=CARTESIAN_POINT('Ctrl Pts',(21.8690298390146,41.6123054270761,5.));
#10229=CARTESIAN_POINT('Ctrl Pts',(21.9092354993966,41.6879190233998,1.));
#10230=CARTESIAN_POINT('Ctrl Pts',(21.9092354993966,41.6879190233998,5.));
#10231=CARTESIAN_POINT('Ctrl Pts',(21.9153066658665,41.7733185589859,1.));
#10232=CARTESIAN_POINT('Ctrl Pts',(21.9153066658665,41.7733185589859,5.));
#10233=CARTESIAN_POINT('Ctrl Pts',(21.9183135670934,41.8156148738058,1.));
#10234=CARTESIAN_POINT('Ctrl Pts',(21.9183135670934,41.8156148738058,5.));
#10235=CARTESIAN_POINT('Origin',(20.5049443883215,40.3272110468538,4.));
#10236=CARTESIAN_POINT('Origin',(25.9033072633062,40.3272110468538,4.));
#10237=CARTESIAN_POINT('',(26.2048078221594,40.3272110468538,4.));
#10238=CARTESIAN_POINT('Origin',(26.2048078221594,40.3272110468538,4.));
#10239=CARTESIAN_POINT('',(25.3862536591802,42.3272110766561,4.));
#10240=CARTESIAN_POINT('Origin',(25.3862536591802,42.3272110766561,4.));
#10241=CARTESIAN_POINT('',(25.1011241120611,42.3272110766561,4.));
#10242=CARTESIAN_POINT('Origin',(25.1011241120611,42.3272110766561,4.));
#10243=CARTESIAN_POINT('Ctrl Pts',(25.2375496072088,42.1171155816706,1.));
#10244=CARTESIAN_POINT('Ctrl Pts',(25.2375496072088,42.1171155816706,5.));
#10245=CARTESIAN_POINT('Ctrl Pts',(25.2565616537406,42.0553125626582,1.));
#10246=CARTESIAN_POINT('Ctrl Pts',(25.2565616537406,42.0553125626582,5.));
#10247=CARTESIAN_POINT('Ctrl Pts',(25.2995397478564,41.9156024076619,1.));
#10248=CARTESIAN_POINT('Ctrl Pts',(25.2995397478564,41.9156024076619,5.));
#10249=CARTESIAN_POINT('Ctrl Pts',(25.3508308435328,41.7787147573038,1.));
#10250=CARTESIAN_POINT('Ctrl Pts',(25.3508308435328,41.7787147573038,5.));
#10251=CARTESIAN_POINT('Ctrl Pts',(25.3794325036321,41.7023815459402,1.));
#10252=CARTESIAN_POINT('Ctrl Pts',(25.3794325036321,41.7023815459402,5.));
#10253=CARTESIAN_POINT('',(25.3794325036321,41.7023815459402,4.));
#10254=CARTESIAN_POINT('Origin',(25.3794325036321,41.7023815459402,4.));
#10255=CARTESIAN_POINT('',(25.5881643933569,41.1484934634359,4.));
#10256=CARTESIAN_POINT('Origin',(25.5881643933569,41.1484934634359,4.));
#10257=CARTESIAN_POINT('Origin',(27.2539199036871,41.4445370680483,4.));
#10258=CARTESIAN_POINT('',(27.2539199036871,41.4445370680483,4.));
#10259=CARTESIAN_POINT('',(26.6850257558141,41.4445370680483,4.));
#10260=CARTESIAN_POINT('Ctrl Pts',(27.5376856965337,41.4820541686209,1.));
#10261=CARTESIAN_POINT('Ctrl Pts',(27.5376856965337,41.4820541686209,5.));
#10262=CARTESIAN_POINT('Ctrl Pts',(27.4972026379164,41.4711567682731,1.));
#10263=CARTESIAN_POINT('Ctrl Pts',(27.4972026379164,41.4711567682731,5.));
#10264=CARTESIAN_POINT('Ctrl Pts',(27.4044003528982,41.446175858046,1.));
#10265=CARTESIAN_POINT('Ctrl Pts',(27.4044003528982,41.446175858046,5.));
#10266=CARTESIAN_POINT('Ctrl Pts',(27.3081711350462,41.445127884834,1.));
#10267=CARTESIAN_POINT('Ctrl Pts',(27.3081711350462,41.445127884834,5.));
#10268=CARTESIAN_POINT('Ctrl Pts',(27.2539199036871,41.4445370680483,1.));
#10269=CARTESIAN_POINT('Ctrl Pts',(27.2539199036871,41.4445370680483,5.));
#10270=CARTESIAN_POINT('',(27.5376856965337,41.4820541686209,4.));
#10271=CARTESIAN_POINT('Ctrl Pts',(27.6932120961462,41.6021086520346,1.));
#10272=CARTESIAN_POINT('Ctrl Pts',(27.6932120961462,41.6021086520346,5.));
#10273=CARTESIAN_POINT('Ctrl Pts',(27.6729732328527,41.5763085598614,1.));
#10274=CARTESIAN_POINT('Ctrl Pts',(27.6729732328527,41.5763085598614,5.));
#10275=CARTESIAN_POINT('Ctrl Pts',(27.6313234362862,41.5232142444925,1.));
#10276=CARTESIAN_POINT('Ctrl Pts',(27.6313234362862,41.5232142444925,5.));
#10277=CARTESIAN_POINT('Ctrl Pts',(27.5694784049718,41.496029199361,1.));
#10278=CARTESIAN_POINT('Ctrl Pts',(27.5694784049718,41.496029199361,5.));
#10279=CARTESIAN_POINT('Ctrl Pts',(27.5376856965337,41.4820541686209,1.));
#10280=CARTESIAN_POINT('Ctrl Pts',(27.5376856965337,41.4820541686209,5.));
#10281=CARTESIAN_POINT('Origin',(26.6850257558141,41.4445370680483,4.));
#10282=CARTESIAN_POINT('Origin',(26.4203596753393,42.3272110766561,4.));
#10283=CARTESIAN_POINT('',(26.4203596753393,42.3272110766561,4.));
#10284=CARTESIAN_POINT('',(26.4203596753393,40.3272110468538,4.));
#10285=CARTESIAN_POINT('Origin',(27.3071265858923,42.3272110766561,4.));
#10286=CARTESIAN_POINT('',(27.3071265858923,42.3272110766561,4.));
#10287=CARTESIAN_POINT('Ctrl Pts',(27.7136731786047,42.2733228153379,1.));
#10288=CARTESIAN_POINT('Ctrl Pts',(27.7136731786047,42.2733228153379,5.));
#10289=CARTESIAN_POINT('Ctrl Pts',(27.6569168148314,42.2889574733782,1.));
#10290=CARTESIAN_POINT('Ctrl Pts',(27.6569168148314,42.2889574733782,5.));
#10291=CARTESIAN_POINT('Ctrl Pts',(27.524110924582,42.3255414710438,1.));
#10292=CARTESIAN_POINT('Ctrl Pts',(27.524110924582,42.3255414710438,5.));
#10293=CARTESIAN_POINT('Ctrl Pts',(27.3861360579414,42.3266031311299,1.));
#10294=CARTESIAN_POINT('Ctrl Pts',(27.3861360579414,42.3266031311299,5.));
#10295=CARTESIAN_POINT('Ctrl Pts',(27.3071265858923,42.3272110766561,1.));
#10296=CARTESIAN_POINT('Ctrl Pts',(27.3071265858923,42.3272110766561,5.));
#10297=CARTESIAN_POINT('',(27.7136731786047,42.2733228153379,4.));
#10298=CARTESIAN_POINT('Ctrl Pts',(27.9360485715185,42.083009058872,1.));
#10299=CARTESIAN_POINT('Ctrl Pts',(27.9360485715185,42.083009058872,5.));
#10300=CARTESIAN_POINT('Ctrl Pts',(27.9064229970057,42.1248699301359,1.));
#10301=CARTESIAN_POINT('Ctrl Pts',(27.9064229970057,42.1248699301359,5.));
#10302=CARTESIAN_POINT('Ctrl Pts',(27.8482507452104,42.2070671932634,1.));
#10303=CARTESIAN_POINT('Ctrl Pts',(27.8482507452104,42.2070671932634,5.));
#10304=CARTESIAN_POINT('Ctrl Pts',(27.7579742603202,42.2515123769293,1.));
#10305=CARTESIAN_POINT('Ctrl Pts',(27.7579742603202,42.2515123769293,5.));
#10306=CARTESIAN_POINT('Ctrl Pts',(27.7136731786047,42.2733228153379,1.));
#10307=CARTESIAN_POINT('Ctrl Pts',(27.7136731786047,42.2733228153379,5.));
#10308=CARTESIAN_POINT('',(27.9360485715185,42.083009058872,4.));
#10309=CARTESIAN_POINT('Ctrl Pts',(28.0192685765539,41.7815085000189,1.));
#10310=CARTESIAN_POINT('Ctrl Pts',(28.0192685765539,41.7815085000189,5.));
#10311=CARTESIAN_POINT('Ctrl Pts',(28.0159219308859,41.8351410630128,1.));
#10312=CARTESIAN_POINT('Ctrl Pts',(28.0159219308859,41.8351410630128,5.));
#10313=CARTESIAN_POINT('Ctrl Pts',(28.0092855819179,41.9414936438925,1.));
#10314=CARTESIAN_POINT('Ctrl Pts',(28.0092855819179,41.9414936438925,5.));
#10315=CARTESIAN_POINT('Ctrl Pts',(27.9603208630893,42.0361078623948,1.));
#10316=CARTESIAN_POINT('Ctrl Pts',(27.9603208630893,42.0361078623948,5.));
#10317=CARTESIAN_POINT('Ctrl Pts',(27.9360485715185,42.083009058872,1.));
#10318=CARTESIAN_POINT('Ctrl Pts',(27.9360485715185,42.083009058872,5.));
#10319=CARTESIAN_POINT('',(28.0192685765539,41.7815085000189,4.));
#10320=CARTESIAN_POINT('Ctrl Pts',(27.8814769429479,41.4227089530619,1.));
#10321=CARTESIAN_POINT('Ctrl Pts',(27.8814769429479,41.4227089530619,5.));
#10322=CARTESIAN_POINT('Ctrl Pts',(27.9216637661799,41.4747130525519,1.));
#10323=CARTESIAN_POINT('Ctrl Pts',(27.9216637661799,41.4747130525519,5.));
#10324=CARTESIAN_POINT('Ctrl Pts',(28.0033671704868,41.5804420359485,1.));
#10325=CARTESIAN_POINT('Ctrl Pts',(28.0033671704868,41.5804420359485,5.));
#10326=CARTESIAN_POINT('Ctrl Pts',(28.0139109065936,41.713763059771,1.));
#10327=CARTESIAN_POINT('Ctrl Pts',(28.0139109065936,41.713763059771,5.));
#10328=CARTESIAN_POINT('Ctrl Pts',(28.0192685765539,41.7815085000189,1.));
#10329=CARTESIAN_POINT('Ctrl Pts',(28.0192685765539,41.7815085000189,5.));
#10330=CARTESIAN_POINT('',(27.8814769429479,41.4227089530619,4.));
#10331=CARTESIAN_POINT('Ctrl Pts',(27.4558306378637,41.2371701246889,1.));
#10332=CARTESIAN_POINT('Ctrl Pts',(27.4558306378637,41.2371701246889,5.));
#10333=CARTESIAN_POINT('Ctrl Pts',(27.5426049863017,41.2519348022282,1.));
#10334=CARTESIAN_POINT('Ctrl Pts',(27.5426049863017,41.2519348022282,5.));
#10335=CARTESIAN_POINT('Ctrl Pts',(27.700453438188,41.2787927566137,1.));
#10336=CARTESIAN_POINT('Ctrl Pts',(27.700453438188,41.2787927566137,5.));
#10337=CARTESIAN_POINT('Ctrl Pts',(27.8252741660522,41.3780269660935,1.));
#10338=CARTESIAN_POINT('Ctrl Pts',(27.8252741660522,41.3780269660935,5.));
#10339=CARTESIAN_POINT('Ctrl Pts',(27.8814769429479,41.4227089530619,1.));
#10340=CARTESIAN_POINT('Ctrl Pts',(27.8814769429479,41.4227089530619,5.));
#10341=CARTESIAN_POINT('',(27.4558306378637,41.2371701246889,4.));
#10342=CARTESIAN_POINT('Ctrl Pts',(27.6154483002935,41.1375794059427,1.));
#10343=CARTESIAN_POINT('Ctrl Pts',(27.6154483002935,41.1375794059427,5.));
#10344=CARTESIAN_POINT('Ctrl Pts',(27.5935046637805,41.1547775539199,1.));
#10345=CARTESIAN_POINT('Ctrl Pts',(27.5935046637805,41.1547775539199,5.));
#10346=CARTESIAN_POINT('Ctrl Pts',(27.5439038941549,41.1936517567121,1.));
#10347=CARTESIAN_POINT('Ctrl Pts',(27.5439038941549,41.1936517567121,5.));
#10348=CARTESIAN_POINT('Ctrl Pts',(27.4873595001105,41.2215912226825,1.));
#10349=CARTESIAN_POINT('Ctrl Pts',(27.4873595001105,41.2215912226825,5.));
#10350=CARTESIAN_POINT('Ctrl Pts',(27.4558306378637,41.2371701246889,1.));
#10351=CARTESIAN_POINT('Ctrl Pts',(27.4558306378637,41.2371701246889,5.));
#10352=CARTESIAN_POINT('Origin',(26.4203596753393,40.3272110468538,4.));
#10353=CARTESIAN_POINT('Ctrl Pts',(24.0888465089117,40.7801442093046,1.));
#10354=CARTESIAN_POINT('Ctrl Pts',(24.0888465089117,40.7801442093046,5.));
#10355=CARTESIAN_POINT('Ctrl Pts',(24.1246487908823,40.8643519025209,1.));
#10356=CARTESIAN_POINT('Ctrl Pts',(24.1246487908823,40.8643519025209,5.));
#10357=CARTESIAN_POINT('Ctrl Pts',(24.1985734905349,41.0382242951959,1.));
#10358=CARTESIAN_POINT('Ctrl Pts',(24.1985734905349,41.0382242951959,5.));
#10359=CARTESIAN_POINT('Ctrl Pts',(24.207187508156,41.2270873250821,1.));
#10360=CARTESIAN_POINT('Ctrl Pts',(24.207187508156,41.2270873250821,5.));
#10361=CARTESIAN_POINT('Ctrl Pts',(24.2116296929632,41.3244825846346,1.));
#10362=CARTESIAN_POINT('Ctrl Pts',(24.2116296929632,41.3244825846346,5.));
#10363=CARTESIAN_POINT('',(24.2116296929632,41.3244825846346,4.));
#10364=CARTESIAN_POINT('Ctrl Pts',(24.2116296929632,41.3244825846346,1.));
#10365=CARTESIAN_POINT('Ctrl Pts',(24.2116296929632,41.3244825846346,5.));
#10366=CARTESIAN_POINT('Ctrl Pts',(24.2074531412522,41.420468665443,1.));
#10367=CARTESIAN_POINT('Ctrl Pts',(24.2074531412522,41.420468665443,5.));
#10368=CARTESIAN_POINT('Ctrl Pts',(24.1993702466063,41.6062308521339,1.));
#10369=CARTESIAN_POINT('Ctrl Pts',(24.1993702466063,41.6062308521339,5.));
#10370=CARTESIAN_POINT('Ctrl Pts',(24.1289964149627,41.7782049519624,1.));
#10371=CARTESIAN_POINT('Ctrl Pts',(24.1289964149627,41.7782049519624,5.));
#10372=CARTESIAN_POINT('Ctrl Pts',(24.0949857873235,41.8613174802454,1.));
#10373=CARTESIAN_POINT('Ctrl Pts',(24.0949857873235,41.8613174802454,5.));
#10374=CARTESIAN_POINT('',(24.0949857873235,41.8613174802454,4.));
#10375=CARTESIAN_POINT('Ctrl Pts',(24.0949857873235,41.8613174802454,1.));
#10376=CARTESIAN_POINT('Ctrl Pts',(24.0949857873235,41.8613174802454,5.));
#10377=CARTESIAN_POINT('Ctrl Pts',(24.0518932545619,41.935752212336,1.));
#10378=CARTESIAN_POINT('Ctrl Pts',(24.0518932545619,41.935752212336,5.));
#10379=CARTESIAN_POINT('Ctrl Pts',(23.9661543652756,42.0838509859465,1.));
#10380=CARTESIAN_POINT('Ctrl Pts',(23.9661543652756,42.0838509859465,5.));
#10381=CARTESIAN_POINT('Ctrl Pts',(23.825786422289,42.1816859760342,1.));
#10382=CARTESIAN_POINT('Ctrl Pts',(23.825786422289,42.1816859760342,5.));
#10383=CARTESIAN_POINT('Ctrl Pts',(23.755967680863,42.2303489095362,1.));
#10384=CARTESIAN_POINT('Ctrl Pts',(23.755967680863,42.2303489095362,5.));
#10385=CARTESIAN_POINT('',(23.755967680863,42.2303489095362,4.));
#10386=CARTESIAN_POINT('Ctrl Pts',(23.755967680863,42.2303489095362,1.));
#10387=CARTESIAN_POINT('Ctrl Pts',(23.755967680863,42.2303489095362,5.));
#10388=CARTESIAN_POINT('Ctrl Pts',(23.6787704308054,42.268942486214,1.));
#10389=CARTESIAN_POINT('Ctrl Pts',(23.6787704308054,42.268942486214,5.));
#10390=CARTESIAN_POINT('Ctrl Pts',(23.5215611170633,42.3475368623071,1.));
#10391=CARTESIAN_POINT('Ctrl Pts',(23.5215611170633,42.3475368623071,5.));
#10392=CARTESIAN_POINT('Ctrl Pts',(23.3460015199842,42.3575734870876,1.));
#10393=CARTESIAN_POINT('Ctrl Pts',(23.3460015199842,42.3575734870876,5.));
#10394=CARTESIAN_POINT('Ctrl Pts',(23.2566500348364,42.3626816517504,1.));
#10395=CARTESIAN_POINT('Ctrl Pts',(23.2566500348364,42.3626816517504,5.));
#10396=CARTESIAN_POINT('',(23.2566500348364,42.3626816517504,4.));
#10397=CARTESIAN_POINT('Ctrl Pts',(23.2566500348364,42.3626816517504,1.));
#10398=CARTESIAN_POINT('Ctrl Pts',(23.2566500348364,42.3626816517504,5.));
#10399=CARTESIAN_POINT('Ctrl Pts',(23.1232908572574,42.3521154723664,1.));
#10400=CARTESIAN_POINT('Ctrl Pts',(23.1232908572574,42.3521154723664,5.));
#10401=CARTESIAN_POINT('Ctrl Pts',(22.8628421824089,42.3314798665632,1.));
#10402=CARTESIAN_POINT('Ctrl Pts',(22.8628421824089,42.3314798665632,5.));
#10403=CARTESIAN_POINT('Ctrl Pts',(22.663572720003,42.1631175360236,1.));
#10404=CARTESIAN_POINT('Ctrl Pts',(22.663572720003,42.1631175360236,5.));
#10405=CARTESIAN_POINT('Ctrl Pts',(22.5663364571844,42.0809628314169,1.));
#10406=CARTESIAN_POINT('Ctrl Pts',(22.5663364571844,42.0809628314169,5.));
#10407=CARTESIAN_POINT('',(22.5663364571844,42.0809628314169,4.));
#10408=CARTESIAN_POINT('Ctrl Pts',(22.5663364571844,42.0809628314169,1.));
#10409=CARTESIAN_POINT('Ctrl Pts',(22.5663364571844,42.0809628314169,5.));
#10410=CARTESIAN_POINT('Ctrl Pts',(22.4884445676321,41.9729921941217,1.));
#10411=CARTESIAN_POINT('Ctrl Pts',(22.4884445676321,41.9729921941217,5.));
#10412=CARTESIAN_POINT('Ctrl Pts',(22.3211511476384,41.7410967134004,1.));
#10413=CARTESIAN_POINT('Ctrl Pts',(22.3211511476384,41.7410967134004,5.));
#10414=CARTESIAN_POINT('Ctrl Pts',(22.3066767746585,41.4544656396951,1.));
#10415=CARTESIAN_POINT('Ctrl Pts',(22.3066767746585,41.4544656396951,5.));
#10416=CARTESIAN_POINT('Ctrl Pts',(22.2989416760717,41.3012901193293,1.));
#10417=CARTESIAN_POINT('Ctrl Pts',(22.2989416760717,41.3012901193293,5.));
#10418=CARTESIAN_POINT('Ctrl Pts',(23.8562405747686,41.7521769053133,1.));
#10419=CARTESIAN_POINT('Ctrl Pts',(23.8562405747686,41.7521769053133,5.));
#10420=CARTESIAN_POINT('Ctrl Pts',(23.8802966321091,41.6869767620861,1.));
#10421=CARTESIAN_POINT('Ctrl Pts',(23.8802966321091,41.6869767620861,5.));
#10422=CARTESIAN_POINT('Ctrl Pts',(23.9310219360004,41.5494938390889,1.));
#10423=CARTESIAN_POINT('Ctrl Pts',(23.9310219360004,41.5494938390889,5.));
#10424=CARTESIAN_POINT('Ctrl Pts',(23.9361050313203,41.4029129148447,1.));
#10425=CARTESIAN_POINT('Ctrl Pts',(23.9361050313203,41.4029129148447,5.));
#10426=CARTESIAN_POINT('Ctrl Pts',(23.9387775105749,41.3258467859419,1.));
#10427=CARTESIAN_POINT('Ctrl Pts',(23.9387775105749,41.3258467859419,5.));
#10428=CARTESIAN_POINT('',(23.9387775105749,41.3258467859419,4.));
#10429=CARTESIAN_POINT('Ctrl Pts',(23.9387775105749,41.3258467859419,1.));
#10430=CARTESIAN_POINT('Ctrl Pts',(23.9387775105749,41.3258467859419,5.));
#10431=CARTESIAN_POINT('Ctrl Pts',(23.9337721889564,41.2080339396791,1.));
#10432=CARTESIAN_POINT('Ctrl Pts',(23.9337721889564,41.2080339396791,5.));
#10433=CARTESIAN_POINT('Ctrl Pts',(23.9245298393524,40.9904919721514,1.));
#10434=CARTESIAN_POINT('Ctrl Pts',(23.9245298393524,40.9904919721514,5.));
#10435=CARTESIAN_POINT('Ctrl Pts',(23.8019369641092,40.811652959152,1.));
#10436=CARTESIAN_POINT('Ctrl Pts',(23.8019369641092,40.811652959152,5.));
#10437=CARTESIAN_POINT('Ctrl Pts',(23.7457359475408,40.7296666747721,1.));
#10438=CARTESIAN_POINT('Ctrl Pts',(23.7457359475408,40.7296666747721,5.));
#10439=CARTESIAN_POINT('',(23.7457359475408,40.7296666747721,4.));
#10440=CARTESIAN_POINT('Ctrl Pts',(23.7457359475408,40.7296666747721,1.));
#10441=CARTESIAN_POINT('Ctrl Pts',(23.7457359475408,40.7296666747721,5.));
#10442=CARTESIAN_POINT('Ctrl Pts',(23.6763457135992,40.6683917354734,1.));
#10443=CARTESIAN_POINT('Ctrl Pts',(23.6763457135992,40.6683917354734,5.));
#10444=CARTESIAN_POINT('Ctrl Pts',(23.5357221036125,40.5442142730782,1.));
#10445=CARTESIAN_POINT('Ctrl Pts',(23.5357221036125,40.5442142730782,5.));
#10446=CARTESIAN_POINT('Ctrl Pts',(23.3486721401712,40.5278570086574,1.));
#10447=CARTESIAN_POINT('Ctrl Pts',(23.3486721401712,40.5278570086574,5.));
#10448=CARTESIAN_POINT('Ctrl Pts',(23.2539213341985,40.5195711797865,1.));
#10449=CARTESIAN_POINT('Ctrl Pts',(23.2539213341985,40.5195711797865,5.));
#10450=CARTESIAN_POINT('',(23.2539213341985,40.5195711797865,4.));
#10451=CARTESIAN_POINT('Ctrl Pts',(23.2539213341985,40.5195711797865,1.));
#10452=CARTESIAN_POINT('Ctrl Pts',(23.2539213341985,40.5195711797865,5.));
#10453=CARTESIAN_POINT('Ctrl Pts',(23.1605487105005,40.5279444020837,1.));
#10454=CARTESIAN_POINT('Ctrl Pts',(23.1605487105005,40.5279444020837,5.));
#10455=CARTESIAN_POINT('Ctrl Pts',(22.9753619409364,40.5445510896399,1.));
#10456=CARTESIAN_POINT('Ctrl Pts',(22.9753619409364,40.5445510896399,5.));
#10457=CARTESIAN_POINT('Ctrl Pts',(22.8355278297937,40.6669405601106,1.));
#10458=CARTESIAN_POINT('Ctrl Pts',(22.8355278297937,40.6669405601106,5.));
#10459=CARTESIAN_POINT('Ctrl Pts',(22.7661991757665,40.7276202983053,1.));
#10460=CARTESIAN_POINT('Ctrl Pts',(22.7661991757665,40.7276202983053,5.));
#10461=CARTESIAN_POINT('',(22.7661991757665,40.7276202983053,4.));
#10462=CARTESIAN_POINT('Ctrl Pts',(22.7661991757665,40.7276202983053,1.));
#10463=CARTESIAN_POINT('Ctrl Pts',(22.7661991757665,40.7276202983053,5.));
#10464=CARTESIAN_POINT('Ctrl Pts',(22.7095634880062,40.8069017903745,1.));
#10465=CARTESIAN_POINT('Ctrl Pts',(22.7095634880062,40.8069017903745,5.));
#10466=CARTESIAN_POINT('Ctrl Pts',(22.5882872257684,40.9766704186547,1.));
#10467=CARTESIAN_POINT('Ctrl Pts',(22.5882872257684,40.9766704186547,5.));
#10468=CARTESIAN_POINT('Ctrl Pts',(22.5775275842707,41.1857548181922,1.));
#10469=CARTESIAN_POINT('Ctrl Pts',(22.5775275842707,41.1857548181922,5.));
#10470=CARTESIAN_POINT('Ctrl Pts',(22.5717926663671,41.2971973663958,1.));
#10471=CARTESIAN_POINT('Ctrl Pts',(22.5717926663671,41.2971973663958,5.));
#10472=CARTESIAN_POINT('Origin',(18.657740418366,42.3272110766561,4.));
#10473=CARTESIAN_POINT('',(18.657740418366,42.3272110766561,4.));
#10474=CARTESIAN_POINT('',(18.657740418366,40.3272110468538,4.));
#10475=CARTESIAN_POINT('Origin',(20.103851620606,42.3272110766561,4.));
#10476=CARTESIAN_POINT('',(20.103851620606,42.3272110766561,4.));
#10477=CARTESIAN_POINT('Origin',(20.103851620606,42.0911947137506,4.));
#10478=CARTESIAN_POINT('',(20.103851620606,42.0911947137506,4.));
#10479=CARTESIAN_POINT('Origin',(18.9224064988409,42.0911947137506,4.));
#10480=CARTESIAN_POINT('',(18.9224064988409,42.0911947137506,4.));
#10481=CARTESIAN_POINT('Origin',(18.9224064988409,41.4786434418352,4.));
#10482=CARTESIAN_POINT('Origin',(18.657740418366,40.3272110468538,4.));
#10483=CARTESIAN_POINT('Origin',(18.2252717656408,40.3272110468538,4.));
#10484=CARTESIAN_POINT('',(18.2252717656408,42.3272110766561,4.));
#10485=CARTESIAN_POINT('Origin',(18.2252717656408,42.3272110766561,4.));
#10486=CARTESIAN_POINT('',(17.86920077031,42.3272110766561,4.));
#10487=CARTESIAN_POINT('Origin',(17.86920077031,42.3272110766561,4.));
#10488=CARTESIAN_POINT('',(17.3903465909277,40.9356694168241,4.));
#10489=CARTESIAN_POINT('Ctrl Pts',(17.3903465909277,40.9356694168241,1.));
#10490=CARTESIAN_POINT('Ctrl Pts',(17.3903465909277,40.9356694168241,5.));
#10491=CARTESIAN_POINT('Ctrl Pts',(17.3692075124569,40.8737823676995,1.));
#10492=CARTESIAN_POINT('Ctrl Pts',(17.3692075124569,40.8737823676995,5.));
#10493=CARTESIAN_POINT('Ctrl Pts',(17.3328092902188,40.7672224450042,1.));
#10494=CARTESIAN_POINT('Ctrl Pts',(17.3328092902188,40.7672224450042,5.));
#10495=CARTESIAN_POINT('Ctrl Pts',(17.2983716373488,40.6600139279183,1.));
#10496=CARTESIAN_POINT('Ctrl Pts',(17.2983716373488,40.6600139279183,5.));
#10497=CARTESIAN_POINT('Ctrl Pts',(17.2839344186102,40.6150691455992,1.));
#10498=CARTESIAN_POINT('Ctrl Pts',(17.2839344186102,40.6150691455992,5.));
#10499=CARTESIAN_POINT('',(17.2839344186102,40.6150691455992,4.));
#10500=CARTESIAN_POINT('Ctrl Pts',(17.2839344186102,40.6150691455992,1.));
#10501=CARTESIAN_POINT('Ctrl Pts',(17.2839344186102,40.6150691455992,5.));
#10502=CARTESIAN_POINT('Ctrl Pts',(17.2710635890817,40.6561393856347,1.));
#10503=CARTESIAN_POINT('Ctrl Pts',(17.2710635890817,40.6561393856347,5.));
#10504=CARTESIAN_POINT('Ctrl Pts',(17.2400552283832,40.7550856745415,1.));
#10505=CARTESIAN_POINT('Ctrl Pts',(17.2400552283832,40.7550856745415,5.));
#10506=CARTESIAN_POINT('Ctrl Pts',(17.2074866137682,40.8535301967012,1.));
#10507=CARTESIAN_POINT('Ctrl Pts',(17.2074866137682,40.8535301967012,5.));
#10508=CARTESIAN_POINT('Ctrl Pts',(17.1884364527975,40.9111127502115,1.));
#10509=CARTESIAN_POINT('Ctrl Pts',(17.1884364527975,40.9111127502115,5.));
#10510=CARTESIAN_POINT('',(17.1884364527975,40.9111127502115,4.));
#10511=CARTESIAN_POINT('Origin',(17.1884364527975,40.9111127502115,4.));
#10512=CARTESIAN_POINT('',(16.7150396746908,42.3272110766561,4.));
#10513=CARTESIAN_POINT('Origin',(16.7150396746908,42.3272110766561,4.));
#10514=CARTESIAN_POINT('',(16.3166767997061,42.3272110766561,4.));
#10515=CARTESIAN_POINT('Origin',(16.3166767997061,42.3272110766561,4.));
#10516=CARTESIAN_POINT('Origin',(12.7423251313482,42.3272110766561,4.));
#10517=CARTESIAN_POINT('',(12.7423251313482,42.3272110766561,4.));
#10518=CARTESIAN_POINT('',(12.7423251313482,40.3272110468538,4.));
#10519=CARTESIAN_POINT('Origin',(13.0069906157766,42.3272110766561,4.));
#10520=CARTESIAN_POINT('Origin',(12.7423251313482,40.3272110468538,4.));
#10521=CARTESIAN_POINT('Ctrl Pts',(9.53222936814172,40.87427797381,1.));
#10522=CARTESIAN_POINT('Ctrl Pts',(9.53222936814172,40.87427797381,5.));
#10523=CARTESIAN_POINT('Ctrl Pts',(9.51244413319484,40.8198958560852,1.));
#10524=CARTESIAN_POINT('Ctrl Pts',(9.51244413319484,40.8198958560852,5.));
#10525=CARTESIAN_POINT('Ctrl Pts',(9.47314106830343,40.7118666157145,1.));
#10526=CARTESIAN_POINT('Ctrl Pts',(9.47314106830343,40.7118666157145,5.));
#10527=CARTESIAN_POINT('Ctrl Pts',(9.44060867191277,40.6016097535625,1.));
#10528=CARTESIAN_POINT('Ctrl Pts',(9.44060867191277,40.6016097535625,5.));
#10529=CARTESIAN_POINT('Ctrl Pts',(9.42445314352853,40.5468563980253,1.));
#10530=CARTESIAN_POINT('Ctrl Pts',(9.42445314352853,40.5468563980253,5.));
#10531=CARTESIAN_POINT('',(9.42445314352853,40.5468563980253,4.));
#10532=CARTESIAN_POINT('Ctrl Pts',(9.42445314352853,40.5468563980253,1.));
#10533=CARTESIAN_POINT('Ctrl Pts',(9.42445314352853,40.5468563980253,5.));
#10534=CARTESIAN_POINT('Ctrl Pts',(9.40912061929707,40.5997581129902,1.));
#10535=CARTESIAN_POINT('Ctrl Pts',(9.40912061929707,40.5997581129902,5.));
#10536=CARTESIAN_POINT('Ctrl Pts',(9.37720117067343,40.7098895921537,1.));
#10537=CARTESIAN_POINT('Ctrl Pts',(9.37720117067343,40.7098895921537,5.));
#10538=CARTESIAN_POINT('Ctrl Pts',(9.33916881486744,40.8180647900992,1.));
#10539=CARTESIAN_POINT('Ctrl Pts',(9.33916881486744,40.8180647900992,5.));
#10540=CARTESIAN_POINT('Ctrl Pts',(9.31940532152993,40.87427797381,1.));
#10541=CARTESIAN_POINT('Ctrl Pts',(9.31940532152993,40.87427797381,5.));
#10542=CARTESIAN_POINT('',(9.31940532152993,40.87427797381,4.));
#10543=CARTESIAN_POINT('Origin',(9.31940532152993,40.87427797381,4.));
#10544=CARTESIAN_POINT('',(8.79962361281259,42.3272110766561,4.));
#10545=CARTESIAN_POINT('Origin',(8.79962361281259,42.3272110766561,4.));
#10546=CARTESIAN_POINT('',(8.51312978988034,42.3272110766561,4.));
#10547=CARTESIAN_POINT('Origin',(8.51312978988034,42.3272110766561,4.));
#10548=UNCERTAINTY_MEASURE_WITH_UNIT(LENGTH_MEASURE(0.01),#10552,
'DISTANCE_ACCURACY_VALUE',
'Maximum model space distance between geometric entities at asserted c
onnectivities');
#10549=UNCERTAINTY_MEASURE_WITH_UNIT(LENGTH_MEASURE(0.01),#10552,
'DISTANCE_ACCURACY_VALUE',
'Maximum model space distance between geometric entities at asserted c
onnectivities');
#10550=(
GEOMETRIC_REPRESENTATION_CONTEXT(3)
GLOBAL_UNCERTAINTY_ASSIGNED_CONTEXT((#10548))
GLOBAL_UNIT_ASSIGNED_CONTEXT((#10552,#10554,#10555))
REPRESENTATION_CONTEXT('','3D')
);
#10551=(
GEOMETRIC_REPRESENTATION_CONTEXT(3)
GLOBAL_UNCERTAINTY_ASSIGNED_CONTEXT((#10549))
GLOBAL_UNIT_ASSIGNED_CONTEXT((#10552,#10554,#10555))
REPRESENTATION_CONTEXT('','3D')
);
#10552=(
LENGTH_UNIT()
NAMED_UNIT(*)
SI_UNIT(.MILLI.,.METRE.)
);
#10553=(
LENGTH_UNIT()
NAMED_UNIT(*)
SI_UNIT($,.METRE.)
);
#10554=(
NAMED_UNIT(*)
PLANE_ANGLE_UNIT()
SI_UNIT($,.RADIAN.)
);
#10555=(
NAMED_UNIT(*)
SI_UNIT($,.STERADIAN.)
SOLID_ANGLE_UNIT()
);
#10556=SHAPE_DEFINITION_REPRESENTATION(#10557,#10558);
#10557=PRODUCT_DEFINITION_SHAPE('',$,#10560);
#10558=SHAPE_REPRESENTATION('',(#5456),#10550);
#10559=PRODUCT_DEFINITION_CONTEXT('part definition',#10564,'design');
#10560=PRODUCT_DEFINITION('Top','Top v3',#10561,#10559);
#10561=PRODUCT_DEFINITION_FORMATION('',$,#10566);
#10562=PRODUCT_RELATED_PRODUCT_CATEGORY('Top v3','Top v3',(#10566));
#10563=APPLICATION_PROTOCOL_DEFINITION('international standard',
'automotive_design',2009,#10564);
#10564=APPLICATION_CONTEXT(
'Core Data for Automotive Mechanical Design Process');
#10565=PRODUCT_CONTEXT('part definition',#10564,'mechanical');
#10566=PRODUCT('Top','Top v3',$,(#10565));
#10567=PRESENTATION_STYLE_ASSIGNMENT((#10568));
#10568=SURFACE_STYLE_USAGE(.BOTH.,#10569);
#10569=SURFACE_SIDE_STYLE('',(#10570));
#10570=SURFACE_STYLE_FILL_AREA(#10571);
#10571=FILL_AREA_STYLE('Steel - Satin',(#10572));
#10572=FILL_AREA_STYLE_COLOUR('Steel - Satin',#10573);
#10573=COLOUR_RGB('Steel - Satin',0.627450980392157,0.627450980392157,0.627450980392157);
ENDSEC;
END-ISO-10303-21;
